call_id,run_id,date,timestamp,ticker,title,source,direction,confidence,confidence_rank,flag_path,time_horizon,horizon_rank,category,pre_scoring_era,market_price,our_estimate,edge,net_edge,net_edge_after_fee,ev_after_fee_per_contract,base_rate,leviathan_score,lv_band,sig_edge,sig_drift,sig_br_none,watchlist_signal,short_horizon,confidence_downgraded,second_pass,whale_detected,whale_direction,whale_max_trade_size,heuristic_label,heuristic_direction,ob_flag,ob_imbalance,ob_direction,spread_wide,spread_pct,ext_estimate,ext_edge,ext_n_signals,ext_alpha,confluence_count,poly_price,poly_price_gap,consensus_gap,consensus_dir,smart_money_count,smart_money_dir,result,is_resolved,is_win,pnl_if_traded,pnl_scaled,resolved_at,days_to_resolution,brier_scorer,brier_market,market_drift_pp,close_time,volume,open_interest,event_ticker,series_ticker,kalshi_url
ce2bd662,b0e57970,2026-05-23,2026-05-23T05:53:25.273270+00:00,KXTAIWANLVL4-26JUL01,"Will the U.S. State Department issue a Level 4 warning for Taiwan before Jul 1, 2026?",paper,NO,HIGH,0,,,0,,1,0.027,0.015,-0.012,,,,,,Unscored,0,0,0,0,0,0,0,0,,,,,0,,,0,,,,,,,,,,,0,,WIN,1,1,0.027,0.27,,,0.0002,0.0007,2.6,,,,,,
693bf4f9,eb732075,2026-05-23,2026-05-23T06:04:53.057812+00:00,KXUSAEXPANDTERRITORY-26JUL01,"Will the United States acquire any territory not under its sovereignty (as of Issuance) before Jul 1, 2026?",paper,NO,MED,1,,,0,,1,0.036,0.025,-0.011,,,,,,Unscored,0,0,0,0,0,0,0,0,,,,,0,,,0,,,,,,,,,,,0,,WIN,1,1,0.036,0.36,,,0.0006,0.0013,3.3,,,,,,
08fc1016,fdd87c88,2026-05-23,2026-05-23T06:20:27.434832+00:00,KXIMPEACHCABINET-26JUL01,"Will any member of the Cabinet (defined as: the Vice President, Secretary of State, Secretary of the Treasury, Secretary of Defense, Attorney General, Secretary of the Interior, Secretary of Agriculture, Secretary of Commerce, Secretary of Labor, Secretary of Health and Human Services, Secretary of Housing and Urban Development, Secretary of Transportation, Secretary of Energy, Secretary of Education, Secretary of Veterans Affairs, Secretary of Homeland Security, Administrator of the Environmental Protection Agency, Director of the Office of Management and Budget, Director of National Intelligence, Trade Representative, Administrator of the Small Business Administration, White House Chief of Staff) be impeached before Jul 1, 2026?",paper,YES,MED,1,,,0,,1,0.016,0.04,0.024,,,,,,Unscored,0,0,0,0,0,0,0,0,,,,,0,,,0,,,,,,,,,,,0,,LOSS,1,0,-0.016,-0.16,,,0.0016,0.0003,-1.0,,,,,,
57cf7f12,475f5079,2026-05-23,2026-05-23T22:28:24.962840+00:00,KXZELENSKYPUTIN-29-26JUL,"Volodymyr Zelenskyy and Vladimir Putin meet before Jul 1, 2026?",paper,YES,MED,1,,,0,,1,0.043,0.07,0.027,,,,,,Unscored,0,0,0,0,0,0,0,0,,,,,0,,,0,,,,,,,,,,,0,,LOSS,1,0,-0.043,-0.43,,,0.0049,0.0018,-3.7,,,,,,
5dadd24d,5757a02d,2026-05-29,2026-05-29T20:13:50.864878+00:00,KXTVSEASONRELEASETHELASTOFUS-26-JUL,"When will ""The Last of Us"" Season 3 be released?",paper,NO,HIGH,0,,,0,,1,0.005,0.002,0.003,,,,,,Unscored,0,0,0,0,0,0,0,0,,,,,0,,,0,,,,,,,,,,,0,,WIN,1,1,0.005,0.05,,,0.0,0.0,-0.5,,,,,,
16007ee0,5757a02d,2026-05-29,2026-05-29T20:13:50.866576+00:00,KXTVSEASONRELEASETHELASTOFUS-26-OCT,"When will ""The Last of Us"" Season 3 be released?",paper,NO,HIGH,0,,,0,,1,0.045,0.005,0.04,,,,,,Unscored,0,0,0,0,0,0,0,0,,,,,0,,,0,,,,,,,,,,,0,,,0,,,,,,,,,,,,,,
50192635,62b0fe1f,2026-05-29,2026-05-29T20:34:24.700662+00:00,KXALBUMRELEASEDATEBEY-NEW-JUN01-26,"Will Beyonce release new album before Jun 1, 2026?",paper,YES,LOW,2,,,0,,1,0.025,0.1,0.075,,,,,,Unscored,0,0,0,0,0,0,0,0,,,,,0,,,0,,,,,,,,,,,0,,LOSS,1,0,-0.025,-0.25,,,0.01,0.0006,-1.5,,,,,,
7e6b08db,62b0fe1f,2026-05-29,2026-05-29T20:34:24.709056+00:00,KXCABLEAVE-26MAY22-26JUN,Will any member of Trump's Cabinet leave before Jun 2026?,paper,YES,LOW,2,,,0,,1,0.045,0.15,0.105,,,,,,Unscored,0,0,0,0,0,0,0,0,,,,,0,,,0,,,,,,,,,,,0,,LOSS,1,0,-0.045,-0.45,,,0.0225,0.002,-2.5,,,,,,
0d103067,,2026-06-03,2026-06-03T02:51:47.408801Z,KXIMPEACHCABINET-27JAN01,"Will any member of the Cabinet (defined as: the Vice President, Secretary of State, Secretary of the Treasury, Secretary of Defense, Attorney General, Secretary of the Interior, Secretary of Agriculture, Secretary of Commerce, Secretary of Labor, Secretary of Health and Human Services, Secretary of Housing and Urban Development, Secretary of Transportation, Secretary of Energy, Secretary of Education, Secretary of Veterans Affairs, Secretary of Homeland Security, Administrator of the Environmental Protection Agency, Director of the Office of Management and Budget, Director of National Intelligence, Trade Representative, Administrator of the Small Business Administration, White House Chief of Staff) be impeached before Jan 1, 2027?",real_fill,YES,,0,,,0,,1,0.085,,,,,,,,Unscored,0,0,0,0,0,0,0,0,,,,,0,,,0,,,,,,,,,,,0,,,0,,,,,,,,,,,,,,
19f08ca4,,2026-05-29,2026-05-29T20:24:30.545029Z,KXTVSEASONRELEASETHELASTOFUS-27-JUL,"When will ""The Last of Us"" Season 3 be released?",real_fill,NO,,0,,,0,,1,0.2,,,,,,,,Unscored,0,0,0,0,0,0,0,0,,,,,0,,,0,,,,,,,,,,,0,,,0,,,,,,,,,,,,,,
a8a0b84b,,2026-05-29,2026-05-29T20:21:29.863756Z,KXMEDIARELEASEPRISONBREAK-30JAN01-27JUL01,"Will A New Season of Prison Break be released Worldwide before Jan 1, 2030?",real_fill,YES,,0,,,0,,1,0.57,,,,,,,,Unscored,0,0,0,0,0,0,0,0,,,,,0,,,0,,,,,,,,,,,0,,,0,,,,,,,,,,,,,,
43caae28,,2026-04-13,2026-04-13T02:08:40.195084Z,KXAAAGASD-26APR13-4.125,"Will the AAA national average gas price reach $4.125 per gallon by April 13, 2026?",real_fill,YES,,0,,,0,,1,0.2,,,,,,,,Unscored,0,0,0,0,0,0,0,0,,,,,0,,,0,,,,,,,,,,,0,,LOSS,1,0,-0.73,-7.3,,,,0.04,,,,,,,
b3b1c6ea,,2026-04-13,2026-04-13T02:06:31.310184Z,KXAILEGISLATION-27-JAN01,"Will Congress pass major AI legislation by January 1, 2027?",real_fill,YES,,0,,,0,,1,0.23,,,,,,,,Unscored,0,0,0,0,0,0,0,0,,,,,0,,,0,,,,,,,,,,,0,,,0,,,,,,,,,,,,,,
1ca190de,,2026-04-13,2026-04-13T02:05:37.457599Z,KXUSTAKEOVER-30,,real_fill,YES,,0,,,0,,1,0.41,,,,,,,,Unscored,0,0,0,0,0,0,0,0,,,,,0,,,0,,,,,,,,,,,0,,,0,,,,,,,,,,,,,,
1fd912e3,,2026-06-16,2026-06-16T21:47:51.063420+00:00,KXNEXTDNCCHAIR-45-FSHA,Will Faiz Shakir be the next Chair of the Democratic National Committee?,research_probe,NO,LOW,2,,,0,,1,0.195,,,,,,,,Unscored,0,0,0,0,0,0,0,0,,,,,0,,,0,,,,,,,,,,,0,,,0,,,,,,,,,,,,,,
67648f85,,2026-06-16,2026-06-16T21:49:04.796648+00:00,KXVPRESNOMR-28-MR,Will Marco Rubio be the nominee for the Vice Presidency for the Republican party?,research_probe,NO,LOW,2,,,0,,1,0.255,,,,,,,,Unscored,0,0,0,0,0,0,0,0,,,,,0,,,0,,,,,,,,,,,0,,,0,,,,,,,,,,,,,,
142ab704,,2026-06-16,2026-06-16T21:51:23.846932+00:00,KXXISUCCESSOR-45JAN01-LXI,"Will Li Xi become the next leader of the Chinese Communist Party (CCP) before Jan 1, 2045?",research_probe,NO,MED,1,,,0,,1,0.165,,,,,,,,Unscored,0,0,0,0,0,0,0,0,,,,,0,,,0,,,,,,,,,,,0,,,0,,,,,,,,,,,,,,
03724f81,,2026-06-16,2026-06-16T21:54:54.049353+00:00,BEYONCEGENRE-30-TGA,Where will the next Beyonce album chart?,research_probe,NO,LOW,2,,,0,,1,0.21,,,,,,,,Unscored,0,0,0,0,0,0,0,0,,,,,0,,,0,,,,,,,,,,,0,,,0,,,,,,,,,,,,,,
6ef588cb,,2026-06-16,2026-06-16T23:31:29.194716+00:00,KXIPOFANNIE-27JUN01,When will Fannie Mae officially announce an IPO?,research_probe,NO,MED,1,,,0,,1,0.19,,,,,,,,Unscored,0,0,0,0,0,0,0,0,,,,,0,,,0,,,,,,,,,,,0,,,0,,,,,,,,,,,,,,
44a3f34f,,2026-06-16,2026-06-16T23:32:45.607801+00:00,KXUSAEXPANDTERRITORY-27JAN01,"Will the United States acquire any territory not under its sovereignty (as of Issuance) before Jan 1, 2027?",research_probe,NO,MED,1,,,0,,1,0.085,,,,,,,,Unscored,0,0,0,0,0,0,0,0,,,,,0,,,0,,,,,,,,,,,0,,,0,,,,,,,,,,,,,,
917b3091,,2026-06-16,2026-06-16T23:34:10.586893+00:00,KXTVSEASONRELEASETHELASTOFUS-27-APR,"When will ""The Last of Us"" Season 3 be released?",research_probe,YES,LOW,2,,,0,,1,0.145,,,,,,,,Unscored,0,0,0,0,0,0,0,0,,,,,0,,,0,,,,,,,,,,,0,,,0,,,,,,,,,,,,,,
d55c5684,,2026-06-16,2026-06-16T23:34:40.000433+00:00,KXTAIWANLVL4-27JAN01,"Will the U.S. State Department issue a Level 4 warning for Taiwan before Jan 1, 2027?",research_probe,NO,MED,1,,,0,,1,0.092,,,,,,,,Unscored,0,0,0,0,0,0,0,0,,,,,0,,,0,,,,,,,,,,,0,,,0,,,,,,,,,,,,,,
f22722ad,,2026-06-16,2026-06-16T23:35:15.230350+00:00,KXMEDIARELEASEPRISONBREAK-30JAN01-26JUL01,"Will A New Season of Prison Break be released Worldwide before Jan 1, 2030?",research_probe,YES,HIGH,0,,,0,,1,0.055,,,,,,,,Unscored,0,0,0,0,0,0,0,0,,,,,0,,,0,,,,,,,,,,,0,,LOSS,1,0,-0.055,-0.55,,,,0.003,,,,,,,
8628e71e,,2026-06-16,2026-06-16T23:37:33.032652+00:00,KXGREENTERRITORY-29-27,"Will the United States acquire any part of Greenland before Jan 1, 2027?",research_probe,NO,HIGH,0,,,0,,1,0.089,,,,,,,,Unscored,0,0,0,0,0,0,0,0,,,,,0,,,0,,,,,,,,,,,0,,,0,,,,,,,,,,,,,,
19a63705,9ede3f59,2026-06-19,2026-06-19T03:32:39.499875+00:00,KXCABLEAVE-26MAY22-26JUL,Will any member of Trump's Cabinet leave before Jul 2026?,paper,YES,MED,1,DRIFT,MONTHLY,2,,1,0.10500000000000001,0.65,0.545,0.51,,,0.65,,Unscored,1,1,0,0,0,0,0,0,,,cabinet departure,YES,0,,,0,,,,,,,,,,,0,,LOSS,1,0,-0.105,-1.05,,,0.4225,0.011,-8.5,2026-07-02T03:59:00Z,,,,,
1c76703f,d39679ff,2026-06-22,2026-06-22T03:03:31.449010+00:00,KXLAKECONF-26MAY12-SEP01,"Will Kari Lake be confirmed as Ambassador to Jamaica before Sep 1, 2026?",paper,YES,MED,1,HEURISTIC,QUARTERLY,3,,0,0.165,0.38,0.215,0.37,,,0.55,65,B,1,0,0,0,0,0,0,0,,,,YES,0,,,0,,,,,,,,,,,0,,LOSS,1,0,-0.165,-1.65,2026-09-01T22:09:33.371974+00:00,71.8,0.1444,0.0272,-15.5,2026-09-01T03:59:00Z,,,,,
c7bb4c4b,d39679ff,2026-06-22,2026-06-22T03:03:31.458516+00:00,KXIPOCANVA-DATE-26OCT01,When will Canva officially announce an IPO?,paper,YES,MED,1,HEURISTIC,LONG,4,,0,0.05,0.22,0.17,0.2,,,0.25,65,B,1,0,0,0,0,0,0,0,,,,YES,0,,,0,,,,,,,,,,,0,,,0,,,,,,,,,2026-10-01T03:59:00Z,,,,,
b9072b2e,d39679ff,2026-06-22,2026-06-22T03:03:31.468285+00:00,KXIPOOURA-26OCT01,When will Oura Health Oy officially announce an IPO?,paper,YES,MED,1,DRIFT,LONG,4,,0,0.42,0.55,0.13,0.13,,,0.25,60,B,1,1,0,0,0,0,0,0,,,,NO,0,,,0,,,,,,,,,,,0,,,0,,,,,,,,,2026-10-01T03:59:00Z,,,,,
fcd6dbc8,,2026-05-23,2026-05-23T02:51:11.049612Z,KXIMPEACHCABINET-26JUL01,"Will any member of the Cabinet (defined as: the Vice President, Secretary of State, Secretary of the Treasury, Secretary of Defense, Attorney General, Secretary of the Interior, Secretary of Agriculture, Secretary of Commerce, Secretary of Labor, Secretary of Health and Human Services, Secretary of Housing and Urban Development, Secretary of Transportation, Secretary of Energy, Secretary of Education, Secretary of Veterans Affairs, Secretary of Homeland Security, Administrator of the Environmental Protection Agency, Director of the Office of Management and Budget, Director of National Intelligence, Trade Representative, Administrator of the Small Business Administration, White House Chief of Staff) be impeached before Jul 1, 2026?",real_fill,NO,,0,,,0,,1,,,,,,,,,Unscored,0,0,0,0,0,0,0,0,,,,,0,,,0,,,,,,,,,,,0,,WIN,1,1,0.0,0.0,,,,,,,,,,,
d5a856d8,09d6445d,2026-06-25,2026-06-25T11:13:11.233626+00:00,KXMLBDEBUT-FARIAS-26NOV01,"Will Franklin Arias play in a game for any team in the MLB before Nov 1, 2026?",paper,NO,MED,1,DRIFT,LONG,4,,0,0.485,0.25,0.235,0.05,,,0.35,52,C,1,1,0,0,0,0,0,0,,,,NO,0,,,0,,,,,,,,,,,0,,,0,,,,,,,,,2026-11-01T04:59:00Z,,,,,
ad083472,4db58d26,2026-06-29,2026-06-29T11:10:44.333430+00:00,KXMLBDEBUT-KANDERSON-26NOV01,"Will Kade Anderson play in a game for any team in the MLB before Nov 1, 2026?",superseded_paper,NO,MED,1,DRIFT,LONG,4,,0,0.695,0.5,0.195,0.23,,,0.35,60,B,1,1,0,0,0,0,0,0,,,,NO,0,,,0,,,,,,,,,,,0,,LOSS,1,0,-0.305,-3.05,2026-08-23T22:36:16.735097+00:00,55.48,0.25,0.093,-29.5,2026-11-01T04:59:00Z,,,,,
ba41c5b1,9b2ae093,2026-06-30,2026-06-30T23:23:21.411481+00:00,KXNBARETIRE-DGREEN23-2627,Will Draymond Green announce his retirement before the 2026-27 NBA season?,paper,PASS,LOW,2,HEURISTIC,LONG,4,,0,0.07,0.06,-0.01,0.2,,,0.3,55,B,0,0,0,0,0,0,0,0,,,,YES,0,,,0,,,,,,,,,,,0,,,0,,,,,,,,,2026-11-15T04:59:00Z,,,,,
6712478b,9b2ae093,2026-06-30,2026-06-30T23:23:21.422118+00:00,KXAGICO-COMP-26Q3,"Will any company announce that it has achieved Artificial General Intelligence (AGI) before Oct 1, 2026?",paper,PASS,LOW,2,HEURISTIC,LONG,4,,0,0.06,0.05,-0.01,0.18,,,0.25,55,B,0,0,0,0,0,0,0,0,,,,YES,0,,,0,,,,,,,,,,,0,,,0,,,,,,,,,2026-10-01T03:59:00Z,,,,,
5ae1c652,9b2ae093,2026-06-30,2026-06-30T23:23:21.440941+00:00,KXMLBDEBUT-SWALCOTT-26NOV01,"Will Sebastian Walcott play in a game for any team in the MLB before Nov 1, 2026?",paper,PASS,MED,1,HEURISTIC,LONG,4,,0,0.055,0.05,-0.005,0.29,,,0.35,65,B,0,0,0,0,0,0,0,0,,,,YES,0,,,0,,,,,,,,,,,0,,,0,,,,,,,,,2026-11-01T04:59:00Z,,,,,
859d9844,9b2ae093,2026-06-30,2026-06-30T23:23:21.449010+00:00,KXTVSEASONRELEASETHELASTOFUS-26-OCT,"When will ""The Last of Us"" Season 3 be released?",paper,PASS,MED,1,DRIFT,LONG,4,,0,0.05,0.02,-0.03,0.18,,,0.25,60,B,0,0,0,0,0,0,0,0,,,,YES,0,,,0,,,,,,,,,,,0,,,0,,,,,,,,,2026-10-01T14:00:00Z,,,,,
f26758a7,9b2ae093,2026-06-30,2026-06-30T23:23:21.460806+00:00,KXMLBDEBUT-FARIAS-26NOV01,"Will Franklin Arias play in a game for any team in the MLB before Nov 1, 2026?",paper,PASS,LOW,2,DRIFT,LONG,4,,0,0.375,0.33,-0.045,-0.15,,,0.35,32,D,0,0,0,0,0,0,0,0,,,,NO,0,,,0,,,,,,,,,,,0,,,0,,,,,,,,,2026-11-01T04:59:00Z,,,,,
2193f2d7,9b2ae093,2026-06-30,2026-06-30T23:23:21.469988+00:00,KXMLBDEBUT-JMADE-26NOV01,"Will Jesús Made play in a game for any team in the MLB before Nov 1, 2026?",paper,PASS,LOW,2,DRIFT,LONG,4,,0,0.225,0.22,-0.005,-0.03,,,0.35,32,D,0,0,0,0,0,0,0,0,,,,YES,0,,,0,,,,,,,,,,,0,,,0,,,,,,,,,2026-11-01T04:59:00Z,,,,,
633ad093,9b2ae093,2026-06-30,2026-06-30T23:23:21.481930+00:00,KXCABLEAVE-26MAY22-26AUG,Will any member of Trump's Cabinet leave before Aug 2026?,superseded_paper,YES,HIGH,0,DRIFT,QUARTERLY,3,,0,0.215,0.96,0.745,0.4,0.388,7.33,0.65,70,A,1,1,0,0,0,0,0,0,,,,YES,0,,,0,,,,,,,,,,,0,,LOSS,1,0,-0.215,-2.15,,,0.9216,0.0462,-18.5,2026-08-02T03:59:00Z,,,,,
6fccb6cb,0298a5c7,2026-07-01,2026-07-01T11:06:07.276895+00:00,KXNBARETIRE-DGREEN23-2627,Will Draymond Green announce his retirement before the 2026-27 NBA season?,paper,PASS,LOW,2,HEURISTIC,LONG,4,,0,0.06,0.05,-0.01,0.21,,,0.3,55,B,0,0,0,0,0,0,0,0,,,,YES,0,,,0,,,,,,,,,,,0,,,0,,,,,,,,,2026-11-15T04:59:00Z,,,,,
ded9cc53,0298a5c7,2026-07-01,2026-07-01T11:06:07.286447+00:00,KXAGICO-COMP-26Q3,"Will any company announce that it has achieved Artificial General Intelligence (AGI) before Oct 1, 2026?",paper,PASS,LOW,2,HEURISTIC,LONG,4,,0,0.06,0.08,0.02,0.18,,,0.25,55,B,0,0,0,0,0,0,0,0,,,,YES,0,,,0,,,,,,,,,,,0,,,0,,,,,,,,,2026-10-01T03:59:00Z,,,,,
988e166f,0298a5c7,2026-07-01,2026-07-01T11:06:07.294865+00:00,KXMLBDEBUT-SWALCOTT-26NOV01,"Will Sebastian Walcott play in a game for any team in the MLB before Nov 1, 2026?",paper,PASS,LOW,2,HEURISTIC,LONG,4,,0,0.055,0.03,-0.025,0.29,,,0.35,55,B,0,0,0,0,0,0,0,0,,,,YES,0,,,0,,,,,,,,,,,0,,,0,,,,,,,,,2026-11-01T04:59:00Z,,,,,
d2cbd032,0298a5c7,2026-07-01,2026-07-01T11:06:07.303552+00:00,KXTVSEASONRELEASETHELASTOFUS-26-OCT,"When will ""The Last of Us"" Season 3 be released?",paper,PASS,LOW,2,DRIFT,LONG,4,,0,0.05,0.03,-0.02,0.18,,,0.25,50,C,0,0,0,0,0,0,0,0,,,,YES,0,,,0,,,,,,,,,,,0,,,0,,,,,,,,,2026-10-01T14:00:00Z,,,,,
71e38c45,0298a5c7,2026-07-01,2026-07-01T11:06:07.312069+00:00,KXMLBDEBUT-FARIAS-26NOV01,"Will Franklin Arias play in a game for any team in the MLB before Nov 1, 2026?",paper,PASS,LOW,2,DRIFT,LONG,4,,0,0.38,0.3,-0.08,-0.14,,,0.35,32,D,0,0,0,0,0,0,0,0,,,,NO,0,,,0,,,,,,,,,,,0,,,0,,,,,,,,,2026-11-01T04:59:00Z,,,,,
74897cce,0298a5c7,2026-07-01,2026-07-01T11:06:07.320305+00:00,KXMLBDEBUT-JMADE-26NOV01,"Will Jesús Made play in a game for any team in the MLB before Nov 1, 2026?",paper,PASS,LOW,2,DRIFT,LONG,4,,0,0.22,0.2,-0.02,-0.03,,,0.35,32,D,0,0,0,0,0,0,0,0,,,,YES,0,,,0,,,,,,,,,,,0,,,0,,,,,,,,,2026-11-01T04:59:00Z,,,,,
5b3e9c35,b0628632,2026-07-02,2026-07-02T18:55:26.391525+00:00,KXAGICO-COMP-26Q3,"Will any company announce that it has achieved Artificial General Intelligence (AGI) before Oct 1, 2026?",paper,PASS,LOW,2,HEURISTIC,LONG,4,,0,0.055,0.08,0.025,0.19,,,0.25,55,B,0,0,0,0,0,0,0,0,,,,YES,0,,,0,,,,,,,,,,,0,,,0,,,,,,,,,2026-10-01T03:59:00Z,,,,,
2285db0e,b0628632,2026-07-02,2026-07-02T18:55:26.400981+00:00,KXNBARETIRE-DGREEN23-2627,Will Draymond Green announce his retirement before the 2026-27 NBA season?,paper,PASS,LOW,2,HEURISTIC,LONG,4,,0,0.065,0.08,0.015,0.21,,,0.3,55,B,0,0,0,0,0,0,0,0,,,,YES,0,,,0,,,,,,,,,,,0,,,0,,,,,,,,,2026-11-15T04:59:00Z,,,,,
a84749ed,b0628632,2026-07-02,2026-07-02T18:55:26.409519+00:00,KXMLBDEBUT-SWALCOTT-26NOV01,"Will Sebastian Walcott play in a game for any team in the MLB before Nov 1, 2026?",paper,PASS,LOW,2,HEURISTIC,LONG,4,,0,0.055,0.06,0.005,0.29,,,0.35,55,B,0,0,0,0,0,0,0,0,,,,YES,0,,,0,,,,,,,,,,,0,,,0,,,,,,,,,2026-11-01T04:59:00Z,,,,,
bf65a833,b0628632,2026-07-02,2026-07-02T18:55:26.417855+00:00,KXMLBDEBUT-FARIAS-26NOV01,"Will Franklin Arias play in a game for any team in the MLB before Nov 1, 2026?",paper,PASS,LOW,2,DRIFT,LONG,4,,0,0.385,0.33,0.055,-0.13,,,0.35,32,D,0,0,0,0,0,0,0,0,,,,NO,0,,,0,,,,,,,,,,,0,,,0,,,,,,,,,2026-11-01T04:59:00Z,,,,,
692f0fe1,94ac827e,2026-07-03,2026-07-03T11:06:02.401502+00:00,KXAGICO-COMP-26Q3,"Will any company announce that it has achieved Artificial General Intelligence (AGI) before Oct 1, 2026?",paper,PASS,LOW,2,HEURISTIC,QUARTERLY,3,,0,0.06,0.08,0.02,0.18,,,0.25,55,B,0,0,0,0,0,0,0,0,,,,YES,0,,,0,,,,,,,,,,,0,,,0,,,,,,,,,2026-10-01T03:59:00Z,,,,,
b721a6c6,94ac827e,2026-07-03,2026-07-03T11:06:02.437464+00:00,KXNBARETIRE-DGREEN23-2627,Will Draymond Green announce his retirement before the 2026-27 NBA season?,paper,PASS,LOW,2,HEURISTIC,LONG,4,,0,0.06,0.08,0.02,0.22,,,0.3,55,B,0,0,0,0,0,0,0,0,,,,YES,0,,,0,,,,,,,,,,,0,,,0,,,,,,,,,2026-11-15T04:59:00Z,,,,,
f22acc75,94ac827e,2026-07-03,2026-07-03T11:06:02.446054+00:00,KXMLBDEBUT-SWALCOTT-26NOV01,"Will Sebastian Walcott play in a game for any team in the MLB before Nov 1, 2026?",paper,PASS,LOW,2,HEURISTIC,LONG,4,,0,0.055,0.03,-0.025,0.29,,,0.35,55,B,0,0,0,0,0,0,0,0,,,,YES,0,,,0,,,,,,,,,,,0,,,0,,,,,,,,,2026-11-01T04:59:00Z,,,,,
9b029a11,94ac827e,2026-07-03,2026-07-03T11:06:02.455027+00:00,KXMLBDEBUT-JMADE-26NOV01,"Will Jesús Made play in a game for any team in the MLB before Nov 1, 2026?",paper,PASS,LOW,2,DRIFT,LONG,4,,0,0.5,0.45,-0.05,-0.29,,,0.35,32,D,0,0,0,0,0,0,0,0,,,,NO,0,,,0,,,,,,,,,,,0,,,0,,,,,,,,,2026-11-01T04:59:00Z,,,,,
68686c7d,94ac827e,2026-07-03,2026-07-03T11:06:02.464124+00:00,KXMLBDEBUT-FARIAS-26NOV01,"Will Franklin Arias play in a game for any team in the MLB before Nov 1, 2026?",paper,PASS,LOW,2,DRIFT,LONG,4,,0,0.38,0.38,0.0,-0.09,,,0.35,32,D,0,0,0,0,0,0,0,0,,,,NO,0,,,0,,,,,,,,,,,0,,,0,,,,,,,,,2026-11-01T04:59:00Z,,,,,
2e70d3c4,a8a32e54,2026-07-04,2026-07-04T11:14:16.687804+00:00,KXAGICO-COMP-26Q3,"Will any company announce that it has achieved Artificial General Intelligence (AGI) before Oct 1, 2026?",paper,PASS,LOW,2,HEURISTIC,QUARTERLY,3,,0,0.06,0.08,0.02,0.18,,,0.25,55,B,0,0,0,0,0,0,0,0,,,,YES,0,,,0,,,,,,,,,,,0,,,0,,,,,,,,,2026-10-01T03:59:00Z,,,,,
b0ed036e,a8a32e54,2026-07-04,2026-07-04T11:14:16.704067+00:00,KXNBARETIRE-DGREEN23-2627,Will Draymond Green announce his retirement before the 2026-27 NBA season?,paper,PASS,LOW,2,HEURISTIC,LONG,4,,0,0.06,0.08,0.02,0.22,,,0.3,55,B,0,0,0,0,0,0,0,0,,,,YES,0,,,0,,,,,,,,,,,0,,,0,,,,,,,,,2026-11-15T04:59:00Z,,,,,
49037778,a8a32e54,2026-07-04,2026-07-04T11:14:16.713324+00:00,KXMLBDEBUT-SWALCOTT-26NOV01,"Will Sebastian Walcott play in a game for any team in the MLB before Nov 1, 2026?",paper,PASS,LOW,2,HEURISTIC,LONG,4,,0,0.055,0.03,0.025,0.29,,,0.35,55,B,0,0,0,0,0,0,0,0,,,,YES,0,,,0,,,,,,,,,,,0,,,0,,,,,,,,,2026-11-01T04:59:00Z,,,,,
a50b5c24,a8a32e54,2026-07-04,2026-07-04T11:14:16.722127+00:00,KXMLBDEBUT-FARIAS-26NOV01,"Will Franklin Arias play in a game for any team in the MLB before Nov 1, 2026?",paper,PASS,LOW,2,DRIFT,LONG,4,,0,0.42,0.35,0.07,-0.07,,,0.35,32,D,0,0,0,0,0,0,0,0,,,,NO,0,,,0,,,,,,,,,,,0,,,0,,,,,,,,,2026-11-01T04:59:00Z,,,,,
fe63722e,a8a32e54,2026-07-04,2026-07-04T11:14:16.730292+00:00,KXMLBDEBUT-JMADE-26NOV01,"Will Jesús Made play in a game for any team in the MLB before Nov 1, 2026?",paper,PASS,LOW,2,DRIFT,LONG,4,,0,0.5,0.35,0.15,-0.29,,,0.35,32,D,0,0,0,0,0,0,0,0,,,,NO,0,,,0,,,,,,,,,,,0,,,0,,,,,,,,,2026-11-01T04:59:00Z,,,,,
9d4b95af,3a033d56,2026-07-05,2026-07-05T11:07:04.193018+00:00,KXIPOAIRTABLE-27JAN01,When will Airtable officially announce an IPO?,paper,PASS,LOW,2,DRIFT,LONG,4,,0,0.065,0.12,0.055,0.14,,,0.25,50,C,0,0,0,0,0,0,0,0,,,,YES,0,,,0,,,,,,,,,,,0,,,0,,,,,,,,,2027-01-01T04:59:00Z,,,,,
6e5ae1d7,3a033d56,2026-07-05,2026-07-05T11:07:04.233108+00:00,KXWAYMO-DATE-27JAN01,When will Waymo officially announce an IPO?,paper,PASS,LOW,2,HEURISTIC,LONG,4,,0,0.07,0.1,0.03,0.18,,,0.25,55,B,0,0,0,0,0,0,0,0,,,,YES,0,,,0,,,,,,,,,,,0,,,0,,,,,,,,,2027-01-01T04:59:00Z,,,,,
24c9b9b7,3a033d56,2026-07-05,2026-07-05T11:07:04.245375+00:00,KXYTUBESUBSISHOWSPEED-27,When will IShowSpeed reach 100 million Youtube subscribers?,paper,PASS,LOW,2,DRIFT,LONG,4,,0,0.1,0.05,0.05,,,,,40,C,0,0,0,0,0,0,0,0,,,,,0,,,0,,,,,,,,,,,0,,,0,,,,,,,,,2027-01-01T04:59:00Z,,,,,
62b835c7,3a033d56,2026-07-05,2026-07-05T11:07:04.255434+00:00,KXMLBDEBUT-JMADE-26NOV01,"Will Jesús Made play in a game for any team in the MLB before Nov 1, 2026?",paper,PASS,LOW,2,DRIFT,LONG,4,,0,0.5,0.2,0.3,-0.29,,,0.35,32,D,0,0,0,0,0,0,0,0,,,,NO,0,,,0,,,,,,,,,,,0,,,0,,,,,,,,,2026-11-01T04:59:00Z,,,,,
c647cea3,3a033d56,2026-07-05,2026-07-05T11:07:04.267789+00:00,KXFDAAPPROVE-MDMA-27JAN01,"Will the FDA approve midomafetamine / MDMA for PTSD before Jan 1, 2027?",paper,NO,MED,1,DRIFT,LONG,4,,0,0.155,0.05,0.105,0.23,0.22,0.95,0.4,60,B,1,1,0,0,0,0,0,0,,,,YES,0,,,0,,,,,,,,,,,0,,,0,,,,,,,,,2027-01-01T04:59:00Z,,,,,
5ab3543e,3a033d56,2026-07-05,2026-07-05T11:07:04.281847+00:00,KXMEDIARELEASEPRISONBREAK-30JAN01-27JAN01,"Will A New Season of Prison Break be released Worldwide before Jan 1, 2030?",paper,NO,MED,1,DRIFT,LONG,4,,0,0.275,0.12,0.155,-0.02,-0.034,1.41,0.25,42,C,0,1,0,0,0,0,0,0,,,,NO,0,,,0,,,,,,,,,,,0,,,0,,,,,,,,,2027-01-01T04:59:00Z,,,,,
2630abe5,851281f6,2026-07-06,2026-07-06T11:14:28.378651+00:00,KXTRUMPRUN-27JAN01,"Will Donald Trump announce a run for President of the United States before Jan 1, 2027?",paper,PASS,LOW,2,HEURISTIC,LONG,4,,0,0.052,0.07,0.018,0.289,,,0.35,60,B,0,0,0,0,0,0,0,0,,,,YES,0,,,0,,,,,,,,,,,0,,,0,,,,,,,,,2027-01-01T15:00:00Z,,,,,
9bff2e75,851281f6,2026-07-06,2026-07-06T11:14:28.430448+00:00,KXTVSEASONANNOUNCEEUP-JAN-27,"Will a new season of Euphoria be announced before Jan 1, 2027?",paper,PASS,MED,1,HEURISTIC,LONG,4,,0,0.07,0.04,-0.03,0.15,,,0.25,65,B,0,0,0,0,0,0,0,0,,,,YES,0,,,0,,,,,,,,,,,0,,,0,,,,,,,,,2027-01-01T15:00:00Z,,,,,
9d3c368e,851281f6,2026-07-06,2026-07-06T11:14:28.441856+00:00,KXIPOAIRTABLE-27JAN01,When will Airtable officially announce an IPO?,paper,PASS,LOW,2,DRIFT,LONG,4,,0,0.065,0.1,0.035,0.14,,,0.25,50,C,0,0,0,0,0,0,0,0,,,,YES,0,,,0,,,,,,,,,,,0,,,0,,,,,,,,,2027-01-01T04:59:00Z,,,,,
2b75453b,851281f6,2026-07-06,2026-07-06T11:14:28.451091+00:00,KXWAYMO-DATE-27JAN01,When will Waymo officially announce an IPO?,paper,PASS,LOW,2,HEURISTIC,LONG,4,,0,0.07,0.1,0.03,0.18,,,0.25,55,B,0,0,0,0,0,0,0,0,,,,YES,0,,,0,,,,,,,,,,,0,,,0,,,,,,,,,2027-01-01T04:59:00Z,,,,,
3e90087c,851281f6,2026-07-06,2026-07-06T11:14:28.460676+00:00,KXRECOGSOMALI-29-27,Will Trump recognize Somaliland?,paper,PASS,LOW,2,HEURISTIC,LONG,4,,0,0.115,0.13,0.015,0.18,,,0.3,55,B,0,0,0,0,0,0,0,0,,,,YES,0,,,0,,,,,,,,,,,0,,,0,,,,,,,,,2027-01-01T15:00:00Z,,,,,
84d24db5,851281f6,2026-07-06,2026-07-06T11:14:28.470355+00:00,KXVANCERUN-28-27JAN01,"Will JD Vance announce a run for President of the United States before Jan 1, 2027?",paper,PASS,LOW,2,HEURISTIC,LONG,4,,0,0.165,0.15,-0.015,0.16,,,0.35,55,B,0,0,0,0,0,0,0,0,,,,YES,0,,,0,,,,,,,,,,,0,,,0,,,,,,,,,2027-01-01T15:00:00Z,,,,,
95a42c22,851281f6,2026-07-06,2026-07-06T11:14:28.480035+00:00,KXIMPEACHCABINET-27JAN01,"Will any member of the Cabinet (defined as: the Vice President, Secretary of State, Secretary of the Treasury, Secretary of Defense, Attorney General, Secretary of the Interior, Secretary of Agriculture, Secretary of Commerce, Secretary of Labor, Secretary of Health and Human Services, Secretary of Housing and Urban Development, Secretary of Transportation, Secretary of Energy, Secretary of Education, Secretary of Veterans Affairs, Secretary of Homeland Security, Administrator of the Environmental Protection Agency, Director of the Office of Management and Budget, Director of National Intelligence, Trade Representative, Administrator of the Small Business Administration, White House Chief of Staff) be impeached before Jan 1, 2027?",paper,PASS,LOW,2,HEURISTIC,LONG,4,,0,0.066,0.07,0.004,0.072,,,0.15,46,C,0,0,0,0,0,0,0,0,,,,YES,0,,,0,,,,,,,,,,,0,,,0,,,,,,,,,2027-01-01T15:00:00Z,,,,,
c9067fa4,851281f6,2026-07-06,2026-07-06T11:14:28.529848+00:00,KXMLBDEBUT-KANDERSON-26NOV01,"Will Kade Anderson play in a game for any team in the MLB before Nov 1, 2026?",paper,YES,MED,1,DRIFT,LONG,4,,0,0.73,0.83,0.1,0.31,0.296,0.86,0.35,60,B,1,1,0,0,0,0,0,0,,,,NO,0,,,0,,,,,,,,,,,0,,WIN,1,1,0.27,2.7,2026-08-23T22:36:31.216752+00:00,48.47,0.0289,0.0729,26.0,2026-11-01T04:59:00Z,,,,,
166a056d,851281f6,2026-07-06,2026-07-06T11:14:28.540989+00:00,KXALBUMRELEASEDATEBEY-NEW-JAN01-27,"Will Beyonce release new album before Jan 1, 2027?",superseded_paper,NO,MED,1,DRIFT,LONG,4,,0,0.63,0.45,-0.18,,,1.63,,55,B,0,1,1,0,0,0,0,0,,,,,0,,,0,,,,,,,,,,,0,,,0,,,,,,,,,2027-01-01T15:00:00Z,,,,,
48e24779,e6710015,2026-07-07,2026-07-07T11:07:00.976861+00:00,KXTRUMPRUN-27JAN01,"Will Donald Trump announce a run for President of the United States before Jan 1, 2027?",paper,PASS,LOW,2,HEURISTIC,LONG,4,,0,0.052,0.06,0.008,0.289,,,0.35,60,B,0,0,0,0,0,0,0,0,,,,YES,0,,,0,,,,,,,,,,,0,,,0,,,,,,,,,2027-01-01T15:00:00Z,,,,,
99f57d46,e6710015,2026-07-07,2026-07-07T11:07:01.013355+00:00,KXTVSEASONANNOUNCEEUP-JAN-27,"Will a new season of Euphoria be announced before Jan 1, 2027?",paper,PASS,LOW,2,HEURISTIC,LONG,4,,0,0.065,0.08,0.015,0.16,,,0.25,55,B,0,0,0,0,0,0,0,0,,,,YES,0,,,0,,,,,,,,,,,0,,,0,,,,,,,,,2027-01-01T15:00:00Z,,,,,
84d15158,e6710015,2026-07-07,2026-07-07T11:07:01.023444+00:00,KXRECOGSOMALI-29-27,Will Trump recognize Somaliland?,paper,PASS,LOW,2,HEURISTIC,LONG,4,,0,0.125,0.13,0.005,0.17,,,0.3,55,B,0,0,0,0,0,0,0,0,,,,YES,0,,,0,,,,,,,,,,,0,,,0,,,,,,,,,2027-01-01T15:00:00Z,,,,,
99ff567d,e6710015,2026-07-07,2026-07-07T11:07:01.030992+00:00,KXIPOAIRTABLE-27JAN01,When will Airtable officially announce an IPO?,paper,PASS,LOW,2,DRIFT,LONG,4,,0,0.065,0.12,0.055,0.14,,,0.25,50,C,0,0,0,0,0,0,0,0,,,,YES,0,,,0,,,,,,,,,,,0,,,0,,,,,,,,,2027-01-01T04:59:00Z,,,,,
9516a738,e6710015,2026-07-07,2026-07-07T11:07:01.038531+00:00,KXVANCERUN-28-27JAN01,"Will JD Vance announce a run for President of the United States before Jan 1, 2027?",paper,PASS,LOW,2,HEURISTIC,LONG,4,,0,0.16,0.19,0.03,0.16,,,0.35,55,B,0,0,0,0,0,0,0,0,,,,YES,0,,,0,,,,,,,,,,,0,,,0,,,,,,,,,2027-01-01T15:00:00Z,,,,,
932ffa9b,e6710015,2026-07-07,2026-07-07T11:07:01.050149+00:00,KXWAYMO-DATE-27JAN01,When will Waymo officially announce an IPO?,paper,PASS,LOW,2,HEURISTIC,LONG,4,,0,0.07,0.12,0.05,0.18,,,0.25,55,B,0,0,0,0,0,0,0,0,,,,YES,0,,,0,,,,,,,,,,,0,,,0,,,,,,,,,2027-01-01T04:59:00Z,,,,,
b4f490b5,e6710015,2026-07-07,2026-07-07T11:07:01.057873+00:00,KXFDAAPPROVE-MDMA-27JAN01,"Will the FDA approve midomafetamine / MDMA for PTSD before Jan 1, 2027?",paper,PASS,LOW,2,DRIFT,LONG,4,,0,0.155,0.06,-0.095,0.22,,,0.4,50,C,0,0,0,0,0,0,0,0,,,,YES,0,,,0,,,,,,,,,,,0,,,0,,,,,,,,,2027-01-01T04:59:00Z,,,,,
ed0f8c6d,0d93e95b,2026-07-08,2026-07-08T21:49:05.711148+00:00,KXTRUMPRUN-27JAN01,"Will Donald Trump announce a run for President of the United States before Jan 1, 2027?",paper,PASS,LOW,2,HEURISTIC,LONG,4,,0,0.052,0.08,0.028,0.289,,,0.35,60,B,0,0,0,0,0,0,0,0,,,,YES,0,,,0,,,,,,,,,,,0,,,0,,,,,,,,,2027-01-01T15:00:00Z,,,,,
f3778e6e,0d93e95b,2026-07-08,2026-07-08T21:49:05.720216+00:00,KXTVSEASONANNOUNCEEUP-JAN-27,"Will a new season of Euphoria be announced before Jan 1, 2027?",paper,PASS,LOW,2,HEURISTIC,LONG,4,,0,0.065,0.1,0.035,0.16,,,0.25,55,B,0,0,0,0,0,0,0,0,,,,YES,0,,,0,,,,,,,,,,,0,,,0,,,,,,,,,2027-01-01T15:00:00Z,,,,,
b7c847d5,0d93e95b,2026-07-08,2026-07-08T21:49:05.729646+00:00,KXRECOGSOMALI-29-27,Will Trump recognize Somaliland?,paper,PASS,LOW,2,HEURISTIC,LONG,4,,0,0.12,0.09,0.03,0.17,,,0.3,55,B,0,0,0,0,0,0,0,0,,,,YES,0,,,0,,,,,,,,,,,0,,,0,,,,,,,,,2027-01-01T15:00:00Z,,,,,
07276b1f,0d93e95b,2026-07-08,2026-07-08T21:49:05.737272+00:00,KXVANCERUN-28-27JAN01,"Will JD Vance announce a run for President of the United States before Jan 1, 2027?",paper,PASS,LOW,2,HEURISTIC,LONG,4,,0,0.16,0.21,0.05,0.16,,,0.35,55,B,0,0,0,0,0,0,0,0,,,,YES,0,,,0,,,,,,,,,,,0,,,0,,,,,,,,,2027-01-01T15:00:00Z,,,,,
3ec80870,0d93e95b,2026-07-08,2026-07-08T21:49:05.745300+00:00,KXFDAAPPROVE-MDMA-27JAN01,"Will the FDA approve midomafetamine / MDMA for PTSD before Jan 1, 2027?",paper,PASS,LOW,2,DRIFT,LONG,4,,0,0.155,0.16,0.005,0.22,,,0.4,50,C,0,0,0,0,0,0,0,0,,,,YES,0,,,0,,,,,,,,,,,0,,,0,,,,,,,,,2027-01-01T04:59:00Z,,,,,
99e20e76,0d93e95b,2026-07-08,2026-07-08T21:49:05.752384+00:00,KXIPOAIRTABLE-27JAN01,When will Airtable officially announce an IPO?,paper,PASS,LOW,2,DRIFT,LONG,4,,0,0.065,0.1,0.035,0.14,,,0.25,50,C,0,0,0,0,0,0,0,0,,,,YES,0,,,0,,,,,,,,,,,0,,,0,,,,,,,,,2027-01-01T04:59:00Z,,,,,
6eaf940f,0d93e95b,2026-07-08,2026-07-08T21:49:05.771931+00:00,KXCABLEAVE-26MAY22-26AUG,Will any member of Trump's Cabinet leave before Aug 2026?,superseded_paper,YES,MED,1,DRIFT,MONTHLY,2,,0,0.175,0.32,0.145,0.44,0.429,1.34,0.65,65,B,1,1,0,0,0,0,0,0,,,,YES,0,,,0,,,,,,,,,,,0,,LOSS,1,0,-0.175,-1.75,,,0.1024,0.0306,-14.5,2026-08-02T03:59:00Z,,,,,
1d099e62,0d93e95b,2026-07-08,2026-07-08T21:49:05.780704+00:00,KXSPCELAUNCH-COMM-27JAN01,When will Virgin Galactic launch next commercial Delta-class SpaceShip ?,paper,NO,MED,1,HEURISTIC,LONG,4,,0,0.68,0.45,0.23,0.3,0.284,2.14,0.35,65,B,1,0,0,0,0,0,0,0,,,,NO,0,,,0,,,,,,,,,,,0,,,0,,,,,,,,,2027-01-01T04:59:00Z,,,,,
14f9f6b4,1f9fc1e1,2026-07-09,2026-07-09T11:09:15.078753+00:00,KXMLBDEBUT-KANDERSON-26NOV01,"Will Kade Anderson play in a game for any team in the MLB before Nov 1, 2026?",paper,PASS,LOW,2,DRIFT,LONG,4,,0,0.735,0.68,0.055,0.31,,,0.35,50,C,0,0,0,0,0,0,0,0,,,,NO,0,,,0,,,,,,,,,,,0,,LOSS,1,0,0.0,0.0,2026-08-23T22:36:36.847754+00:00,45.48,,,,2026-11-01T04:59:00Z,,,,,
0da6a83b,1f9fc1e1,2026-07-09,2026-07-09T11:09:15.116622+00:00,KXTRUMPRUN-27JAN01,"Will Donald Trump announce a run for President of the United States before Jan 1, 2027?",paper,PASS,LOW,2,HEURISTIC,LONG,4,,0,0.052,0.08,0.028,0.289,,,0.35,60,B,0,0,0,0,0,0,0,0,,,,YES,0,,,0,,,,,,,,,,,0,,,0,,,,,,,,,2027-01-01T15:00:00Z,,,,,
50dccf42,1f9fc1e1,2026-07-09,2026-07-09T11:09:15.125339+00:00,KXTVSEASONANNOUNCEEUP-JAN-27,"Will a new season of Euphoria be announced before Jan 1, 2027?",paper,PASS,MED,1,HEURISTIC,LONG,4,,0,0.065,0.05,0.015,0.16,,,0.25,65,B,0,0,0,0,0,0,0,0,,,,YES,0,,,0,,,,,,,,,,,0,,,0,,,,,,,,,2027-01-01T15:00:00Z,,,,,
9e021ea1,1f9fc1e1,2026-07-09,2026-07-09T11:09:15.136339+00:00,KXIPOAIRTABLE-27JAN01,When will Airtable officially announce an IPO?,paper,PASS,LOW,2,DRIFT,LONG,4,,0,0.065,0.15,0.085,0.14,,,0.25,50,C,0,0,0,0,0,0,0,0,,,,YES,0,,,0,,,,,,,,,,,0,,,0,,,,,,,,,2027-01-01T04:59:00Z,,,,,
991f5e3c,1f9fc1e1,2026-07-09,2026-07-09T11:09:15.143592+00:00,KXFDAAPPROVE-MDMA-27JAN01,"Will the FDA approve midomafetamine / MDMA for PTSD before Jan 1, 2027?",paper,PASS,LOW,2,DRIFT,LONG,4,,0,0.155,0.1,0.055,0.22,,,0.4,50,C,0,0,0,0,0,0,0,0,,,,YES,0,,,0,,,,,,,,,,,0,,,0,,,,,,,,,2027-01-01T04:59:00Z,,,,,
9a6cf24e,1f9fc1e1,2026-07-09,2026-07-09T11:09:15.151587+00:00,KXWAYMO-DATE-27JAN01,When will Waymo officially announce an IPO?,paper,PASS,LOW,2,HEURISTIC,LONG,4,,0,0.07,0.17,0.1,0.18,,,0.25,55,B,0,0,0,0,0,0,0,0,,,,YES,0,,,0,,,,,,,,,,,0,,,0,,,,,,,,,2027-01-01T04:59:00Z,,,,,
62f4818a,1f9fc1e1,2026-07-09,2026-07-09T11:09:15.160048+00:00,KXIMPEACHCABINET-27JAN01,"Will any member of the Cabinet (defined as: the Vice President, Secretary of State, Secretary of the Treasury, Secretary of Defense, Attorney General, Secretary of the Interior, Secretary of Agriculture, Secretary of Commerce, Secretary of Labor, Secretary of Health and Human Services, Secretary of Housing and Urban Development, Secretary of Transportation, Secretary of Energy, Secretary of Education, Secretary of Veterans Affairs, Secretary of Homeland Security, Administrator of the Environmental Protection Agency, Director of the Office of Management and Budget, Director of National Intelligence, Trade Representative, Administrator of the Small Business Administration, White House Chief of Staff) be impeached before Jan 1, 2027?",paper,PASS,LOW,2,HEURISTIC,LONG,4,,0,0.066,0.1,0.034,0.07,,,0.15,46,C,0,0,0,0,0,0,0,0,,,,YES,0,,,0,,,,,,,,,,,0,,,0,,,,,,,,,2027-01-01T15:00:00Z,,,,,
7866ceba,1f9fc1e1,2026-07-09,2026-07-09T11:09:15.168965+00:00,KXRECOGSOMALI-29-27,Will Trump recognize Somaliland?,paper,PASS,LOW,2,HEURISTIC,LONG,4,,0,0.12,0.15,0.03,0.17,,,0.3,60,B,0,0,0,0,0,0,0,0,,,,YES,0,,,0,,,,,,,,,,,0,,,0,,,,,,,,,2027-01-01T15:00:00Z,,,,,
2288a76b,aa0eb9ff,2026-07-10,2026-07-10T20:21:35.685076+00:00,KXMLBDEBUT-KANDERSON-26NOV01,"Will Kade Anderson play in a game for any team in the MLB before Nov 1, 2026?",paper,PASS,LOW,2,DRIFT,LONG,4,,0,0.73,0.8,0.07,0.3,,,0.35,50,C,0,0,0,0,0,0,0,0,,,,NO,0,,,0,,,,,,,,,,,0,,LOSS,1,0,0.0,0.0,2026-08-23T22:36:39.922181+00:00,44.09,,,,2026-11-01T04:59:00Z,,,,,
70acbdfd,aa0eb9ff,2026-07-10,2026-07-10T20:21:35.695212+00:00,KXTVSEASONRELEASETHELASTOFUS-27-JAN,"When will ""The Last of Us"" Season 3 be released?",paper,PASS,MED,1,HEURISTIC,LONG,4,,0,0.075,0.05,-0.025,0.15,,,0.25,60,B,0,0,0,0,0,0,0,0,,,,YES,0,,,0,,,,,,,,,,,0,,,0,,,,,,,,,2027-01-01T15:00:00Z,,,,,
ee30fb87,aa0eb9ff,2026-07-10,2026-07-10T20:21:35.710318+00:00,KXTRUMPRUN-27JAN01,"Will Donald Trump announce a run for President of the United States before Jan 1, 2027?",paper,PASS,LOW,2,HEURISTIC,LONG,4,,0,0.052,0.07,0.018,0.289,,,0.35,60,B,0,0,0,0,0,0,0,0,,,,YES,0,,,0,,,,,,,,,,,0,,,0,,,,,,,,,2027-01-01T15:00:00Z,,,,,
1baca57d,aa0eb9ff,2026-07-10,2026-07-10T20:21:35.721743+00:00,KXTVSEASONANNOUNCEEUP-JAN-27,"Will a new season of Euphoria be announced before Jan 1, 2027?",paper,PASS,MED,1,HEURISTIC,LONG,4,,0,0.065,0.04,-0.025,0.16,,,0.25,65,B,0,0,0,0,0,0,0,0,,,,YES,0,,,0,,,,,,,,,,,0,,,0,,,,,,,,,2027-01-01T15:00:00Z,,,,,
d9309493,aa0eb9ff,2026-07-10,2026-07-10T20:21:35.734655+00:00,KXWAYMO-DATE-27JAN01,When will Waymo officially announce an IPO?,paper,PASS,LOW,2,HEURISTIC,LONG,4,,0,0.07,0.1,0.03,0.18,,,0.25,55,B,0,0,0,0,0,0,0,0,,,,YES,0,,,0,,,,,,,,,,,0,,,0,,,,,,,,,2027-01-01T04:59:00Z,,,,,
87253143,aa0eb9ff,2026-07-10,2026-07-10T20:21:35.748976+00:00,KXRECOGSOMALI-29-27,Will Trump recognize Somaliland?,paper,PASS,MED,1,HEURISTIC,LONG,4,,0,0.12,0.08,-0.04,0.17,,,0.3,70,A,0,0,0,0,0,0,0,0,,,,YES,0,,,0,,,,,,,,,,,0,,,0,,,,,,,,,2027-01-01T15:00:00Z,,,,,
e547a6dd,aa0eb9ff,2026-07-10,2026-07-10T20:21:35.758807+00:00,KXVANCERUN-28-27JAN01,"Will JD Vance announce a run for President of the United States before Jan 1, 2027?",paper,PASS,LOW,2,HEURISTIC,LONG,4,,0,0.16,0.14,-0.02,0.16,,,0.35,55,B,0,0,0,0,0,0,0,0,,,,YES,0,,,0,,,,,,,,,,,0,,,0,,,,,,,,,2027-01-01T15:00:00Z,,,,,
712f566a,527a6f31,2026-07-11,2026-07-11T11:07:46.329568+00:00,KXTVSEASONRELEASETHELASTOFUS-27-JAN,"When will ""The Last of Us"" Season 3 be released?",paper,PASS,LOW,2,HEURISTIC,LONG,4,,0,0.075,0.05,-0.025,0.15,,,0.25,50,C,0,0,0,0,0,0,0,0,,,,YES,0,,,0,,,,,,,,,,,0,,,0,,,,,,,,,2027-01-01T15:00:00Z,,,,,
05712059,527a6f31,2026-07-11,2026-07-11T11:07:46.340708+00:00,KXMLBDEBUT-ZHOPE-26NOV01,"Will Zyhir Hope play in a game for any team in the MLB before Nov 1, 2026?",paper,PASS,LOW,2,DRIFT,LONG,4,,0,0.155,0.18,0.025,0.12,,,0.35,50,C,0,0,0,0,0,0,0,0,,,,YES,0,,,0,,,,,,,,,,,0,,,0,,,,,,,,,2026-11-01T04:59:00Z,,,,,
07ca9b69,527a6f31,2026-07-11,2026-07-11T11:07:46.349754+00:00,KXIMPEACHCABINET-27JAN01,"Will any member of the Cabinet (defined as: the Vice President, Secretary of State, Secretary of the Treasury, Secretary of Defense, Attorney General, Secretary of the Interior, Secretary of Agriculture, Secretary of Commerce, Secretary of Labor, Secretary of Health and Human Services, Secretary of Housing and Urban Development, Secretary of Transportation, Secretary of Energy, Secretary of Education, Secretary of Veterans Affairs, Secretary of Homeland Security, Administrator of the Environmental Protection Agency, Director of the Office of Management and Budget, Director of National Intelligence, Trade Representative, Administrator of the Small Business Administration, White House Chief of Staff) be impeached before Jan 1, 2027?",paper,PASS,LOW,2,HEURISTIC,LONG,4,,0,0.06,0.12,0.06,0.08,,,0.15,46,C,0,0,0,0,0,0,0,0,,,,YES,0,,,0,,,,,,,,,,,0,,,0,,,,,,,,,2027-01-01T15:00:00Z,,,,,
20db8fb5,527a6f31,2026-07-11,2026-07-11T11:07:46.358072+00:00,KXVANCERUN-28-27JAN01,"Will JD Vance announce a run for President of the United States before Jan 1, 2027?",paper,PASS,LOW,2,HEURISTIC,LONG,4,,0,0.16,0.16,0.0,0.16,,,0.35,55,B,0,0,0,0,0,0,0,0,,,,YES,0,,,0,,,,,,,,,,,0,,,0,,,,,,,,,2027-01-01T15:00:00Z,,,,,
93e0e4c8,527a6f31,2026-07-11,2026-07-11T11:07:46.377927+00:00,KXARTISTCOLLABTHUGANDGUNNA-30-2027,Will Young Thug and Gunna make a song together?,paper,NO,MED,1,DRIFT,LONG,4,,0,0.195,0.07,-0.125,,,1.14,,50,C,0,1,1,0,0,0,0,0,,,,,0,,,0,,,,,,,,,,,0,,,0,,,,,,,,,2027-01-01T15:00:00Z,,,,,
15adb14e,2906bc3b,2026-07-12,2026-07-12T11:14:13.137532+00:00,KXMLBDEBUT-ZHOPE-26NOV01,"Will Zyhir Hope play in a game for any team in the MLB before Nov 1, 2026?",paper,PASS,LOW,2,DRIFT,LONG,4,,0,0.155,0.22,0.065,0.12,,,0.35,50,C,0,0,0,0,0,0,0,0,,,,YES,0,,,0,,,,,,,,,,,0,,,0,,,,,,,,,2026-11-01T04:59:00Z,,,,,
804bce36,2906bc3b,2026-07-12,2026-07-12T11:14:13.148728+00:00,KXTVSEASONRELEASETHELASTOFUS-27-JAN,"When will ""The Last of Us"" Season 3 be released?",paper,PASS,LOW,2,HEURISTIC,LONG,4,,0,0.075,0.07,-0.005,0.15,,,0.25,50,C,0,0,0,0,0,0,0,0,,,,YES,0,,,0,,,,,,,,,,,0,,,0,,,,,,,,,2027-01-01T15:00:00Z,,,,,
c88abfd4,2906bc3b,2026-07-12,2026-07-12T11:14:13.157026+00:00,KXFDAAPPROVE-MDMA-27JAN01,"Will the FDA approve midomafetamine / MDMA for PTSD before Jan 1, 2027?",paper,PASS,LOW,2,DRIFT,LONG,4,,0,0.155,0.07,-0.085,0.22,,,0.4,50,C,0,0,0,0,0,0,0,0,,,,YES,0,,,0,,,,,,,,,,,0,,,0,,,,,,,,,2027-01-01T04:59:00Z,,,,,
286a5176,2906bc3b,2026-07-12,2026-07-12T11:14:13.165187+00:00,KXIMPEACHCABINET-27JAN01,"Will any member of the Cabinet (defined as: the Vice President, Secretary of State, Secretary of the Treasury, Secretary of Defense, Attorney General, Secretary of the Interior, Secretary of Agriculture, Secretary of Commerce, Secretary of Labor, Secretary of Health and Human Services, Secretary of Housing and Urban Development, Secretary of Transportation, Secretary of Energy, Secretary of Education, Secretary of Veterans Affairs, Secretary of Homeland Security, Administrator of the Environmental Protection Agency, Director of the Office of Management and Budget, Director of National Intelligence, Trade Representative, Administrator of the Small Business Administration, White House Chief of Staff) be impeached before Jan 1, 2027?",paper,PASS,LOW,2,HEURISTIC,LONG,4,,0,0.065,0.1,0.035,0.071,,,0.15,46,C,0,0,0,0,0,0,0,0,,,,YES,0,,,0,,,,,,,,,,,0,,,0,,,,,,,,,2027-01-01T15:00:00Z,,,,,
f1208e42,2906bc3b,2026-07-12,2026-07-12T11:14:13.173217+00:00,KXARTISTCOLLABTHUGANDGUNNA-30-2027,Will Young Thug and Gunna make a song together?,paper,PASS,LOW,2,DRIFT,LONG,4,,0,0.195,0.22,0.025,,,,,40,C,0,0,0,0,0,0,0,0,,,,,0,,,0,,,,,,,,,,,0,,,0,,,,,,,,,2027-01-01T15:00:00Z,,,,,
4edc5d92,2906bc3b,2026-07-12,2026-07-12T11:14:13.181259+00:00,KXMEDIARELEASEPRISONBREAK-30JAN01-27JAN01,"Will A New Season of Prison Break be released Worldwide before Jan 1, 2030?",paper,PASS,LOW,2,DRIFT,LONG,4,,0,0.25,0.24,-0.01,-0.04,,,0.25,32,D,0,0,0,0,0,0,0,0,,,,NEUTRAL,0,,,0,,,,,,,,,,,0,,,0,,,,,,,,,2027-01-01T04:59:00Z,,,,,
1c34e795,b3aeb588,2026-07-13,2026-07-13T11:07:23.859422+00:00,KXCABLEAVE-26MAY22-26AUG,Will any member of Trump's Cabinet leave before Aug 2026?,paper,PASS,LOW,2,DRIFT,MONTHLY,2,,0,0.135,0.135,0.0,0.48,,,0.65,55,B,0,0,0,0,0,0,0,0,,,,YES,0,,,0,,,,,,,,,,,0,,LOSS,1,0,0.0,0.0,,,,,,2026-08-02T03:59:00Z,,,,,
adf3f5d8,b3aeb588,2026-07-13,2026-07-13T11:07:23.870516+00:00,KXNBARETIRE-RWESTBROOK18-2627,Will Russell Westbrook announce his retirement before the 2026-27 NBA season?,paper,PASS,LOW,2,HEURISTIC,LONG,4,,0,0.15,0.12,-0.03,0.11,,,0.3,55,B,0,0,0,0,0,0,0,0,,,,YES,0,,,0,,,,,,,,,,,0,,LOSS,1,0,0.0,0.0,,,,,,2026-11-15T04:59:00Z,,,,,
b7837ad1,b3aeb588,2026-07-13,2026-07-13T11:07:23.878922+00:00,KXMLBDEBUT-KANDERSON-26NOV01,"Will Kade Anderson play in a game for any team in the MLB before Nov 1, 2026?",paper,PASS,MED,1,HEURISTIC,LONG,4,,0,0.715,0.6,-0.115,0.31,,,0.35,65,B,0,0,0,0,0,0,0,0,,,,NO,0,,,0,,,,,,,,,,,0,,LOSS,1,0,0.0,0.0,2026-08-23T22:36:46.296033+00:00,41.48,,,,2026-11-01T04:59:00Z,,,,,
b58185f8,b3aeb588,2026-07-13,2026-07-13T11:07:23.887542+00:00,KXSPCELAUNCH-COMM-27JAN01,When will Virgin Galactic launch next commercial Delta-class SpaceShip ?,paper,PASS,LOW,2,HEURISTIC,LONG,4,,0,0.6,0.55,-0.05,0.22,,,0.35,55,B,0,0,0,0,0,0,0,0,,,,NO,0,,,0,,,,,,,,,,,0,,,0,,,,,,,,,2027-01-01T04:59:00Z,,,,,
1e861843,b3aeb588,2026-07-13,2026-07-13T11:07:23.896158+00:00,KXVETOOVERRIDE-29JAN20-27,Will Congress override Trump's veto before 2027?,paper,PASS,LOW,2,DRIFT,LONG,4,,0,0.135,0.1,-0.035,0.05,,,0.2,47,C,0,0,0,0,0,0,0,0,,,,YES,0,,,0,,,,,,,,,,,0,,,0,,,,,,,,,2027-01-01T15:00:00Z,,,,,
ccfa0748,b3aeb588,2026-07-13,2026-07-13T11:07:23.902984+00:00,KXMLBDEBUT-ZHOPE-26NOV01,"Will Zyhir Hope play in a game for any team in the MLB before Nov 1, 2026?",paper,PASS,LOW,2,DRIFT,LONG,4,,0,0.155,0.2,0.045,0.12,,,0.35,50,C,0,0,0,0,0,0,0,0,,,,YES,0,,,0,,,,,,,,,,,0,,,0,,,,,,,,,2026-11-01T04:59:00Z,,,,,
f0e80c32,b3aeb588,2026-07-13,2026-07-13T11:07:23.913889+00:00,KXIMPEACHCABINET-27JAN01,"Will any member of the Cabinet (defined as: the Vice President, Secretary of State, Secretary of the Treasury, Secretary of Defense, Attorney General, Secretary of the Interior, Secretary of Agriculture, Secretary of Commerce, Secretary of Labor, Secretary of Health and Human Services, Secretary of Housing and Urban Development, Secretary of Transportation, Secretary of Energy, Secretary of Education, Secretary of Veterans Affairs, Secretary of Homeland Security, Administrator of the Environmental Protection Agency, Director of the Office of Management and Budget, Director of National Intelligence, Trade Representative, Administrator of the Small Business Administration, White House Chief of Staff) be impeached before Jan 1, 2027?",paper,PASS,LOW,2,HEURISTIC,LONG,4,,0,0.06,0.08,0.02,0.08,,,0.15,46,C,0,0,0,0,0,0,0,0,,,,YES,0,,,0,,,,,,,,,,,0,,,0,,,,,,,,,2027-01-01T15:00:00Z,,,,,
f668264d,b3aeb588,2026-07-13,2026-07-13T11:07:23.922457+00:00,KXFDAAPPROVE-MDMA-27JAN01,"Will the FDA approve midomafetamine / MDMA for PTSD before Jan 1, 2027?",paper,PASS,LOW,2,DRIFT,LONG,4,,0,0.155,0.1,-0.055,0.22,,,0.4,50,C,0,0,0,0,0,0,0,0,,,,YES,0,,,0,,,,,,,,,,,0,,,0,,,,,,,,,2027-01-01T04:59:00Z,,,,,
d28bbbc8,b3aeb588,2026-07-13,2026-07-13T11:07:23.930477+00:00,KXTVSEASONRELEASETHELASTOFUS-27-JAN,"When will ""The Last of Us"" Season 3 be released?",paper,PASS,LOW,2,HEURISTIC,LONG,4,,0,0.075,0.04,-0.035,0.15,,,0.25,50,C,0,0,0,0,0,0,0,0,,,,YES,0,,,0,,,,,,,,,,,0,,,0,,,,,,,,,2027-01-01T15:00:00Z,,,,,
5a5de9fd,7a1371dd,2026-07-14,2026-07-14T11:13:13.760915+00:00,KXCABLEAVE-26MAY22-26AUG,Will any member of Trump's Cabinet leave before Aug 2026?,paper,PASS,LOW,2,HEURISTIC,MONTHLY,2,,0,0.13,0.2,0.07,0.49,,,0.65,60,B,0,0,0,0,0,0,0,0,,,,YES,0,,,0,,,,,,,,,,,0,,LOSS,1,0,0.0,0.0,,,,,,2026-08-02T03:59:00Z,,,,,
475b7883,7a1371dd,2026-07-14,2026-07-14T11:13:13.774838+00:00,KXNBARETIRE-RWESTBROOK18-2627,Will Russell Westbrook announce his retirement before the 2026-27 NBA season?,paper,PASS,LOW,2,HEURISTIC,LONG,4,,0,0.15,0.08,0.07,0.11,,,0.3,55,B,0,0,0,0,0,0,0,0,,,,YES,0,,,0,,,,,,,,,,,0,,LOSS,1,0,0.0,0.0,,,,,,2026-11-15T04:59:00Z,,,,,
e0b7f648,7a1371dd,2026-07-14,2026-07-14T11:13:13.783008+00:00,KXMLBDEBUT-KANDERSON-26NOV01,"Will Kade Anderson play in a game for any team in the MLB before Nov 1, 2026?",paper,PASS,LOW,2,HEURISTIC,LONG,4,,0,0.715,0.6,0.115,0.31,,,0.35,55,B,0,0,0,0,0,0,0,0,,,,NO,0,,,0,,,,,,,,,,,0,,LOSS,1,0,0.0,0.0,2026-08-23T22:36:48.779932+00:00,40.47,,,,2026-11-01T04:59:00Z,,,,,
8e3c8aba,7a1371dd,2026-07-14,2026-07-14T11:13:13.791676+00:00,KXTVSEASONRELEASETHELASTOFUS-27-JAN,"When will ""The Last of Us"" Season 3 be released?",paper,PASS,LOW,2,HEURISTIC,LONG,4,,0,0.075,0.08,0.005,0.15,,,0.25,50,C,0,0,0,0,0,0,0,0,,,,YES,0,,,0,,,,,,,,,,,0,,,0,,,,,,,,,2027-01-01T15:00:00Z,,,,,
4a563b2b,7a1371dd,2026-07-14,2026-07-14T11:13:13.799493+00:00,KXMLBDEBUT-ZHOPE-26NOV01,"Will Zyhir Hope play in a game for any team in the MLB before Nov 1, 2026?",paper,PASS,LOW,2,DRIFT,LONG,4,,0,0.155,0.11,0.045,0.12,,,0.35,50,C,0,0,0,0,0,0,0,0,,,,YES,0,,,0,,,,,,,,,,,0,,,0,,,,,,,,,2026-11-01T04:59:00Z,,,,,
5e90e9b9,7a1371dd,2026-07-14,2026-07-14T11:13:13.806389+00:00,KXMEDIARELEASEPRISONBREAK-30JAN01-27JAN01,"Will A New Season of Prison Break be released Worldwide before Jan 1, 2030?",paper,PASS,LOW,2,DRIFT,LONG,4,,0,0.25,0.27,0.02,-0.04,,,0.25,32,D,0,0,0,0,0,0,0,0,,,,NEUTRAL,0,,,0,,,,,,,,,,,0,,,0,,,,,,,,,2027-01-01T04:59:00Z,,,,,
2c5fc4cd,7a1371dd,2026-07-14,2026-07-14T11:13:13.816586+00:00,KXALBUMRELEASEDATEBEY-NEW-JAN01-27,"Will Beyonce release new album before Jan 1, 2027?",superseded_paper,NO,MED,1,DRIFT,LONG,4,,0,0.605,0.32,0.285,,,2.68,,55,B,0,1,1,0,0,0,0,0,,,,,0,,,0,,,,,,,,,,,0,,,0,,,,,,,,,2027-01-01T15:00:00Z,,,,,
e431a9d8,3e9140ab,2026-07-15,2026-07-15T19:07:32.423164+00:00,KXAGICO-COMP-26Q3,"Will any company announce that it has achieved Artificial General Intelligence (AGI) before Oct 1, 2026?",paper,PASS,LOW,2,HEURISTIC,QUARTERLY,3,,0,0.065,0.08,0.015,0.18,,,0.25,55,B,0,0,0,0,0,0,0,0,,,,YES,0,,,0,,,,,,,,,,,0,,,0,,,,,,,,,2026-10-01T03:59:00Z,,,,,
6d8e6d23,3e9140ab,2026-07-15,2026-07-15T19:07:32.431945+00:00,KXNBARETIRE-RWESTBROOK18-2627,Will Russell Westbrook announce his retirement before the 2026-27 NBA season?,paper,PASS,LOW,2,HEURISTIC,LONG,4,,0,0.15,0.1,0.05,0.11,,,0.3,55,B,0,0,0,0,0,0,0,0,,,,YES,0,,,0,,,,,,,,,,,0,,LOSS,1,0,0.0,0.0,,,,,,2026-11-15T04:59:00Z,,,,,
b4336328,3e9140ab,2026-07-15,2026-07-15T19:07:32.440652+00:00,KXNBARETIRE-DGREEN23-2627,Will Draymond Green announce his retirement before the 2026-27 NBA season?,paper,PASS,LOW,2,HEURISTIC,LONG,4,,0,0.05,0.04,0.01,0.22,,,0.3,55,B,0,0,0,0,0,0,0,0,,,,YES,0,,,0,,,,,,,,,,,0,,,0,,,,,,,,,2026-11-15T04:59:00Z,,,,,
ef702b7a,3e9140ab,2026-07-15,2026-07-15T19:07:32.448306+00:00,KXMLBDEBUT-KANDERSON-26NOV01,"Will Kade Anderson play in a game for any team in the MLB before Nov 1, 2026?",paper,PASS,LOW,2,HEURISTIC,LONG,4,,0,0.715,0.62,0.095,0.31,,,0.35,55,B,0,0,0,0,0,0,0,0,,,,NO,0,,,0,,,,,,,,,,,0,,LOSS,1,0,0.0,0.0,2026-08-23T22:36:51.231010+00:00,39.15,,,,2026-11-01T04:59:00Z,,,,,
f1ec691b,3e9140ab,2026-07-15,2026-07-15T19:07:32.456590+00:00,KXMLBDEBUT-SWALCOTT-26NOV01,"Will Sebastian Walcott play in a game for any team in the MLB before Nov 1, 2026?",paper,PASS,LOW,2,DRIFT,LONG,4,,0,0.165,0.05,0.115,0.09,,,0.35,46,C,0,0,0,0,0,0,0,0,,,,YES,0,,,0,,,,,,,,,,,0,,,0,,,,,,,,,2026-11-01T04:59:00Z,,,,,
00173a6a,3e9140ab,2026-07-15,2026-07-15T19:07:32.469746+00:00,KXMLBDEBUT-ZHOPE-26NOV01,"Will Zyhir Hope play in a game for any team in the MLB before Nov 1, 2026?",paper,PASS,LOW,2,DRIFT,LONG,4,,0,0.155,0.1,0.055,0.12,,,0.35,50,C,0,0,0,0,0,0,0,0,,,,YES,0,,,0,,,,,,,,,,,0,,,0,,,,,,,,,2026-11-01T04:59:00Z,,,,,
97c55f07,31055ebc,2026-07-16,2026-07-16T11:08:26.980112+00:00,KXAGICO-COMP-26Q3,"Will any company announce that it has achieved Artificial General Intelligence (AGI) before Oct 1, 2026?",paper,PASS,LOW,2,HEURISTIC,QUARTERLY,3,,0,0.065,0.06,-0.005,0.18,,,0.25,55,B,0,0,0,0,0,0,0,0,,,,YES,0,,,0,,,,,,,,,,,0,,,0,,,,,,,,,2026-10-01T03:59:00Z,,,,,
685d4cb2,31055ebc,2026-07-16,2026-07-16T11:08:26.989431+00:00,KXNBARETIRE-RWESTBROOK18-2627,Will Russell Westbrook announce his retirement before the 2026-27 NBA season?,paper,PASS,LOW,2,HEURISTIC,LONG,4,,0,0.15,0.11,-0.04,0.11,,,0.3,55,B,0,0,0,0,0,0,0,0,,,,YES,0,,,0,,,,,,,,,,,0,,LOSS,1,0,0.0,0.0,,,,,,2026-11-15T04:59:00Z,,,,,
72a42259,31055ebc,2026-07-16,2026-07-16T11:08:27.013841+00:00,KXMLBDEBUT-SWALCOTT-26NOV01,"Will Sebastian Walcott play in a game for any team in the MLB before Nov 1, 2026?",paper,PASS,LOW,2,DRIFT,LONG,4,,0,0.165,0.15,-0.015,0.09,,,0.35,46,C,0,0,0,0,0,0,0,0,,,,YES,0,,,0,,,,,,,,,,,0,,,0,,,,,,,,,2026-11-01T04:59:00Z,,,,,
a1485aa8,31055ebc,2026-07-16,2026-07-16T11:08:27.026093+00:00,KXARTISTCOLLABTHUGANDGUNNA-30-2027,Will Young Thug and Gunna make a song together?,paper,PASS,LOW,2,DRIFT,LONG,4,,0,0.195,0.2,0.005,,,,,40,C,0,0,0,0,0,0,0,0,,,,,0,,,0,,,,,,,,,,,0,,,0,,,,,,,,,2027-01-01T15:00:00Z,,,,,
df542a91,31055ebc,2026-07-16,2026-07-16T11:08:27.038967+00:00,KXMEDIARELEASEPRISONBREAK-30JAN01-27JAN01,"Will A New Season of Prison Break be released Worldwide before Jan 1, 2030?",paper,PASS,LOW,2,DRIFT,LONG,4,,0,0.25,0.28,0.03,-0.04,,,0.25,32,D,0,0,0,0,0,0,0,0,,,,NEUTRAL,0,,,0,,,,,,,,,,,0,,,0,,,,,,,,,2027-01-01T04:59:00Z,,,,,
4965af4e,31055ebc,2026-07-16,2026-07-16T11:08:27.047060+00:00,KXMLBDEBUT-JMADE-26NOV01,"Will Jesús Made play in a game for any team in the MLB before Nov 1, 2026?",paper,PASS,LOW,2,DRIFT,LONG,4,,0,0.21,0.2,-0.01,0.0,,,0.35,32,D,0,0,0,0,0,0,0,0,,,,YES,0,,,0,,,,,,,,,,,0,,,0,,,,,,,,,2026-11-01T04:59:00Z,,,,,
5f189d0b,31055ebc,2026-07-16,2026-07-16T11:08:27.082902+00:00,KXMANAGEROUTDATE-28TUCHEL-26AUG01,"Will Thomas Tuchel be out before Aug 1, 2026?",paper,NO,MED,1,DRIFT,MONTHLY,2,,0,0.185,0.06,-0.125,,,1.14,,55,B,0,1,1,0,0,0,0,0,,,,,0,,,0,,,,,,,,,,,0,,WIN,1,1,0.185,1.85,,,0.0036,0.0342,17.5,2026-08-01T03:59:00Z,,,,,
67bd5dee,577b0293,2026-07-17,2026-07-17T11:15:21.392100+00:00,KXCABLEAVE-26MAY22-26AUG,Will any member of Trump's Cabinet leave before Aug 2026?,paper,PASS,LOW,2,HEURISTIC,MONTHLY,2,,0,0.11,0.16,0.05,0.5,,,0.65,60,B,0,0,0,0,0,0,0,0,,,,YES,0,,,0,,,,,,,,,,,0,,LOSS,1,0,0.0,0.0,,,,,,2026-08-02T03:59:00Z,,,,,
de73e8d1,577b0293,2026-07-17,2026-07-17T11:15:21.404313+00:00,KXAGICO-COMP-26Q3,"Will any company announce that it has achieved Artificial General Intelligence (AGI) before Oct 1, 2026?",paper,PASS,LOW,2,HEURISTIC,QUARTERLY,3,,0,0.065,0.05,-0.015,0.18,,,0.25,55,B,0,0,0,0,0,0,0,0,,,,YES,0,,,0,,,,,,,,,,,0,,,0,,,,,,,,,2026-10-01T03:59:00Z,,,,,
052e98f1,577b0293,2026-07-17,2026-07-17T11:15:21.413142+00:00,KXNBARETIRE-RWESTBROOK18-2627,Will Russell Westbrook announce his retirement before the 2026-27 NBA season?,paper,PASS,LOW,2,HEURISTIC,LONG,4,,0,0.15,0.08,-0.07,0.11,,,0.3,55,B,0,0,0,0,0,0,0,0,,,,YES,0,,,0,,,,,,,,,,,0,,LOSS,1,0,0.0,0.0,,,,,,2026-11-15T04:59:00Z,,,,,
c51c3f66,577b0293,2026-07-17,2026-07-17T11:15:21.421378+00:00,KXMLBDEBUT-JMADE-26NOV01,"Will Jesús Made play in a game for any team in the MLB before Nov 1, 2026?",paper,PASS,LOW,2,DRIFT,LONG,4,,0,0.205,0.25,0.045,0.01,,,0.35,42,C,0,0,0,0,0,0,0,0,,,,YES,0,,,0,,,,,,,,,,,0,,,0,,,,,,,,,2026-11-01T04:59:00Z,,,,,
0f51c9aa,577b0293,2026-07-17,2026-07-17T11:15:21.428156+00:00,KXARTISTCOLLABTHUGANDGUNNA-30-2027,Will Young Thug and Gunna make a song together?,paper,PASS,LOW,2,DRIFT,LONG,4,,0,0.195,0.18,-0.015,,,,,40,C,0,0,0,0,0,0,0,0,,,,,0,,,0,,,,,,,,,,,0,,,0,,,,,,,,,2027-01-01T15:00:00Z,,,,,
1a5e644c,577b0293,2026-07-17,2026-07-17T11:15:21.434960+00:00,KXMLBDEBUT-FARIAS-26NOV01,"Will Franklin Arias play in a game for any team in the MLB before Nov 1, 2026?",paper,PASS,LOW,2,DRIFT,LONG,4,,0,0.365,0.3,-0.065,-0.17,,,0.35,32,D,0,0,0,0,0,0,0,0,,,,NO,0,,,0,,,,,,,,,,,0,,,0,,,,,,,,,2026-11-01T04:59:00Z,,,,,
872705d0,577b0293,2026-07-17,2026-07-17T11:15:21.443086+00:00,KXMEDIARELEASEPRISONBREAK-30JAN01-27JAN01,"Will A New Season of Prison Break be released Worldwide before Jan 1, 2030?",paper,PASS,LOW,2,DRIFT,LONG,4,,0,0.245,0.27,0.025,-0.04,,,0.25,32,D,0,0,0,0,0,0,0,0,,,,NEUTRAL,0,,,0,,,,,,,,,,,0,,,0,,,,,,,,,2027-01-01T04:59:00Z,,,,,
acea57c6,72cfbc42,2026-07-18,2026-07-18T11:07:27.336877+00:00,KXCABLEAVE-26MAY22-26AUG,Will any member of Trump's Cabinet leave before Aug 2026?,paper,PASS,LOW,2,HEURISTIC,MONTHLY,2,,0,0.08,0.14,0.06,0.55,,,0.65,55,B,0,0,0,0,0,0,0,0,,,,YES,0,,,0,,,,,,,,,,,0,,LOSS,1,0,0.0,0.0,,,,,,2026-08-02T03:59:00Z,,,,,
0a6d8799,72cfbc42,2026-07-18,2026-07-18T11:07:27.350764+00:00,KXAGICO-COMP-26Q3,"Will any company announce that it has achieved Artificial General Intelligence (AGI) before Oct 1, 2026?",paper,PASS,LOW,2,HEURISTIC,QUARTERLY,3,,0,0.065,0.05,-0.015,0.18,,,0.25,55,B,0,0,0,0,0,0,0,0,,,,YES,0,,,0,,,,,,,,,,,0,,,0,,,,,,,,,2026-10-01T03:59:00Z,,,,,
c497c95a,72cfbc42,2026-07-18,2026-07-18T11:07:27.358544+00:00,KXMLBDEBUT-SWALCOTT-26NOV01,"Will Sebastian Walcott play in a game for any team in the MLB before Nov 1, 2026?",paper,PASS,LOW,2,DRIFT,LONG,4,,0,0.165,0.08,0.085,0.09,,,0.35,46,C,0,0,0,0,0,0,0,0,,,,YES,0,,,0,,,,,,,,,,,0,,,0,,,,,,,,,2026-11-01T04:59:00Z,,,,,
5bee69f5,72cfbc42,2026-07-18,2026-07-18T11:07:27.367781+00:00,KXMLBDEBUT-JMADE-26NOV01,"Will Jesús Made play in a game for any team in the MLB before Nov 1, 2026?",paper,PASS,LOW,2,DRIFT,LONG,4,,0,0.17,0.14,0.03,0.08,,,0.35,46,C,0,0,0,0,0,0,0,0,,,,YES,0,,,0,,,,,,,,,,,0,,,0,,,,,,,,,2026-11-01T04:59:00Z,,,,,
dfb48b69,72cfbc42,2026-07-18,2026-07-18T11:07:27.375732+00:00,KXARTISTCOLLABTHUGANDGUNNA-30-2027,Will Young Thug and Gunna make a song together?,paper,PASS,LOW,2,DRIFT,LONG,4,,0,0.19,0.17,0.02,,,,,40,C,0,0,0,0,0,0,0,0,,,,,0,,,0,,,,,,,,,,,0,,,0,,,,,,,,,2027-01-01T15:00:00Z,,,,,
98862252,72cfbc42,2026-07-18,2026-07-18T11:07:27.383245+00:00,KXMLBDEBUT-FARIAS-26NOV01,"Will Franklin Arias play in a game for any team in the MLB before Nov 1, 2026?",paper,PASS,LOW,2,DRIFT,LONG,4,,0,0.365,0.33,0.035,-0.18,,,0.35,32,D,0,0,0,0,0,0,0,0,,,,NO,0,,,0,,,,,,,,,,,0,,,0,,,,,,,,,2026-11-01T04:59:00Z,,,,,
a19ecfec,2bcc9784,2026-07-19,2026-07-19T11:15:45.645130+00:00,KXCABLEAVE-26MAY22-26AUG,Will any member of Trump's Cabinet leave before Aug 2026?,paper,PASS,LOW,2,HEURISTIC,MONTHLY,2,,0,0.095,0.13,0.035,0.52,,,0.65,60,B,0,0,0,0,0,0,0,0,,,,YES,0,,,0,,,,,,,,,,,0,,LOSS,1,0,0.0,0.0,,,,,,2026-08-02T03:59:00Z,,,,,
dbf839e8,2bcc9784,2026-07-19,2026-07-19T11:15:45.653516+00:00,KXAGICO-COMP-26Q3,"Will any company announce that it has achieved Artificial General Intelligence (AGI) before Oct 1, 2026?",paper,PASS,LOW,2,HEURISTIC,QUARTERLY,3,,0,0.065,0.08,0.015,0.18,,,0.25,55,B,0,0,0,0,0,0,0,0,,,,YES,0,,,0,,,,,,,,,,,0,,,0,,,,,,,,,2026-10-01T03:59:00Z,,,,,
45eea089,2bcc9784,2026-07-19,2026-07-19T11:15:45.659997+00:00,KXNBARETIRE-DGREEN23-2627,Will Draymond Green announce his retirement before the 2026-27 NBA season?,paper,PASS,LOW,2,HEURISTIC,LONG,4,,0,0.05,0.04,0.01,0.22,,,0.3,55,B,0,0,0,0,0,0,0,0,,,,YES,0,,,0,,,,,,,,,,,0,,,0,,,,,,,,,2026-11-15T04:59:00Z,,,,,
3e0b7dce,2bcc9784,2026-07-19,2026-07-19T11:15:45.669045+00:00,KXIPOAIRTABLE-27JAN01,When will Airtable officially announce an IPO?,paper,PASS,LOW,2,DRIFT,LONG,4,,0,0.055,0.1,0.045,0.15,,,0.25,50,C,0,0,0,0,0,0,0,0,,,,YES,0,,,0,,,,,,,,,,,0,,,0,,,,,,,,,2027-01-01T04:59:00Z,,,,,
cc55b2e5,2bcc9784,2026-07-19,2026-07-19T11:15:45.675920+00:00,KXMLBDEBUT-SWALCOTT-26NOV01,"Will Sebastian Walcott play in a game for any team in the MLB before Nov 1, 2026?",paper,PASS,LOW,2,DRIFT,LONG,4,,0,0.165,0.08,0.085,0.09,,,0.35,46,C,0,0,0,0,0,0,0,0,,,,YES,0,,,0,,,,,,,,,,,0,,,0,,,,,,,,,2026-11-01T04:59:00Z,,,,,
92eba621,2bcc9784,2026-07-19,2026-07-19T11:15:45.682394+00:00,KXARTISTCOLLABTHUGANDGUNNA-30-2027,Will Young Thug and Gunna make a song together?,paper,PASS,LOW,2,DRIFT,LONG,4,,0,0.195,0.22,0.025,,,,,40,C,0,0,0,0,0,0,0,0,,,,,0,,,0,,,,,,,,,,,0,,,0,,,,,,,,,2027-01-01T15:00:00Z,,,,,
ec45bf43,a06fed3c,2026-07-22,2026-07-22T22:11:40.434382+00:00,KXTVSEASONANNOUNCEEUP-JAN-27,"Will a new season of Euphoria be announced before Jan 1, 2027?",paper,PASS,LOW,2,HEURISTIC,LONG,4,,0,0.065,0.07,0.005,0.16,,,0.25,60,B,0,0,0,0,0,0,0,0,,,,YES,0,,,0,,,,,,,,,,,0,,,0,,,,,,,,,2027-01-01T15:00:00Z,,,,,
7c031c4b,a06fed3c,2026-07-22,2026-07-22T22:11:40.442977+00:00,KXVETOOVERRIDE-29JAN20-27,Will Congress override Trump's veto before 2027?,paper,PASS,LOW,2,HEURISTIC,LONG,4,,0,0.115,0.1,-0.015,0.07,,,0.2,56,B,0,0,0,0,0,0,0,0,,,,YES,0,,,0,,,,,,,,,,,0,,,0,,,,,,,,,2027-01-01T15:00:00Z,,,,,
e2182dad,a06fed3c,2026-07-22,2026-07-22T22:11:40.451231+00:00,KXIPOAIRTABLE-27JAN01,When will Airtable officially announce an IPO?,paper,PASS,LOW,2,DRIFT,LONG,4,,0,0.055,0.12,0.065,0.15,,,0.25,50,C,0,0,0,0,0,0,0,0,,,,YES,0,,,0,,,,,,,,,,,0,,,0,,,,,,,,,2027-01-01T04:59:00Z,,,,,
f3e03534,a06fed3c,2026-07-22,2026-07-22T22:11:40.459519+00:00,KXRECOGSOMALI-29-27,Will Trump recognize Somaliland?,paper,PASS,LOW,2,HEURISTIC,LONG,4,,0,0.098,0.08,-0.018,0.18,,,0.3,55,B,0,0,0,0,0,0,0,0,,,,YES,0,,,0,,,,,,,,,,,0,,,0,,,,,,,,,2027-01-01T15:00:00Z,,,,,
138e5b42,a06fed3c,2026-07-22,2026-07-22T22:11:40.469619+00:00,KXIMPEACHCABINET-27JAN01,"Will any member of the Cabinet (defined as: the Vice President, Secretary of State, Secretary of the Treasury, Secretary of Defense, Attorney General, Secretary of the Interior, Secretary of Agriculture, Secretary of Commerce, Secretary of Labor, Secretary of Health and Human Services, Secretary of Housing and Urban Development, Secretary of Transportation, Secretary of Energy, Secretary of Education, Secretary of Veterans Affairs, Secretary of Homeland Security, Administrator of the Environmental Protection Agency, Director of the Office of Management and Budget, Director of National Intelligence, Trade Representative, Administrator of the Small Business Administration, White House Chief of Staff) be impeached before Jan 1, 2027?",paper,PASS,LOW,2,HEURISTIC,LONG,4,,0,0.059,0.08,0.021,0.065,,,0.15,46,C,0,0,0,0,0,0,0,0,,,,YES,0,,,0,,,,,,,,,,,0,,,0,,,,,,,,,2027-01-01T15:00:00Z,,,,,
0910b563,a06fed3c,2026-07-22,2026-07-22T22:11:40.478560+00:00,KXMLBDEBUT-SWALCOTT-26NOV01,"Will Sebastian Walcott play in a game for any team in the MLB before Nov 1, 2026?",paper,PASS,LOW,2,DRIFT,LONG,4,,0,0.165,0.11,-0.055,0.09,,,0.35,46,C,0,0,0,0,0,0,0,0,,,,YES,0,,,0,,,,,,,,,,,0,,,0,,,,,,,,,2026-11-01T04:59:00Z,,,,,
3b1e731d,a06fed3c,2026-07-22,2026-07-22T22:11:40.487079+00:00,KXFDAAPPROVE-MDMA-27JAN01,"Will the FDA approve midomafetamine / MDMA for PTSD before Jan 1, 2027?",paper,PASS,LOW,2,HEURISTIC,LONG,4,,0,0.145,0.06,-0.085,0.22,,,0.4,50,C,0,0,0,0,0,0,0,0,,,,YES,0,,,0,,,,,,,,,,,0,,,0,,,,,,,,,2027-01-01T04:59:00Z,,,,,
ef072d02,a06fed3c,2026-07-22,2026-07-22T22:11:40.498179+00:00,KXMLBDEBUT-JMADE-26NOV01,"Will Jesús Made play in a game for any team in the MLB before Nov 1, 2026?",paper,PASS,LOW,2,DRIFT,LONG,4,,0,0.165,0.12,-0.045,0.09,,,0.35,46,C,0,0,0,0,0,0,0,0,,,,YES,0,,,0,,,,,,,,,,,0,,,0,,,,,,,,,2026-11-01T04:59:00Z,,,,,
5061b731,a06fed3c,2026-07-22,2026-07-22T22:11:40.516408+00:00,KXMEDIARELEASEPRISONBREAK-30JAN01-27JAN01,"Will A New Season of Prison Break be released Worldwide before Jan 1, 2030?",paper,PASS,LOW,2,DRIFT,LONG,4,,0,0.23,0.26,0.03,-0.02,,,0.25,32,D,0,0,0,0,0,0,0,0,,,,YES,0,,,0,,,,,,,,,,,0,,,0,,,,,,,,,2027-01-01T04:59:00Z,,,,,
ababe612,0a1a0934,2026-07-23,2026-07-23T14:44:42.066657+00:00,KXMANAGEROUTDATE-28TUCHEL-26AUG01,"Will Thomas Tuchel be out before Aug 1, 2026?",paper,PASS,LOW,2,RESOLVE_FIRST,MONTHLY,2,,0,0.135,,,,,,,,Unscored,0,0,1,0,0,0,0,0,,,,,0,,,0,,,,,,,,,,,0,,LOSS,1,0,0.0,0.0,,,,,,2026-08-01T03:59:00Z,,,KXMANAGEROUTDATE-28TUCHEL,,
de1055fc,5b687380,2026-07-23,2026-07-23T14:58:55.658383+00:00,KXRECOGROC-29-27,Will Trump recognize the Republic of China?,paper,PASS,LOW,2,HEURISTIC,LONG,4,,0,0.05,0.04,0.01,0.24,,,0.3,55,B,0,0,0,0,0,0,0,0,,,,YES,0,,,0,,,,,,,,,,,0,,,0,,,,,,,,,2027-01-01T15:00:00Z,,,,,
f11bacaa,5b687380,2026-07-23,2026-07-23T14:58:55.669368+00:00,KXTVSEASONANNOUNCEEUP-JAN-27,"Will a new season of Euphoria be announced before Jan 1, 2027?",paper,PASS,MED,1,HEURISTIC,LONG,4,,0,0.065,0.03,0.035,0.16,,,0.25,70,A,0,0,0,0,0,0,0,0,,,,YES,0,,,0,,,,,,,,,,,0,,,0,,,,,,,,,2027-01-01T15:00:00Z,,,,,
4d70d19b,5b687380,2026-07-23,2026-07-23T14:58:55.679811+00:00,KXIPOAIRTABLE-27JAN01,When will Airtable officially announce an IPO?,paper,PASS,LOW,2,DRIFT,LONG,4,,0,0.055,0.14,0.085,0.15,,,0.25,50,C,0,0,0,0,0,0,0,0,,,,YES,0,,,0,,,,,,,,,,,0,,,0,,,,,,,,,2027-01-01T04:59:00Z,,,,,
aa953a0d,5b687380,2026-07-23,2026-07-23T14:58:55.691137+00:00,KXRECOGSOMALI-29-27,Will Trump recognize Somaliland?,paper,PASS,MED,1,HEURISTIC,LONG,4,,0,0.098,0.045,0.053,0.18,,,0.3,65,B,0,0,0,0,0,0,0,0,,,,YES,0,,,0,,,,,,,,,,,0,,,0,,,,,,,,,2027-01-01T15:00:00Z,,,,,
c0b0a5d3,5b687380,2026-07-23,2026-07-23T14:58:55.705478+00:00,KXALBUMRELEASEDATEBEY-NEW-JAN01-27,"Will Beyonce release new album before Jan 1, 2027?",paper,PASS,LOW,2,DRIFT,LONG,4,,0,0.585,0.53,0.055,,,,,45,C,0,0,0,0,0,0,0,0,,,,,0,,,0,,,,,,,,,,,0,,,0,,,,,,,,,2027-01-01T15:00:00Z,,,,,
ebf86d86,5b687380,2026-07-23,2026-07-23T14:58:55.715434+00:00,KXMLBDEBUT-KANDERSON-26NOV01,"Will Kade Anderson play in a game for any team in the MLB before Nov 1, 2026?",paper,PASS,LOW,2,HEURISTIC,LONG,4,,0,0.735,0.62,0.115,0.31,,,0.35,55,B,0,0,0,0,0,0,0,0,,,,NO,0,,,0,,,,,,,,,,,0,,LOSS,1,0,0.0,0.0,2026-08-23T22:37:04.229389+00:00,31.32,,,,2026-11-01T04:59:00Z,,,,,
a69cd208,5b687380,2026-07-23,2026-07-23T14:58:55.727053+00:00,KXIMPEACHCABINET-27JAN01,"Will any member of the Cabinet (defined as: the Vice President, Secretary of State, Secretary of the Treasury, Secretary of Defense, Attorney General, Secretary of the Interior, Secretary of Agriculture, Secretary of Commerce, Secretary of Labor, Secretary of Health and Human Services, Secretary of Housing and Urban Development, Secretary of Transportation, Secretary of Energy, Secretary of Education, Secretary of Veterans Affairs, Secretary of Homeland Security, Administrator of the Environmental Protection Agency, Director of the Office of Management and Budget, Director of National Intelligence, Trade Representative, Administrator of the Small Business Administration, White House Chief of Staff) be impeached before Jan 1, 2027?",paper,PASS,LOW,2,DRIFT,LONG,4,,0,0.053,0.09,0.037,0.075,,,0.15,46,C,0,0,0,0,0,0,0,0,,,,YES,0,,,0,,,,,,,,,,,0,,,0,,,,,,,,,2027-01-01T15:00:00Z,,,,,
3571d8df,5b687380,2026-07-23,2026-07-23T14:58:55.735139+00:00,KXFDAAPPROVE-MDMA-27JAN01,"Will the FDA approve midomafetamine / MDMA for PTSD before Jan 1, 2027?",paper,PASS,LOW,2,HEURISTIC,LONG,4,,0,0.14,0.05,0.09,0.22,,,0.4,50,C,0,0,0,0,0,0,0,0,,,,YES,0,,,0,,,,,,,,,,,0,,,0,,,,,,,,,2027-01-01T04:59:00Z,,,,,
86c5c04b,5b687380,2026-07-23,2026-07-23T14:58:55.743252+00:00,KXMLBDEBUT-JMADE-26NOV01,"Will Jesús Made play in a game for any team in the MLB before Nov 1, 2026?",paper,PASS,LOW,2,DRIFT,LONG,4,,0,0.16,0.2,0.04,0.09,,,0.35,46,C,0,0,0,0,0,0,0,0,,,,YES,0,,,0,,,,,,,,,,,0,,,0,,,,,,,,,2026-11-01T04:59:00Z,,,,,
b7103878,5b687380,2026-07-23,2026-07-23T14:58:55.751184+00:00,KXMLBDEBUT-FARIAS-26NOV01,"Will Franklin Arias play in a game for any team in the MLB before Nov 1, 2026?",paper,PASS,LOW,2,DRIFT,LONG,4,,0,0.365,0.2,0.165,-0.18,,,0.35,32,D,0,0,0,0,0,0,0,0,,,,NO,0,,,0,,,,,,,,,,,0,,,0,,,,,,,,,2026-11-01T04:59:00Z,,,,,
5b4346da,daf5752f,2026-07-25,2026-07-25T17:16:39.062465+00:00,KXNFLRETIRE-LJOHNSON65-2627,Will Lane Johnson announce his retirement before the 2026-27 NFL season?,paper,PASS,LOW,2,DRIFT,QUARTERLY,3,,0,0.115,0.07,-0.045,0.14,,,0.3,50,C,0,0,0,0,0,0,0,0,,,,YES,0,,,0,,,,,,,,,,,0,,,0,,,,,,,,,2026-09-30T03:59:00Z,,,,,
a678040f,daf5752f,2026-07-25,2026-07-25T17:16:39.111187+00:00,KXTVSEASONANNOUNCEEUP-JAN-27,"Will a new season of Euphoria be announced before Jan 1, 2027?",paper,PASS,LOW,2,HEURISTIC,LONG,4,,0,0.065,0.04,-0.025,0.16,,,0.25,60,B,0,0,0,0,0,0,0,0,,,,YES,0,,,0,,,,,,,,,,,0,,,0,,,,,,,,,2027-01-01T15:00:00Z,,,,,
c9b8bf49,daf5752f,2026-07-25,2026-07-25T17:16:39.129165+00:00,KXRECOGSOMALI-29-27,Will Trump recognize Somaliland?,paper,PASS,LOW,2,HEURISTIC,LONG,4,,0,0.098,0.06,-0.038,0.18,,,0.3,55,B,0,0,0,0,0,0,0,0,,,,YES,0,,,0,,,,,,,,,,,0,,,0,,,,,,,,,2027-01-01T15:00:00Z,,,,,
4644c1cf,daf5752f,2026-07-25,2026-07-25T17:16:39.148571+00:00,KXALBUMRELEASEDATEBEY-NEW-JAN01-27,"Will Beyonce release new album before Jan 1, 2027?",paper,PASS,LOW,2,DRIFT,LONG,4,,0,0.585,0.53,-0.055,,,,,45,C,0,0,0,0,0,0,0,0,,,,,0,,,0,,,,,,,,,,,0,,,0,,,,,,,,,2027-01-01T15:00:00Z,,,,,
8884c559,daf5752f,2026-07-25,2026-07-25T17:16:39.170988+00:00,KXTVSEASONRELEASETHELASTOFUS-27-JAN,"When will ""The Last of Us"" Season 3 be released?",paper,PASS,LOW,2,DRIFT,LONG,4,,0,0.09,0.03,-0.06,0.13,,,0.25,50,C,0,0,0,0,0,0,0,0,,,,YES,0,,,0,,,,,,,,,,,0,,,0,,,,,,,,,2027-01-01T15:00:00Z,,,,,
c666e997,daf5752f,2026-07-25,2026-07-25T17:16:39.191612+00:00,KXIPOAIRTABLE-27JAN01,When will Airtable officially announce an IPO?,paper,PASS,LOW,2,DRIFT,LONG,4,,0,0.055,0.12,0.065,0.15,,,0.25,50,C,0,0,0,0,0,0,0,0,,,,YES,0,,,0,,,,,,,,,,,0,,,0,,,,,,,,,2027-01-01T04:59:00Z,,,,,
4fa4ef04,daf5752f,2026-07-25,2026-07-25T17:16:39.216553+00:00,KXMLBDEBUT-KANDERSON-26NOV01,"Will Kade Anderson play in a game for any team in the MLB before Nov 1, 2026?",paper,PASS,LOW,2,HEURISTIC,LONG,4,,0,0.77,0.68,-0.09,0.36,,,0.35,55,B,0,0,0,0,0,0,0,0,,,,NO,0,,,0,,,,,,,,,,,0,,LOSS,1,0,0.0,0.0,2026-08-23T22:37:08.252963+00:00,29.22,,,,2026-11-01T04:59:00Z,,,,,
651cf7d2,daf5752f,2026-07-25,2026-07-25T17:16:39.232680+00:00,KXFDAAPPROVE-MDMA-27JAN01,"Will the FDA approve midomafetamine / MDMA for PTSD before Jan 1, 2027?",paper,PASS,LOW,2,HEURISTIC,LONG,4,,0,0.145,0.09,-0.055,0.22,,,0.4,50,C,0,0,0,0,0,0,0,0,,,,YES,0,,,0,,,,,,,,,,,0,,,0,,,,,,,,,2027-01-01T04:59:00Z,,,,,
35699f86,daf5752f,2026-07-25,2026-07-25T17:16:39.261798+00:00,KXMLBDEBUT-ZHOPE-26NOV01,"Will Zyhir Hope play in a game for any team in the MLB before Nov 1, 2026?",paper,PASS,LOW,2,DRIFT,LONG,4,,0,0.155,0.08,-0.075,0.12,,,0.35,50,C,0,0,0,0,0,0,0,0,,,,YES,0,,,0,,,,,,,,,,,0,,,0,,,,,,,,,2026-11-01T04:59:00Z,,,,,
0023209f,daf5752f,2026-07-25,2026-07-25T17:16:39.295990+00:00,KXCABLEAVE-26MAY22-26SEP,Will any member of Trump's Cabinet leave before Sep 2026?,paper,YES,MED,1,HEURISTIC,QUARTERLY,3,,0,0.235,0.4,0.165,0.39,0.377,1.52,0.65,65,B,1,0,0,0,0,0,0,0,,,,YES,0,,,0,,,,,,,,,,,0,,LOSS,1,0,-0.235,-2.35,2026-09-01T22:10:23.561369+00:00,38.2,0.16,0.0552,-18.5,2026-09-02T03:59:00Z,,,KXCABLEAVE-26MAY22,KXCABLEAVE,https://kalshi.com/markets/kxcableave/kxcableave-26may22
86e6b474,59907a2f,2026-07-26,2026-07-26T16:18:26.963682+00:00,KXNFLRETIRE-LJOHNSON65-2627,Will Lane Johnson announce his retirement before the 2026-27 NFL season?,paper,PASS,LOW,2,DRIFT,QUARTERLY,3,,0,0.115,0.06,-0.055,0.14,,,0.3,50,C,0,0,0,0,0,0,0,0,,,,YES,0,,,0,,,,,,,,,,,0,,,0,,,,,,,,,2026-09-30T03:59:00Z,,,,,
be438c87,59907a2f,2026-07-26,2026-07-26T16:18:27.003398+00:00,KXTVSEASONANNOUNCEEUP-JAN-27,"Will a new season of Euphoria be announced before Jan 1, 2027?",paper,PASS,LOW,2,HEURISTIC,LONG,4,,0,0.065,0.04,-0.025,0.16,,,0.25,60,B,0,0,0,0,0,0,0,0,,,,YES,0,,,0,,,,,,,,,,,0,,,0,,,,,,,,,2027-01-01T15:00:00Z,,,,,
e596e5b9,59907a2f,2026-07-26,2026-07-26T16:18:27.019767+00:00,KXRECOGSOMALI-29-27,Will Trump recognize Somaliland?,paper,PASS,LOW,2,HEURISTIC,LONG,4,,0,0.1,0.14,0.04,0.18,,,0.3,55,B,0,0,0,0,0,0,0,0,,,,YES,0,,,0,,,,,,,,,,,0,,,0,,,,,,,,,2027-01-01T15:00:00Z,,,,,
d65253f2,59907a2f,2026-07-26,2026-07-26T16:18:27.036214+00:00,KXIMPEACHCABINET-27JAN01,"Will any member of the Cabinet (defined as: the Vice President, Secretary of State, Secretary of the Treasury, Secretary of Defense, Attorney General, Secretary of the Interior, Secretary of Agriculture, Secretary of Commerce, Secretary of Labor, Secretary of Health and Human Services, Secretary of Housing and Urban Development, Secretary of Transportation, Secretary of Energy, Secretary of Education, Secretary of Veterans Affairs, Secretary of Homeland Security, Administrator of the Environmental Protection Agency, Director of the Office of Management and Budget, Director of National Intelligence, Trade Representative, Administrator of the Small Business Administration, White House Chief of Staff) be impeached before Jan 1, 2027?",paper,PASS,LOW,2,HEURISTIC,LONG,4,,0,0.051,0.04,-0.011,0.079,,,0.15,46,C,0,0,0,0,0,0,0,0,,,,YES,0,,,0,,,,,,,,,,,0,,,0,,,,,,,,,2027-01-01T15:00:00Z,,,,,
5863ef3d,59907a2f,2026-07-26,2026-07-26T16:18:27.054203+00:00,KXALBUMRELEASEDATEBEY-NEW-JAN01-27,"Will Beyonce release new album before Jan 1, 2027?",paper,PASS,LOW,2,DRIFT,LONG,4,,0,0.58,0.55,-0.03,,,,,45,C,0,0,0,0,0,0,0,0,,,,,0,,,0,,,,,,,,,,,0,,,0,,,,,,,,,2027-01-01T15:00:00Z,,,,,
4fb9f973,59907a2f,2026-07-26,2026-07-26T16:18:27.077834+00:00,KXTVSEASONRELEASETHELASTOFUS-27-JAN,"When will ""The Last of Us"" Season 3 be released?",paper,PASS,LOW,2,DRIFT,LONG,4,,0,0.09,0.07,-0.02,0.13,,,0.25,50,C,0,0,0,0,0,0,0,0,,,,YES,0,,,0,,,,,,,,,,,0,,,0,,,,,,,,,2027-01-01T15:00:00Z,,,,,
3bed762c,59907a2f,2026-07-26,2026-07-26T16:18:27.096202+00:00,KXARTISTCOLLABTHUGANDGUNNA-30-2027,Will Young Thug and Gunna make a song together?,paper,PASS,LOW,2,DRIFT,LONG,4,,0,0.195,0.11,-0.085,,,,,40,C,0,0,0,0,0,0,0,0,,,,,0,,,0,,,,,,,,,,,0,,,0,,,,,,,,,2027-01-01T15:00:00Z,,,,,
768e2a17,59907a2f,2026-07-26,2026-07-26T16:18:27.113275+00:00,KXIPOAIRTABLE-27JAN01,When will Airtable officially announce an IPO?,paper,PASS,LOW,2,DRIFT,LONG,4,,0,0.055,0.1,0.045,0.15,,,0.25,50,C,0,0,0,0,0,0,0,0,,,,YES,0,,,0,,,,,,,,,,,0,,,0,,,,,,,,,2027-01-01T04:59:00Z,,,,,
8dc90860,59907a2f,2026-07-26,2026-07-26T16:18:27.130077+00:00,KXMLBDEBUT-ZHOPE-26NOV01,"Will Zyhir Hope play in a game for any team in the MLB before Nov 1, 2026?",paper,PASS,LOW,2,DRIFT,LONG,4,,0,0.155,0.12,-0.035,0.12,,,0.35,50,C,0,0,0,0,0,0,0,0,,,,YES,0,,,0,,,,,,,,,,,0,,,0,,,,,,,,,2026-11-01T04:59:00Z,,,,,
bb3f738c,30a29e1f,2026-07-26,2026-07-26T16:23:37.859562+00:00,KXNFLRETIRE-LJOHNSON65-2627,Will Lane Johnson announce his retirement before the 2026-27 NFL season?,paper,PASS,LOW,2,DRIFT,QUARTERLY,3,,0,0.115,0.06,-0.055,0.14,,,0.3,50,C,0,0,0,0,0,0,0,0,,,,YES,0,,,0,,,,,,,,,,,0,,,0,,,,,,,,,2026-09-30T03:59:00Z,,,,,
80aafd53,30a29e1f,2026-07-26,2026-07-26T16:23:37.945353+00:00,KXTVSEASONANNOUNCEEUP-JAN-27,"Will a new season of Euphoria be announced before Jan 1, 2027?",paper,PASS,LOW,2,HEURISTIC,LONG,4,,0,0.065,0.04,-0.025,0.16,,,0.25,60,B,0,0,0,0,0,0,0,0,,,,YES,0,,,0,,,,,,,,,,,0,,,0,,,,,,,,,2027-01-01T15:00:00Z,,,,,
e5ea9cc2,30a29e1f,2026-07-26,2026-07-26T16:23:37.958567+00:00,KXRECOGSOMALI-29-27,Will Trump recognize Somaliland?,paper,PASS,LOW,2,HEURISTIC,LONG,4,,0,0.1,0.08,-0.02,0.18,,,0.3,55,B,0,0,0,0,0,0,0,0,,,,YES,0,,,0,,,,,,,,,,,0,,,0,,,,,,,,,2027-01-01T15:00:00Z,,,,,
4a32de71,30a29e1f,2026-07-26,2026-07-26T16:23:37.971453+00:00,KXIMPEACHCABINET-27JAN01,"Will any member of the Cabinet (defined as: the Vice President, Secretary of State, Secretary of the Treasury, Secretary of Defense, Attorney General, Secretary of the Interior, Secretary of Agriculture, Secretary of Commerce, Secretary of Labor, Secretary of Health and Human Services, Secretary of Housing and Urban Development, Secretary of Transportation, Secretary of Energy, Secretary of Education, Secretary of Veterans Affairs, Secretary of Homeland Security, Administrator of the Environmental Protection Agency, Director of the Office of Management and Budget, Director of National Intelligence, Trade Representative, Administrator of the Small Business Administration, White House Chief of Staff) be impeached before Jan 1, 2027?",paper,PASS,LOW,2,HEURISTIC,LONG,4,,0,0.051,0.03,-0.021,0.079,,,0.15,46,C,0,0,0,0,0,0,0,0,,,,YES,0,,,0,,,,,,,,,,,0,,,0,,,,,,,,,2027-01-01T15:00:00Z,,,,,
a08edab1,30a29e1f,2026-07-26,2026-07-26T16:23:37.979730+00:00,KXALBUMRELEASEDATEBEY-NEW-JAN01-27,"Will Beyonce release new album before Jan 1, 2027?",paper,PASS,LOW,2,DRIFT,LONG,4,,0,0.58,0.52,-0.06,,,,,45,C,0,0,0,0,0,0,0,0,,,,,0,,,0,,,,,,,,,,,0,,,0,,,,,,,,,2027-01-01T15:00:00Z,,,,,
6b30ca71,30a29e1f,2026-07-26,2026-07-26T16:23:37.994530+00:00,KXFDAAPPROVE-MDMA-27JAN01,"Will the FDA approve midomafetamine / MDMA for PTSD before Jan 1, 2027?",paper,PASS,MED,1,DRIFT,LONG,4,,0,0.135,0.03,-0.105,0.24,,,0.4,60,B,0,0,0,0,0,0,0,0,,,,YES,0,,,0,,,,,,,,,,,0,,,0,,,,,,,,,2027-01-01T04:59:00Z,,,,,
e869dddc,30a29e1f,2026-07-26,2026-07-26T16:23:38.006737+00:00,KXTVSEASONRELEASETHELASTOFUS-27-JAN,"When will ""The Last of Us"" Season 3 be released?",paper,PASS,LOW,2,DRIFT,LONG,4,,0,0.09,0.06,-0.03,0.13,,,0.25,50,C,0,0,0,0,0,0,0,0,,,,YES,0,,,0,,,,,,,,,,,0,,,0,,,,,,,,,2027-01-01T15:00:00Z,,,,,
f144ec22,30a29e1f,2026-07-26,2026-07-26T16:23:38.020624+00:00,KXARTISTCOLLABTHUGANDGUNNA-30-2027,Will Young Thug and Gunna make a song together?,paper,PASS,LOW,2,DRIFT,LONG,4,,0,0.195,0.12,-0.075,,,,,40,C,0,0,0,0,0,0,0,0,,,,,0,,,0,,,,,,,,,,,0,,,0,,,,,,,,,2027-01-01T15:00:00Z,,,,,
5ef8a1d2,30a29e1f,2026-07-26,2026-07-26T16:23:38.036795+00:00,KXIPOAIRTABLE-27JAN01,When will Airtable officially announce an IPO?,paper,PASS,LOW,2,DRIFT,LONG,4,,0,0.055,0.13,0.075,0.15,,,0.25,50,C,0,0,0,0,0,0,0,0,,,,YES,0,,,0,,,,,,,,,,,0,,,0,,,,,,,,,2027-01-01T04:59:00Z,,,,,
c19137b2,30a29e1f,2026-07-26,2026-07-26T16:23:38.048036+00:00,KXMLBDEBUT-ZHOPE-26NOV01,"Will Zyhir Hope play in a game for any team in the MLB before Nov 1, 2026?",paper,PASS,LOW,2,DRIFT,LONG,4,,0,0.155,0.1,-0.055,0.12,,,0.35,50,C,0,0,0,0,0,0,0,0,,,,YES,0,,,0,,,,,,,,,,,0,,,0,,,,,,,,,2026-11-01T04:59:00Z,,,,,
1e984bee,2ff99772,2026-07-27,2026-07-27T14:49:47.229997+00:00,KXCABLEAVE-26MAY22-26AUG,Will any member of Trump's Cabinet leave before Aug 2026?,paper,YES,MED,1,HEURISTIC,WEEKLY,1,,1,0.05,0.65,0.6,0.58,,,0.65,,Unscored,1,0,0,0,1,0,0,0,,,cabinet departure,YES,0,,,0,,,,,,,,,,,0,,LOSS,1,0,-0.05,-0.5,,,0.4225,0.0025,-2.0,2026-08-02T03:59:00Z,,,KXCABLEAVE-26MAY22,KXCABLEAVE,https://kalshi.com/markets/kxcableave/kxcableave-26may22
5f57e36e,f5935b77,2026-07-27,2026-07-27T15:14:53.932629+00:00,KXCABLEAVE-26MAY22-26SEP,Will any member of Trump's Cabinet leave before Sep 2026?,paper,PASS,LOW,2,DRIFT,QUARTERLY,3,,0,0.215,0.25,0.035,0.41,,,0.65,50,C,0,0,0,0,0,0,0,1,YES,250.0,,YES,0,,,0,,,,,,,,,,,0,,LOSS,1,0,0.0,0.0,2026-09-01T22:10:30.570751+00:00,36.29,,,,2026-09-02T03:59:00Z,,,,,
66921ea7,f5935b77,2026-07-27,2026-07-27T15:14:53.956213+00:00,KXNFLRETIRE-LJOHNSON65-2627,Will Lane Johnson announce his retirement before the 2026-27 NFL season?,paper,PASS,MED,1,DRIFT,QUARTERLY,3,,0,0.115,0.07,0.045,0.14,,,0.3,60,B,0,0,0,0,0,0,0,1,YES,167.0,,YES,0,,,0,,,,,,,,,,,0,,,0,,,,,,,,,2026-09-30T03:59:00Z,,,,,
3b7b4f72,f5935b77,2026-07-27,2026-07-27T15:14:54.035444+00:00,KXVETOOVERRIDE-29JAN20-27,Will Congress override Trump's veto before 2027?,paper,PASS,LOW,2,HEURISTIC,LONG,4,,0,0.105,0.12,0.015,0.09,,,0.2,56,B,0,0,0,0,0,0,0,1,NO,250.0,,YES,0,,,0,,,,,,,,,,,0,,,0,,,,,,,,,2027-01-01T15:00:00Z,,,,,
29c32e58,f5935b77,2026-07-27,2026-07-27T15:14:54.069304+00:00,KXIMPEACHCABINET-27JAN01,"Will any member of the Cabinet (defined as: the Vice President, Secretary of State, Secretary of the Treasury, Secretary of Defense, Attorney General, Secretary of the Interior, Secretary of Agriculture, Secretary of Commerce, Secretary of Labor, Secretary of Health and Human Services, Secretary of Housing and Urban Development, Secretary of Transportation, Secretary of Energy, Secretary of Education, Secretary of Veterans Affairs, Secretary of Homeland Security, Administrator of the Environmental Protection Agency, Director of the Office of Management and Budget, Director of National Intelligence, Trade Representative, Administrator of the Small Business Administration, White House Chief of Staff) be impeached before Jan 1, 2027?",paper,PASS,LOW,2,HEURISTIC,LONG,4,,0,0.051,0.07,0.019,0.079,,,0.15,46,C,0,0,0,0,0,0,0,1,NO,876.0,,YES,0,,,0,,,,,,,,,,,0,,,0,,,,,,,,,2027-01-01T15:00:00Z,,,,,
ebc0d3a7,f5935b77,2026-07-27,2026-07-27T15:14:54.079504+00:00,KXFDAAPPROVE-MDMA-27JAN01,"Will the FDA approve midomafetamine / MDMA for PTSD before Jan 1, 2027?",paper,PASS,MED,1,DRIFT,LONG,4,,0,0.135,0.03,0.105,0.24,,,0.4,60,B,0,0,0,0,0,0,0,1,NO,193.62,,YES,0,,,0,,,,,,,,,,,0,,,0,,,,,,,,,2027-01-01T04:59:00Z,,,,,
759baafd,f5935b77,2026-07-27,2026-07-27T15:14:54.092188+00:00,KXTVSEASONRELEASETHELASTOFUS-27-JAN,"When will ""The Last of Us"" Season 3 be released?",paper,PASS,MED,1,DRIFT,LONG,4,,0,0.08,0.04,0.04,0.15,,,0.25,60,B,0,0,0,0,0,0,0,1,NO,183.0,,YES,0,,,0,,,,,,,,,,,0,,,0,,,,,,,,,2027-01-01T15:00:00Z,,,,,
ef06c596,f5935b77,2026-07-27,2026-07-27T15:14:54.104144+00:00,KXMLBDEBUT-KANDERSON-26NOV01,"Will Kade Anderson play in a game for any team in the MLB before Nov 1, 2026?",paper,PASS,LOW,2,DRIFT,LONG,4,,0,0.62,0.52,0.1,0.26,,,0.35,50,C,0,0,0,0,0,0,0,1,YES,100.0,,NO,0,,,0,,,,,,,,,,,0,,LOSS,1,0,0.0,0.0,2026-08-23T22:37:18.465026+00:00,27.31,,,,2026-11-01T04:59:00Z,,,,,
e2a39eeb,f5935b77,2026-07-27,2026-07-27T15:14:54.117836+00:00,KXALBUMRELEASEDATEBEY-NEW-JAN01-27,"Will Beyonce release new album before Jan 1, 2027?",paper,PASS,LOW,2,DRIFT,LONG,4,,0,0.58,0.52,0.06,,,,,45,C,0,0,0,0,0,0,0,1,NO,500.0,,,0,,,0,,,,,,,,,,,0,,,0,,,,,,,,,2027-01-01T15:00:00Z,,,,,
4393935d,f5935b77,2026-07-27,2026-07-27T15:14:54.146380+00:00,KXCHINAEUV-30-27JAN01,"Will China obtains or develops a functional extreme ultraviolet (EUV) lithography machine that capable of patterning semiconductor wafers in a fabrication facility be confirmed before Jan 1, 2027?",paper,PASS,LOW,2,DRIFT,LONG,4,,0,0.155,0.15,0.005,,,,,40,C,0,0,0,0,0,0,0,1,NO,150.0,,,0,,,0,,,,,,,,,,,0,,,0,,,,,,,,,2027-01-01T04:59:00Z,,,,,
57ccb7d0,f5935b77,2026-07-27,2026-07-27T15:14:54.154779+00:00,KXNBARETIRE-RWESTBROOK18-2627,Will Russell Westbrook announce his retirement before the 2026-27 NBA season?,paper,PASS,LOW,2,DRIFT,LONG,4,,0,0.165,0.09,0.075,0.11,,,0.3,50,C,0,0,0,0,0,0,0,0,,,,YES,0,,,0,,,,,,,,,,,0,,LOSS,1,0,0.0,0.0,,,,,,2026-11-15T04:59:00Z,,,,,
3884ffa4,74a25cfc,2026-07-28,2026-07-28T23:24:05.798760+00:00,KXNFLRETIRE-LJOHNSON65-2627,Will Lane Johnson announce his retirement before the 2026-27 NFL season?,paper,PASS,LOW,2,DRIFT,QUARTERLY,3,Sports,0,0.115,0.08,-0.035,0.14,,,0.3,50,C,0,0,0,0,0,0,0,1,YES,167.0,,YES,1,0.144,NO,1,0.7826,,,,,,,,0.3114,YES,0,,,0,,,,,,,,,2026-09-30T03:59:00Z,,,,,
a6b0127b,74a25cfc,2026-07-28,2026-07-28T23:24:05.816923+00:00,KXVETOOVERRIDE-29JAN20-27,Will Congress override Trump's veto before 2027?,paper,PASS,LOW,2,HEURISTIC,LONG,4,Politics,0,0.115,0.08,-0.035,0.07,,,0.2,56,B,0,0,0,0,0,0,0,1,NO,250.0,,YES,1,0.109,NO,1,0.2707,,,,,,0.884,0.7695,-0.0545,NO,0,,,0,,,,,,,,,2027-01-01T15:00:00Z,,,,,
bedde936,74a25cfc,2026-07-28,2026-07-28T23:24:05.828242+00:00,KXTVSEASONRELEASETHELASTOFUS-27-JAN,"When will ""The Last of Us"" Season 3 be released?",paper,PASS,LOW,2,DRIFT,LONG,4,Entertainment,0,0.095,0.06,-0.035,0.13,,,0.25,50,C,0,0,0,0,0,0,0,1,NO,183.0,,YES,1,0.039,NO,1,0.5263,,,,,,,,0.1483,YES,0,,,0,,,,,,,,,2027-01-01T15:00:00Z,,,,,
553f48c4,74a25cfc,2026-07-28,2026-07-28T23:24:05.837163+00:00,KXMLBDEBUT-KANDERSON-26NOV01,"Will Kade Anderson play in a game for any team in the MLB before Nov 1, 2026?",paper,PASS,LOW,2,DRIFT,LONG,4,Sports,0,0.64,0.58,-0.06,0.23,,,0.35,50,C,0,0,0,0,0,0,0,1,YES,250.0,,NO,0,0.576,,1,0.1875,,,,,,,,-0.16,NO,0,,LOSS,1,0,0.0,0.0,2026-08-23T22:37:20.572421+00:00,25.97,,,,2026-11-01T04:59:00Z,,,,,
7c5a7418,74a25cfc,2026-07-28,2026-07-28T23:24:05.844963+00:00,KXCHINAEUV-30-27JAN01,"Will China obtains or develops a functional extreme ultraviolet (EUV) lithography machine that capable of patterning semiconductor wafers in a fabrication facility be confirmed before Jan 1, 2027?",paper,PASS,LOW,2,DRIFT,LONG,4,Politics,0,0.155,0.13,-0.025,,,,,40,C,0,0,0,0,0,0,0,1,NO,150.0,,,1,0.058,NO,1,0.3226,,,,,,,,,,0,,,0,,,,,,,,,2027-01-01T04:59:00Z,,,,,
90dfcf2a,74a25cfc,2026-07-28,2026-07-28T23:24:05.853845+00:00,KXNBARETIRE-RWESTBROOK18-2627,Will Russell Westbrook announce his retirement before the 2026-27 NBA season?,paper,PASS,LOW,2,HEURISTIC,LONG,4,Sports,0,0.18,0.09,-0.09,0.11,,,0.3,55,B,0,0,0,0,0,0,0,0,,,,YES,1,0.06,NO,1,0.1111,,,,,,,,0.2464,,0,,LOSS,1,0,0.0,0.0,,,,,,2026-11-15T04:59:00Z,,,,,
2baf9270,74a25cfc,2026-07-28,2026-07-28T23:24:05.869415+00:00,KXMLBDEBUT-ZHOPE-26NOV01,"Will Zyhir Hope play in a game for any team in the MLB before Nov 1, 2026?",paper,PASS,LOW,2,DRIFT,LONG,4,Sports,0,0.15,0.13,-0.02,0.12,,,0.35,50,C,0,0,0,0,0,0,0,0,,,,YES,1,0.044,NO,1,1.0667,,,,,,,,0.0688,,0,,,0,,,,,,,,,2026-11-01T04:59:00Z,,,,,
b65d6dae,74a25cfc,2026-07-28,2026-07-28T23:24:05.893674+00:00,KXMEDIARELEASEPRISONBREAK-30JAN01-27JAN01,"Will A New Season of Prison Break be released Worldwide before Jan 1, 2030?",paper,PASS,LOW,2,DRIFT,LONG,4,Entertainment,0,0.235,0.2,-0.035,-0.03,,,0.25,32,D,0,0,0,0,0,0,0,0,,,,YES,0,0.529,,1,0.383,,,,,,,,0.1138,YES,0,,,0,,,,,,,,,2027-01-01T04:59:00Z,,,,,
d19730b8,74a25cfc,2026-07-28,2026-07-28T23:24:05.910921+00:00,KXMLBDEBUT-FARIAS-26NOV01,"Will Franklin Arias play in a game for any team in the MLB before Nov 1, 2026?",paper,PASS,LOW,2,DRIFT,LONG,4,Sports,0,0.34,0.35,0.01,-0.19,,,0.35,32,D,0,0,0,0,0,0,0,0,,,,YES,0,0.367,,1,1.1765,,,,,,,,-0.25,NO,0,,,0,,,,,,,,,2026-11-01T04:59:00Z,,,,,
6674ebe4,8e6c97ef,2026-07-28,2026-07-28T23:24:29.254162+00:00,KXNFLRETIRE-LJOHNSON65-2627,Will Lane Johnson announce his retirement before the 2026-27 NFL season?,paper,PASS,MED,1,DRIFT,QUARTERLY,3,Sports,0,0.115,0.06,-0.055,0.14,,,0.3,60,B,0,0,0,0,0,0,0,1,YES,167.0,,YES,1,0.144,NO,1,0.7826,,,,,,,,0.3114,YES,0,,,0,,,,,,,,,2026-09-30T03:59:00Z,,,,,
6ab1512d,8e6c97ef,2026-07-28,2026-07-28T23:24:29.267879+00:00,KXVETOOVERRIDE-29JAN20-27,Will Congress override Trump's veto before 2027?,paper,PASS,LOW,2,HEURISTIC,LONG,4,Politics,0,0.115,0.1,-0.015,0.07,,,0.2,56,B,0,0,0,0,0,0,0,1,NO,250.0,,YES,1,0.109,NO,1,0.2707,,,,,,0.884,0.7695,-0.0545,NO,0,,,0,,,,,,,,,2027-01-01T15:00:00Z,,,,,
2b292561,8e6c97ef,2026-07-28,2026-07-28T23:24:29.278184+00:00,KXTVSEASONRELEASETHELASTOFUS-27-JAN,"When will ""The Last of Us"" Season 3 be released?",paper,PASS,MED,1,DRIFT,LONG,4,Entertainment,0,0.095,0.05,-0.045,0.13,,,0.25,60,B,0,0,0,0,0,0,0,1,NO,183.0,,YES,1,0.039,NO,1,0.5263,,,,,,,,0.1483,YES,0,,,0,,,,,,,,,2027-01-01T15:00:00Z,,,,,
49dc57a4,8e6c97ef,2026-07-28,2026-07-28T23:24:29.302721+00:00,KXCHINAEUV-30-27JAN01,"Will China obtains or develops a functional extreme ultraviolet (EUV) lithography machine that capable of patterning semiconductor wafers in a fabrication facility be confirmed before Jan 1, 2027?",paper,PASS,LOW,2,DRIFT,LONG,4,Politics,0,0.155,0.14,-0.015,,,,,40,C,0,0,0,0,0,0,0,1,NO,150.0,,,1,0.058,NO,1,0.3226,,,,,,,,,,0,,,0,,,,,,,,,2027-01-01T04:59:00Z,,,,,
09419be7,8e6c97ef,2026-07-28,2026-07-28T23:24:29.314412+00:00,KXNBARETIRE-RWESTBROOK18-2627,Will Russell Westbrook announce his retirement before the 2026-27 NBA season?,paper,PASS,LOW,2,HEURISTIC,LONG,4,Sports,0,0.18,0.18,0.0,0.11,,,0.3,55,B,0,0,0,0,0,0,0,0,,,,YES,1,0.06,NO,1,0.1111,,,,,,,,0.2464,,0,,LOSS,1,0,0.0,0.0,,,,,,2026-11-15T04:59:00Z,,,,,
a9f0e3b8,8e6c97ef,2026-07-28,2026-07-28T23:24:29.330526+00:00,KXMLBDEBUT-ZHOPE-26NOV01,"Will Zyhir Hope play in a game for any team in the MLB before Nov 1, 2026?",paper,PASS,LOW,2,DRIFT,LONG,4,Sports,0,0.15,0.15,0.0,0.12,,,0.35,50,C,0,0,0,0,0,0,0,0,,,,YES,1,0.044,NO,1,1.0667,,,,,,,,0.0688,,0,,,0,,,,,,,,,2026-11-01T04:59:00Z,,,,,
7c16f23f,8e6c97ef,2026-07-28,2026-07-28T23:24:29.339281+00:00,KXMEDIARELEASEPRISONBREAK-30JAN01-27JAN01,"Will A New Season of Prison Break be released Worldwide before Jan 1, 2030?",paper,PASS,LOW,2,DRIFT,LONG,4,Entertainment,0,0.235,0.22,-0.015,-0.03,,,0.25,32,D,0,0,0,0,0,0,0,0,,,,YES,0,0.529,,1,0.383,,,,,,,,0.1138,YES,0,,,0,,,,,,,,,2027-01-01T04:59:00Z,,,,,
677ec8ba,8e6c97ef,2026-07-28,2026-07-28T23:24:29.359795+00:00,KXMLBDEBUT-FARIAS-26NOV01,"Will Franklin Arias play in a game for any team in the MLB before Nov 1, 2026?",paper,PASS,LOW,2,DRIFT,LONG,4,Sports,0,0.34,0.32,-0.02,-0.19,,,0.35,32,D,0,0,0,0,0,0,0,0,,,,YES,0,0.367,,1,1.1765,,,,,,,,-0.25,NO,0,,,0,,,,,,,,,2026-11-01T04:59:00Z,,,,,
9daa4171,f197ce79,2026-07-29,2026-07-29T17:05:43.238144+00:00,KXVETOOVERRIDE-29JAN20-27,Will Congress override Trump's veto before 2027?,paper,PASS,LOW,2,HEURISTIC,LONG,4,Politics,0,0.115,0.08,0.035,0.07,,,0.2,56,B,0,0,0,0,0,0,0,1,NO,250.0,,YES,1,0.109,NO,1,0.2707,,,,,,0.884,0.7695,-0.0545,NO,0,,,0,,,,,,,,,2027-01-01T15:00:00Z,,,,,
ffbbf874,f197ce79,2026-07-29,2026-07-29T17:05:43.248247+00:00,KXCONGRESSPAYINCREASE-30-27JAN01,"Will it be reported by any of the Source Agencies that the annual base salary of all Members of Congress increases above $174,000 before Jan 1, 2027?",paper,PASS,LOW,2,HEURISTIC,LONG,4,Politics,0,0.095,0.07,0.025,0.25,,,0.35,50,C,0,0,0,0,0,0,0,1,NO,200.0,,YES,1,0.029,NO,1,0.1053,,,,,,,,,,0,,,0,,,,,,,,,2027-01-01T04:59:00Z,,,,,
849cdae6,f197ce79,2026-07-29,2026-07-29T17:05:43.257397+00:00,KXCHINAEUV-30-27JAN01,"Will China obtains or develops a functional extreme ultraviolet (EUV) lithography machine that capable of patterning semiconductor wafers in a fabrication facility be confirmed before Jan 1, 2027?",paper,PASS,LOW,2,DRIFT,LONG,4,Politics,0,0.155,0.15,0.005,,,,,40,C,0,0,0,0,0,0,0,1,NO,150.0,,,1,0.049,NO,1,0.3226,,,,,,,,,,0,,,0,,,,,,,,,2027-01-01T04:59:00Z,,,,,
55d3a15a,ab188650,2026-07-30,2026-07-30T23:20:47.042303+00:00,KXCABLEAVE-26MAY22-26SEP,Will any member of Trump's Cabinet leave before Sep 2026?,paper,PASS,LOW,2,DRIFT,QUARTERLY,3,Politics,0,0.205,0.24,0.035,0.42,,,0.65,50,C,0,0,0,0,0,0,0,1,YES,250.0,,YES,1,0.21,NO,1,0.2439,,,,,,0.032,-0.173,0.025,YES,0,,LOSS,1,0,0.0,0.0,2026-09-01T22:10:39.276907+00:00,32.95,,,,2026-09-02T03:59:00Z,,,,,
1a068a19,ab188650,2026-07-30,2026-07-30T23:20:47.050699+00:00,KXAGICO-COMP-26Q3,"Will any company announce that it has achieved Artificial General Intelligence (AGI) before Oct 1, 2026?",paper,PASS,LOW,2,HEURISTIC,QUARTERLY,3,Companies,0,0.06,0.07,0.01,0.18,,,0.25,55,B,0,0,0,0,0,0,0,1,YES,350.82,,YES,1,0.294,NO,1,0.3333,,,,,,,,0.06,YES,0,,,0,,,,,,,,,2026-10-01T03:59:00Z,,,,,
9140e002,ab188650,2026-07-30,2026-07-30T23:20:47.062306+00:00,KXCONGRESSPAYINCREASE-30-27JAN01,"Will it be reported by any of the Source Agencies that the annual base salary of all Members of Congress increases above $174,000 before Jan 1, 2027?",paper,PASS,LOW,2,HEURISTIC,LONG,4,Politics,0,0.095,0.05,0.045,0.25,,,0.35,50,C,0,0,0,0,0,0,0,1,NO,200.0,,YES,1,0.023,NO,1,0.1053,,,,,,,,,,0,,,0,,,,,,,,,2027-01-01T04:59:00Z,,,,,
da07ce92,ab188650,2026-07-30,2026-07-30T23:20:47.072967+00:00,KXMLBDEBUT-SWALCOTT-26NOV01,"Will Sebastian Walcott play in a game for any team in the MLB before Nov 1, 2026?",paper,PASS,LOW,2,HEURISTIC,LONG,4,Sports,0,0.08,0.09,0.01,0.25,,,0.35,55,B,0,0,0,0,0,0,0,0,,,,YES,1,0.059,NO,1,0.5,,,,,,,,0.38,YES,0,,,0,,,,,,,,,2026-11-01T04:59:00Z,,,,,
e92714c5,ab188650,2026-07-30,2026-07-30T23:20:47.080543+00:00,KXNBARETIRE-RWESTBROOK18-2627,Will Russell Westbrook announce his retirement before the 2026-27 NBA season?,paper,PASS,LOW,2,HEURISTIC,LONG,4,Sports,0,0.185,0.08,0.105,0.09,,,0.3,51,C,0,0,0,0,0,0,0,0,,,,YES,1,0.101,NO,1,0.2703,,,,,,,,0.2414,,0,,LOSS,1,0,0.0,0.0,,,,,,2026-11-15T04:59:00Z,,,,,
7bbdfa8b,ab188650,2026-07-30,2026-07-30T23:20:47.093425+00:00,KXMLBDEBUT-JMADE-26NOV01,"Will Jesús Made play in a game for any team in the MLB before Nov 1, 2026?",paper,YES,MED,1,DRIFT,LONG,4,Sports,0,0.125,0.33,0.205,0.18,0.172,1.97,0.35,60,B,1,1,0,0,0,0,0,0,,,,YES,1,0.072,NO,1,0.72,,,,,,,,-0.035,NO,0,,,0,,,,,,,,,2026-11-01T04:59:00Z,,,KXMLBDEBUT-JMADE,KXMLBDEBUT,https://kalshi.com/markets/kxmlbdebut/kxmlbdebut-jmade
c6a76956,cf10040b,2026-07-31,2026-07-31T16:41:49.132753+00:00,KXAGICO-COMP-26Q3,"Will any company announce that it has achieved Artificial General Intelligence (AGI) before Oct 1, 2026?",paper,PASS,LOW,2,HEURISTIC,QUARTERLY,3,Companies,0,0.06,0.08,0.02,0.18,,,0.25,55,B,0,0,0,0,0,0,0,1,YES,350.82,,YES,1,0.293,NO,1,0.3333,,,,,,,,0.06,YES,0,,,0,,,,,,,,,2026-10-01T03:59:00Z,,,,,
5e9564e4,cf10040b,2026-07-31,2026-07-31T16:41:49.152803+00:00,KXCONGRESSPAYINCREASE-30-27JAN01,"Will it be reported by any of the Source Agencies that the annual base salary of all Members of Congress increases above $174,000 before Jan 1, 2027?",paper,PASS,LOW,2,HEURISTIC,LONG,4,Politics,0,0.095,0.06,0.035,0.25,,,0.35,50,C,0,0,0,0,0,0,0,1,NO,200.0,,YES,1,0.022,NO,1,0.1053,,,,,,,,,,0,,,0,,,,,,,,,2027-01-01T04:59:00Z,,,,,
0488127f,cf10040b,2026-07-31,2026-07-31T16:41:49.163756+00:00,KXNBARETIRE-RWESTBROOK18-2627,Will Russell Westbrook announce his retirement before the 2026-27 NBA season?,paper,PASS,LOW,2,HEURISTIC,LONG,4,Sports,0,0.18,0.13,0.05,0.1,,,0.3,51,C,0,0,0,0,0,0,0,0,,,,YES,1,0.167,NO,1,0.2222,,,,,,,,0.2464,,0,,LOSS,1,0,0.0,0.0,,,,,,2026-11-15T04:59:00Z,,,,,
8a3745ef,cf10040b,2026-07-31,2026-07-31T16:41:49.183694+00:00,KXMLBDEBUT-JMADE-26NOV01,"Will Jesús Made play in a game for any team in the MLB before Nov 1, 2026?",paper,PASS,LOW,2,DRIFT,LONG,4,Sports,0,0.125,0.2,0.075,0.18,,,0.35,50,C,0,0,0,0,0,0,0,0,,,,YES,1,0.135,NO,1,0.72,,,,,,,,-0.035,NO,0,,,0,,,,,,,,,2026-11-01T04:59:00Z,,,,,
43897d1e,cf10040b,2026-07-31,2026-07-31T16:41:49.199279+00:00,KXMLBDEBUT-FARIAS-26NOV01,"Will Franklin Arias play in a game for any team in the MLB before Nov 1, 2026?",paper,PASS,LOW,2,DRIFT,LONG,4,Sports,0,0.34,0.38,0.04,-0.03,,,0.35,32,D,0,0,0,0,0,0,0,0,,,,YES,1,0.313,NO,1,0.2353,,,,,,,,-0.25,NO,0,,,0,,,,,,,,,2026-11-01T04:59:00Z,,,,,
a26e10eb,084c08c9,2026-08-01,2026-08-01T16:15:52.658854+00:00,KXAGICO-COMP-26Q3,"Will any company announce that it has achieved Artificial General Intelligence (AGI) before Oct 1, 2026?",paper,PASS,LOW,2,HEURISTIC,QUARTERLY,3,Companies,0,0.06,0.07,0.01,0.18,,,0.25,55,B,0,0,0,0,0,0,0,1,YES,350.82,,YES,1,0.303,NO,1,0.3333,,,,,,,,0.05,YES,0,,,0,,,,,,,,,2026-10-01T03:59:00Z,,,,,
afc3f854,084c08c9,2026-08-01,2026-08-01T16:15:52.675211+00:00,KXCONGRESSPAYINCREASE-30-27JAN01,"Will it be reported by any of the Source Agencies that the annual base salary of all Members of Congress increases above $174,000 before Jan 1, 2027?",paper,PASS,LOW,2,HEURISTIC,LONG,4,Politics,0,0.095,0.05,-0.045,0.25,,,0.35,50,C,0,0,0,0,0,0,0,1,NO,200.0,,YES,1,0.022,NO,1,0.1053,,,,,,,,,,0,,,0,,,,,,,,,2027-01-01T04:59:00Z,,,,,
96727825,084c08c9,2026-08-01,2026-08-01T16:15:52.683665+00:00,KXARTISTCOLLABTHUGANDGUNNA-30-2027,Will Young Thug and Gunna make a song together?,paper,PASS,LOW,2,DRIFT,LONG,4,Entertainment,0,0.14,0.15,0.01,,,,,40,C,0,0,0,0,0,0,0,1,NO,100.0,,,1,0.059,NO,1,0.2857,,,,,,,,0.6257,YES,0,,,0,,,,,,,,,2027-01-01T15:00:00Z,,,,,
9250d08a,084c08c9,2026-08-01,2026-08-01T16:15:52.691417+00:00,KXMLBDEBUT-JMADE-26NOV01,"Will Jesús Made play in a game for any team in the MLB before Nov 1, 2026?",paper,PASS,LOW,2,DRIFT,LONG,4,Sports,0,0.135,0.18,0.045,0.2,,,0.35,50,C,0,0,0,0,0,0,0,0,,,,YES,1,0.245,NO,1,0.2222,,,,,,,,-0.045,NO,0,,,0,,,,,,,,,2026-11-01T04:59:00Z,,,,,
70ea5892,084c08c9,2026-08-01,2026-08-01T16:15:52.699503+00:00,KXMLBDEBUT-SWALCOTT-26NOV01,"Will Sebastian Walcott play in a game for any team in the MLB before Nov 1, 2026?",paper,PASS,LOW,2,HEURISTIC,LONG,4,Sports,0,0.08,0.12,0.04,0.25,,,0.35,55,B,0,0,0,0,0,0,0,0,,,,YES,1,0.102,NO,1,0.5,,,,,,,,0.38,YES,0,,,0,,,,,,,,,2026-11-01T04:59:00Z,,,,,
edad51ce,084c08c9,2026-08-01,2026-08-01T16:15:52.707461+00:00,KXMLBDEBUT-FARIAS-26NOV01,"Will Franklin Arias play in a game for any team in the MLB before Nov 1, 2026?",paper,PASS,LOW,2,DRIFT,LONG,4,Sports,0,0.335,0.42,0.085,-0.03,,,0.35,32,D,0,0,0,0,0,0,0,0,,,,YES,0,0.407,,1,0.2687,,,,,,,,-0.245,NO,0,,,0,,,,,,,,,2026-11-01T04:59:00Z,,,,,
a155a488,e0b76ba1,2026-08-01,2026-08-01T16:18:55.548737+00:00,KXAGICO-COMP-26Q3,"Will any company announce that it has achieved Artificial General Intelligence (AGI) before Oct 1, 2026?",paper,PASS,LOW,2,HEURISTIC,QUARTERLY,3,Companies,0,0.06,0.08,0.02,0.18,,,0.25,55,B,0,0,0,0,0,0,0,1,YES,350.82,,YES,1,0.303,NO,1,0.3333,,,,,,,,0.05,YES,0,,,0,,,,,,,,,2026-10-01T03:59:00Z,,,,,
cdbe430f,e0b76ba1,2026-08-01,2026-08-01T16:18:55.559769+00:00,KXMLBDEBUT-KANDERSON-26NOV01,"Will Kade Anderson play in a game for any team in the MLB before Nov 1, 2026?",paper,PASS,LOW,2,HEURISTIC,LONG,4,Sports,0,0.715,0.68,0.035,0.33,,,0.35,55,B,0,0,0,0,0,0,0,1,YES,355.0,,NO,0,0.535,,1,0.0979,,,,,,,,-0.235,NO,0,,LOSS,1,0,0.0,0.0,2026-08-23T22:37:31.878971+00:00,22.26,,,,2026-11-01T04:59:00Z,,,,,
49ad387a,e0b76ba1,2026-08-01,2026-08-01T16:18:55.568083+00:00,KXCONGRESSPAYINCREASE-30-27JAN01,"Will it be reported by any of the Source Agencies that the annual base salary of all Members of Congress increases above $174,000 before Jan 1, 2027?",paper,PASS,LOW,2,HEURISTIC,LONG,4,Politics,0,0.095,0.1,0.005,0.25,,,0.35,50,C,0,0,0,0,0,0,0,1,NO,200.0,,YES,1,0.022,NO,1,0.1053,,,,,,,,,,0,,,0,,,,,,,,,2027-01-01T04:59:00Z,,,,,
7199a42b,e0b76ba1,2026-08-01,2026-08-01T16:18:55.577278+00:00,KXARTISTCOLLABTHUGANDGUNNA-30-2027,Will Young Thug and Gunna make a song together?,paper,PASS,LOW,2,DRIFT,LONG,4,Entertainment,0,0.14,0.16,0.02,,,,,40,C,0,0,0,0,0,0,0,1,NO,100.0,,,1,0.059,NO,1,0.2857,,,,,,,,0.6257,YES,0,,,0,,,,,,,,,2027-01-01T15:00:00Z,,,,,
0039140a,e0b76ba1,2026-08-01,2026-08-01T16:18:55.588951+00:00,KXMLBDEBUT-JMADE-26NOV01,"Will Jesús Made play in a game for any team in the MLB before Nov 1, 2026?",paper,PASS,LOW,2,DRIFT,LONG,4,Sports,0,0.135,0.17,0.035,0.2,,,0.35,50,C,0,0,0,0,0,0,0,0,,,,YES,1,0.245,NO,1,0.2222,,,,,,,,-0.045,NO,0,,,0,,,,,,,,,2026-11-01T04:59:00Z,,,,,
face6e51,e0b76ba1,2026-08-01,2026-08-01T16:18:55.597821+00:00,KXMLBDEBUT-SWALCOTT-26NOV01,"Will Sebastian Walcott play in a game for any team in the MLB before Nov 1, 2026?",paper,PASS,LOW,2,HEURISTIC,LONG,4,Sports,0,0.08,0.1,0.02,0.25,,,0.35,55,B,0,0,0,0,0,0,0,0,,,,YES,1,0.102,NO,1,0.5,,,,,,,,0.38,YES,0,,,0,,,,,,,,,2026-11-01T04:59:00Z,,,,,
073fa3f6,e0b76ba1,2026-08-01,2026-08-01T16:18:55.605742+00:00,KXMLBDEBUT-FARIAS-26NOV01,"Will Franklin Arias play in a game for any team in the MLB before Nov 1, 2026?",paper,PASS,LOW,2,DRIFT,LONG,4,Sports,0,0.335,0.32,0.015,-0.03,,,0.35,32,D,0,0,0,0,0,0,0,0,,,,YES,0,0.407,,1,0.2687,,,,,,,,-0.245,NO,0,,,0,,,,,,,,,2026-11-01T04:59:00Z,,,,,
1f6048a8,b0f1dcbd,2026-08-02,2026-08-02T00:01:47.747806+00:00,KXCABLEAVE-26MAY22-26SEP,Will any member of Trump's Cabinet leave before Sep 2026?,paper,PASS,LOW,2,DRIFT,QUARTERLY,3,Politics,0,0.19,0.27,0.08,0.44,0.429,,0.65,50,C,1,1,0,0,0,0,0,1,YES,250.0,,YES,1,0.347,NO,1,0.2105,,,,,,0.0295,-0.1605,0.04,YES,0,,LOSS,1,0,0.0,0.0,2026-09-01T22:10:46.656783+00:00,30.92,,,,2026-09-02T03:59:00Z,,,KXCABLEAVE-26MAY22,KXCABLEAVE,https://kalshi.com/markets/kxcableave/kxcableave-26may22
b1727ed4,4536672d,2026-08-02,2026-08-02T01:10:13.493855+00:00,KXSOLD-26AUG0217-T72.9999,"SOL price on Aug 2, 2026?",paper,PASS,LOW,2,DRIFT,INTRADAY,0,,0,0.265,,,,,,,,Unscored,0,1,1,0,1,0,0,0,,,,,0,,,0,,,,,,,,,,,0,,LOSS,1,0,0.0,0.0,,,,,,2026-08-02T21:00:00Z,,,KXSOLD-26AUG0217,KXSOLD,https://kalshi.com/markets/kxsold/kxsold-26aug0217
a8d5ff20,4536672d,2026-08-02,2026-08-02T01:10:13.505416+00:00,KXSOLD-26AUG0217-T73.9999,"SOL price on Aug 2, 2026?",paper,PASS,LOW,2,RESOLVE_FIRST,INTRADAY,0,,0,0.055,,,,,,,,Unscored,0,0,1,0,1,0,0,0,,,,,0,,,0,,,,,,,,,,,0,,LOSS,1,0,0.0,0.0,,,,,,2026-08-02T21:00:00Z,,,KXSOLD-26AUG0217,KXSOLD,https://kalshi.com/markets/kxsold/kxsold-26aug0217
34652209,4536672d,2026-08-02,2026-08-02T01:10:13.514513+00:00,KXXRPD-26AUG0217-T1.0599,"Ripple price at Aug 2, 2026 at 5pm EDT?",paper,PASS,LOW,2,DRIFT,INTRADAY,0,,0,0.65,,,,,,,,Unscored,0,1,1,0,1,0,0,0,,,,,0,,,0,,,,,,,,,,,0,,LOSS,1,0,0.0,0.0,,,,,,2026-08-02T21:00:00Z,,,KXXRPD-26AUG0217,KXXRPD,https://kalshi.com/markets/kxxrpd/kxxrpd-26aug0217
cce51f75,4536672d,2026-08-02,2026-08-02T01:10:13.525100+00:00,KXSOLD-26AUG0217-T71.9999,"SOL price on Aug 2, 2026?",paper,PASS,LOW,2,RESOLVE_FIRST,INTRADAY,0,,0,0.6,,,,,,,,Unscored,0,0,1,0,1,0,0,0,,,,,0,,,0,,,,,,,,,,,0,,LOSS,1,0,0.0,0.0,,,,,,2026-08-02T21:00:00Z,,,KXSOLD-26AUG0217,KXSOLD,https://kalshi.com/markets/kxsold/kxsold-26aug0217
7e30d027,fe309ae2,2026-08-02,2026-08-02T15:14:59.681693+00:00,KXCABLEAVE-26MAY22-26SEP,Will any member of Trump's Cabinet leave before Sep 2026?,paper,PASS,LOW,2,DRIFT,QUARTERLY,3,Politics,0,0.185,0.2,0.015,0.44,0.429,,0.65,54,C,1,1,0,0,0,0,0,1,YES,250.0,cabinet departure,YES,0,0.46,,1,0.2703,,,,,,0.0265,-0.1585,0.045,YES,0,,LOSS,1,0,0.0,0.0,2026-09-01T22:10:47.008344+00:00,30.29,,,,2026-09-02T03:59:00Z,,,KXCABLEAVE-26MAY22,KXCABLEAVE,https://kalshi.com/markets/kxcableave/kxcableave-26may22
4c5f3035,fe309ae2,2026-08-02,2026-08-02T15:14:59.686760+00:00,KXAGICO-COMP-26Q3,"Will any company announce that it has achieved Artificial General Intelligence (AGI) before Oct 1, 2026?",paper,PASS,LOW,2,HEURISTIC,QUARTERLY,3,Companies,0,0.06,0.07,0.01,0.18,0.176,,0.25,55,B,1,0,0,0,0,0,0,1,YES,350.82,AI model release,YES,1,0.301,NO,1,0.3333,,,,,,,,0.05,YES,0,,,0,,,,,,,,,2026-10-01T03:59:00Z,,,KXAGICO-COMP,KXAGICO,https://kalshi.com/markets/kxagico/kxagico-comp
cb14ee16,fe309ae2,2026-08-02,2026-08-02T15:14:59.707357+00:00,KXMANAGEROUTDATE-28TUCHEL-27JAN01,"Will Thomas Tuchel be out before Jan 1, 2027?",paper,PASS,MED,1,DRIFT,LONG,4,Sports,0,0.135,0.1,-0.035,,,,,55,B,0,1,1,0,0,0,0,1,NO,455.58,,,1,0.201,NO,1,0.963,,,,,,0.8175,0.6825,0.3262,YES,0,,,0,,,,,,,,,2027-01-01T04:59:00Z,,,KXMANAGEROUTDATE-28TUCHEL,KXMANAGEROUTDATE,https://kalshi.com/markets/kxmanageroutdate/kxmanageroutdate-28tuchel
165943dd,fe309ae2,2026-08-02,2026-08-02T15:14:59.721119+00:00,KXARTISTCOLLABTHUGANDGUNNA-30-2027,Will Young Thug and Gunna make a song together?,paper,PASS,MED,1,DRIFT,LONG,4,Entertainment,0,0.135,0.1,-0.035,,,,,50,C,0,1,1,0,0,0,0,1,NO,100.0,,,1,0.059,NO,1,0.2222,,,,,,,,0.6307,YES,0,,,0,,,,,,,,,2027-01-01T15:00:00Z,,,KXARTISTCOLLABTHUGANDGUNNA-30,KXARTISTCOLLABTHUGANDGUNNA,https://kalshi.com/markets/kxartistcollabthugandgunna/kxartistcollabthugandgunna-30
e3902cf3,fe309ae2,2026-08-02,2026-08-02T15:14:59.734570+00:00,KXMLBDEBUT-SWALCOTT-26NOV01,"Will Sebastian Walcott play in a game for any team in the MLB before Nov 1, 2026?",paper,PASS,MED,1,HEURISTIC,LONG,4,Sports,0,0.08,0.05,-0.03,0.25,0.244,,0.35,65,B,1,0,0,0,0,0,0,0,,,sports debut,YES,1,0.215,NO,1,0.5,,,,,,,,0.38,YES,0,,,0,,,,,,,,,2026-11-01T04:59:00Z,,,KXMLBDEBUT-SWALCOTT,KXMLBDEBUT,https://kalshi.com/markets/kxmlbdebut/kxmlbdebut-swalcott
78f52dcb,f34d4db1,2026-08-02,2026-08-02T19:07:55.140638+00:00,KXMANAGEROUTDATE-28TUCHEL-27JAN01,"Will Thomas Tuchel be out before Jan 1, 2027?",paper,PASS,LOW,2,DRIFT,LONG,4,Sports,0,0.12,0.08,-0.04,,,,,45,C,0,1,1,0,0,0,0,1,NO,455.58,,,1,0.219,NO,1,0.8333,,,,,,0.822,0.702,0.3412,YES,0,,,0,,,,,,,,,2027-01-01T04:59:00Z,,,KXMANAGEROUTDATE-28TUCHEL,KXMANAGEROUTDATE,https://kalshi.com/markets/kxmanageroutdate/kxmanageroutdate-28tuchel
99cb5d59,157798bf,2026-08-03,2026-08-03T15:38:10.105253+00:00,KXPANAMAWEEKLY-26AUG02-T250,"Will there be more than 250 transit calls through the Panama Canal from Jul 27, 2026 to Aug 2, 2026?",paper,PASS,LOW,2,DRIFT,INTRADAY,0,Politics,0,0.065,0.08,0.015,,,,,35,D,0,1,1,0,1,0,0,0,,,,,1,0.259,NO,1,1.0769,,,,,,,,,,0,,LOSS,1,0,0.0,0.0,,,,,,2026-08-04T13:00:00Z,,,KXPANAMAWEEKLY-26AUG02,KXPANAMAWEEKLY,https://kalshi.com/markets/kxpanamaweekly/kxpanamaweekly-26aug02
484b96da,157798bf,2026-08-03,2026-08-03T15:38:10.120216+00:00,KXUSDJPY-26AUG0410-B156.875,"Will the USD/JPY open price be between 156.750 and 156.999 at Aug 4, 2026 at 10am EDT?",paper,PASS,LOW,2,DRIFT,INTRADAY,0,Financials,0,0.17,0.17,0.0,,,,,35,D,0,1,1,0,1,0,0,0,,,,,1,0.295,NO,1,0.4706,,,,,,,,,,0,,LOSS,1,0,0.0,0.0,,,,,,2026-08-04T14:00:00Z,,,KXUSDJPY-26AUG0410,KXUSDJPY,https://kalshi.com/markets/kxusdjpy/kxusdjpy-26aug0410
53355a2a,157798bf,2026-08-03,2026-08-03T15:38:10.134561+00:00,KXCABLEAVE-26MAY22-26SEP,Will any member of Trump's Cabinet leave before Sep 2026?,paper,PASS,LOW,2,DRIFT,MONTHLY,2,Politics,0,0.185,0.22,0.035,0.44,0.429,,0.65,54,C,1,1,0,0,0,0,0,1,YES,250.0,cabinet departure,YES,0,0.603,,1,0.2703,,,,,,0.023,-0.162,0.045,YES,0,,LOSS,1,0,0.0,0.0,2026-09-01T22:10:49.129179+00:00,29.27,,,,2026-09-02T03:59:00Z,,,KXCABLEAVE-26MAY22,KXCABLEAVE,https://kalshi.com/markets/kxcableave/kxcableave-26may22
0705db74,157798bf,2026-08-03,2026-08-03T15:38:10.148060+00:00,KXMANAGEROUTDATE-28TUCHEL-27JAN01,"Will Thomas Tuchel be out before Jan 1, 2027?",paper,PASS,LOW,2,DRIFT,LONG,4,Sports,0,0.095,0.08,0.015,,,,,45,C,0,1,1,0,0,0,0,1,NO,455.58,,,1,0.208,NO,1,1.5789,,,,,,0.7835,0.6885,0.3662,YES,0,,,0,,,,,,,,,2027-01-01T04:59:00Z,,,KXMANAGEROUTDATE-28TUCHEL,KXMANAGEROUTDATE,https://kalshi.com/markets/kxmanageroutdate/kxmanageroutdate-28tuchel
9ca6dcf6,5dc17103,2026-08-04,2026-08-04T19:04:58.617777+00:00,KXRAIN-26AUG04-DEN,"Will it rain in Denver on Aug 4, 2026?",paper,PASS,LOW,2,HEURISTIC,INTRADAY,0,Climate and Weather,0,0.1,0.14,0.04,0.29,0.283,,0.4,55,B,1,0,0,0,1,0,0,1,YES,438.0,weather,YES,0,0.498,,1,0.2,,,,,,0.0405,-0.0595,0.071,,0,,LOSS,1,0,0.0,0.0,,,,,,2026-08-05T06:00:00Z,,,KXRAIN-26AUG04,KXRAIN,https://kalshi.com/markets/kxrain/kxrain-26aug04
d42c5ddc,5dc17103,2026-08-04,2026-08-04T19:04:58.621682+00:00,KXLOWTLAX-26AUG04-B65.5,"Will the minimum temperature be 65-66° on Aug 4, 2026?",paper,PASS,LOW,2,DRIFT,INTRADAY,0,Climate and Weather,0,0.135,0.15,0.015,,,,,35,D,0,1,1,0,1,0,0,1,NO,116.0,,,1,0.3,NO,1,0.0741,,,,,,,,0.095,YES,0,,LOSS,1,0,0.0,0.0,,,,,,2026-08-05T08:00:00Z,,,KXLOWTLAX-26AUG04,KXLOWTLAX,https://kalshi.com/markets/kxlowtlax/kxlowtlax-26aug04
fefdf502,5dc17103,2026-08-04,2026-08-04T19:04:58.634948+00:00,KXDXYDUD-26AUG04-T99.7284,"Will the U.S. Dollar Index be above 99.7284 at 1:59 PM ET on Aug 4, 2026?",paper,PASS,LOW,2,HEURISTIC,INTRADAY,0,Financials,0,0.82,0.85,0.03,0.41,0.399,,0.4,45,C,1,0,0,0,1,0,0,1,YES,300.0,exchange rate,NO,0,0.624,,0,0.0244,,,,,,,,,,0,,LOSS,1,0,0.0,0.0,,,,,,2026-08-05T17:58:00Z,,,KXDXYDUD-26AUG04,KXDXYDUD,https://kalshi.com/markets/kxdxydud/kxdxydud-26aug04
2a80d596,5dc17103,2026-08-04,2026-08-04T19:04:58.647571+00:00,KXUSDJPY-26AUG0510-B157.375,"Will the USD/JPY open price be between 157.250 and 157.499 at Aug 5, 2026 at 10am EDT?",paper,PASS,LOW,2,DRIFT,INTRADAY,0,Financials,0,0.265,0.27,0.005,,,,,35,D,0,1,1,0,1,0,0,1,YES,100.0,,,1,0.308,NO,1,0.3396,,,,,,,,,,0,,LOSS,1,0,0.0,0.0,,,,,,2026-08-05T14:00:00Z,,,KXUSDJPY-26AUG0510,KXUSDJPY,https://kalshi.com/markets/kxusdjpy/kxusdjpy-26aug0510
d63cce79,5dc17103,2026-08-04,2026-08-04T19:04:58.662298+00:00,KXMANAGEROUTDATE-28TUCHEL-27JAN01,"Will Thomas Tuchel be out before Jan 1, 2027?",paper,PASS,LOW,2,DRIFT,LONG,4,Sports,0,0.105,0.07,0.035,,,,,45,C,0,1,1,0,0,0,0,1,NO,455.58,,,1,0.281,NO,1,1.619,,,,,,0.804,0.699,0.3513,YES,0,,,0,,,,,,,,,2027-01-01T04:59:00Z,,,KXMANAGEROUTDATE-28TUCHEL,KXMANAGEROUTDATE,https://kalshi.com/markets/kxmanageroutdate/kxmanageroutdate-28tuchel
800ff522,5dc17103,2026-08-04,2026-08-04T19:04:58.677800+00:00,KXAGICO-COMP-26Q4,"Will any company announce that it has achieved Artificial General Intelligence (AGI) before Jan 1, 2027?",paper,PASS,LOW,2,HEURISTIC,LONG,4,Companies,0,0.09,0.1,0.01,0.15,0.144,,0.25,50,C,1,0,0,0,0,0,0,1,YES,416.73,AI model release,YES,0,0.513,,1,0.2222,,,,,,0.095,0.005,0.02,YES,0,,,0,,,,,,,,,2027-01-01T04:59:00Z,,,KXAGICO-COMP,KXAGICO,https://kalshi.com/markets/kxagico/kxagico-comp
7d50ff48,c4a00f46,2026-08-05,2026-08-05T16:10:35.079196+00:00,KXLOWTPHX-26AUG05-T90,"Will the minimum temperature be >90° on Aug 5, 2026?",paper,PASS,LOW,2,DRIFT,INTRADAY,0,Climate and Weather,0,0.54,0.52,0.02,,,,,35,D,0,1,1,0,1,0,0,1,YES,134.46,,,1,0.21,NO,1,0.2593,,,,,,,,-0.32,NO,0,,LOSS,1,0,0.0,0.0,,,,,,2026-08-06T07:00:00Z,,,KXLOWTPHX-26AUG05,KXLOWTPHX,https://kalshi.com/markets/kxlowtphx/kxlowtphx-26aug05
76ab6233,c4a00f46,2026-08-05,2026-08-05T16:10:35.107738+00:00,KXRAIN-26AUG05-PHX,"Will it rain in Phoenix on Aug 5, 2026?",paper,PASS,LOW,2,HEURISTIC,INTRADAY,0,Climate and Weather,0,0.215,0.12,0.095,0.18,0.168,,0.4,50,C,1,0,0,0,1,0,0,1,YES,413.43,weather,YES,0,0.537,,0,0.0465,,,,,,,,-0.125,NO,0,,LOSS,1,0,0.0,0.0,,,,,,2026-08-06T07:00:00Z,,,KXRAIN-26AUG05,KXRAIN,https://kalshi.com/markets/kxrain/kxrain-26aug05
6a961ae7,c4a00f46,2026-08-05,2026-08-05T16:10:35.144596+00:00,KXLOWTSATX-26AUG05-B76.5,"Will the minimum temperature be 76-77° on Aug 5, 2026?",paper,PASS,LOW,2,DRIFT,INTRADAY,0,Climate and Weather,0,0.065,0.07,0.005,,,,,35,D,0,1,1,0,1,0,0,1,YES,103.0,,,1,0.058,NO,1,1.3846,,,,,,,,0.155,YES,0,,LOSS,1,0,0.0,0.0,,,,,,2026-08-06T06:00:00Z,,,KXLOWTSATX-26AUG05,KXLOWTSATX,https://kalshi.com/markets/kxlowtsatx/kxlowtsatx-26aug05
31e3d54a,c4a00f46,2026-08-05,2026-08-05T16:10:35.162978+00:00,KXLOWTNOLA-26AUG05-B75.5,"Will the minimum temperature be 75-76° on Aug 5, 2026?",paper,PASS,LOW,2,DRIFT,INTRADAY,0,Climate and Weather,0,0.095,0.1,0.005,,,,,35,D,0,1,1,0,1,0,0,1,YES,100.0,,,1,0.168,NO,1,0.1053,,,,,,,,0.125,YES,0,,LOSS,1,0,0.0,0.0,,,,,,2026-08-06T06:00:00Z,,,KXLOWTNOLA-26AUG05,KXLOWTNOLA,https://kalshi.com/markets/kxlowtnola/kxlowtnola-26aug05
6df7aba3,c4a00f46,2026-08-05,2026-08-05T16:10:35.181000+00:00,KXCHCUTS-26AUG06-T60000,"Will United States Challenger Job Cuts for July 2026 be above 60,000?",paper,PASS,LOW,2,DRIFT,INTRADAY,0,Economics,0,0.105,0.2,0.095,0.2,0.193,,0.35,45,C,1,1,0,0,1,0,0,1,NO,250.0,mass layoffs,YES,1,0.145,NO,1,0.8571,,,,,,,,,,0,,LOSS,1,0,0.0,0.0,,,,,,2026-08-06T09:29:00Z,,,KXCHCUTS-26AUG06,KXCHCUTS,https://kalshi.com/markets/kxchcuts/kxchcuts-26aug06
dc7d309c,c4a00f46,2026-08-05,2026-08-05T16:10:35.203913+00:00,KXCS2MAP-26AUG041000EXGYAW-2-YAW,Will Yawara Esports win map 2 in the ex-GUARA vs. Yawara Esports match?,paper,PASS,LOW,2,DRIFT,INTRADAY,0,Sports,0,0.64,0.72,0.08,0.5,0.483,,0.08,45,C,1,1,0,0,1,0,0,0,,,competition win,NO,1,0.16,NO,1,0.1875,,,,,,,,,,0,,,0,,,,,,,,,2026-08-06T14:00:00Z,,,KXCS2MAP-26AUG041000EXGYAW-2,KXCS2MAP,https://kalshi.com/markets/kxcs2map/kxcs2map-26aug041000exgyaw-2
d6868682,c4a00f46,2026-08-05,2026-08-05T16:10:35.225369+00:00,KXCS2MAP-26AUG041000EXGYAW-1-YAW,Will Yawara Esports win map 1 in the ex-GUARA vs. Yawara Esports match?,paper,PASS,LOW,2,DRIFT,INTRADAY,0,Sports,0,0.675,0.72,0.045,0.52,0.504,,0.08,45,C,1,1,0,0,1,0,0,0,,,competition win,NO,1,0.186,NO,1,0.2222,,,,,,,,,,0,,,0,,,,,,,,,2026-08-06T14:00:00Z,,,KXCS2MAP-26AUG041000EXGYAW-1,KXCS2MAP,https://kalshi.com/markets/kxcs2map/kxcs2map-26aug041000exgyaw-1
f4fb05b1,c4a00f46,2026-08-05,2026-08-05T16:10:35.247483+00:00,KXT20MATCH-26AUG040800PESMUZ-PES,Muzaffarabad Hawks vs Peshawar Wolves men's cricket match: Peshawar Wolves wins,paper,PASS,LOW,2,DRIFT,INTRADAY,0,Sports,0,0.59,0.58,0.01,,,,,35,D,0,1,1,0,1,0,0,1,,87.0,,,1,0.303,NO,1,0.3051,,,,,,,,,,0,,,0,,,,,,,,,2026-08-06T16:00:00Z,,,KXT20MATCH-26AUG040800PESMUZ,KXT20MATCH,https://kalshi.com/markets/kxt20match/kxt20match-26aug040800pesmuz
8744b846,c4a00f46,2026-08-05,2026-08-05T16:10:35.268411+00:00,KXT20MATCH-26AUG040800MULPES-PES,Peshawar Wolves vs Multan Panthers men's cricket match: Peshawar Wolves wins,paper,PASS,LOW,2,DRIFT,INTRADAY,0,Sports,0,0.485,0.49,0.005,,,,,35,D,0,1,1,0,1,0,0,0,,,,,1,0.266,NO,1,0.3918,,,,,,,,,,0,,,0,,,,,,,,,2026-08-06T16:00:00Z,,,KXT20MATCH-26AUG040800MULPES,KXT20MATCH,https://kalshi.com/markets/kxt20match/kxt20match-26aug040800mulpes
ec90934d,c4a00f46,2026-08-05,2026-08-05T16:10:35.313084+00:00,KXCHAICUTS-26AUG06-T1,Will “Artificial Intelligence” be the #1 reason for job cuts in Challenger’s July 2026 report?,paper,YES,MED,1,HEURISTIC,INTRADAY,0,Economics,0,0.51,0.67,0.16,0.15,0.132,1.42,0.35,55,B,1,0,0,0,1,0,0,1,YES,140.0,mass layoffs,NO,0,0.39,,0,0.0392,,,,,1,,,,,0,,WIN,1,1,0.49,4.9,,,0.1089,0.2401,7.0,2026-08-06T09:29:00Z,,,KXCHAICUTS-26AUG06,KXCHAICUTS,https://kalshi.com/markets/kxchaicuts/kxchaicuts-26aug06
cf159204,55633e04,2026-08-16,2026-08-16T03:44:20.267139+00:00,KXSOLE-26AUG1617-B75,"SOL price on Aug 16, 2026?",paper,PASS,LOW,2,DRIFT,INTRADAY,0,Crypto,0,0.44,0.44,0.0,,,,,35,D,0,1,1,0,1,0,0,0,,,,,0,0.466,,1,0.0909,,,,,,0.075,-0.365,0.03,YES,0,,LOSS,1,0,0.0,0.0,2026-08-17T15:00:41.107772+00:00,1.47,,,,2026-08-16T21:00:00Z,,,KXSOLE-26AUG1617,KXSOLE,https://kalshi.com/markets/kxsole/kxsole-26aug1617
7e8e45da,55633e04,2026-08-16,2026-08-16T03:44:20.295919+00:00,KXCABLEAVE-26MAY22-26SEP,Will any member of Trump's Cabinet leave before Sep 2026?,paper,PASS,LOW,2,DRIFT,MONTHLY,2,Politics,0,0.135,0.16,0.025,0.49,0.481,,0.65,59,B,1,1,0,0,0,0,0,1,YES,250.0,cabinet departure,YES,0,0.407,,1,0.3704,,,,,,0.0245,-0.1105,0.095,YES,0,,LOSS,1,0,0.0,0.0,2026-09-01T22:10:51.922643+00:00,16.77,,,,2026-09-02T03:59:00Z,,,KXCABLEAVE-26MAY22,KXCABLEAVE,https://kalshi.com/markets/kxcableave/kxcableave-26may22
02d51a9f,55633e04,2026-08-16,2026-08-16T03:44:20.326218+00:00,KXMLBDEBUT-FARIAS-26NOV01,"Will Franklin Arias play in a game for any team in the MLB before Nov 1, 2026?",paper,PASS,LOW,2,HEURISTIC,QUARTERLY,3,Sports,0,0.485,0.48,-0.005,0.11,0.092,,0.35,55,B,1,0,0,0,0,0,0,1,YES,250.0,sports debut,NO,0,0.445,,1,0.1031,,,,,,,,-0.415,NO,0,,,0,,,,,,,,,2026-11-01T04:59:00Z,,,KXMLBDEBUT-FARIAS,KXMLBDEBUT,https://kalshi.com/markets/kxmlbdebut/kxmlbdebut-farias
a73587cd,55633e04,2026-08-16,2026-08-16T03:44:20.349514+00:00,KXMLBDEBUT-SWALCOTT-26NOV01,"Will Sebastian Walcott play in a game for any team in the MLB before Nov 1, 2026?",paper,PASS,LOW,2,HEURISTIC,QUARTERLY,3,Sports,0,0.08,0.14,0.06,0.25,0.244,,0.35,55,B,1,0,0,0,0,0,0,0,,,sports debut,YES,1,0.036,NO,1,0.5,,,,,,,,0.38,YES,0,,,0,,,,,,,,,2026-11-01T04:59:00Z,,,KXMLBDEBUT-SWALCOTT,KXMLBDEBUT,https://kalshi.com/markets/kxmlbdebut/kxmlbdebut-swalcott
e41bde85,55633e04,2026-08-16,2026-08-16T03:44:20.365379+00:00,KXMLBDEBUT-JMADE-26NOV01,"Will Jesús Made play in a game for any team in the MLB before Nov 1, 2026?",paper,PASS,LOW,2,HEURISTIC,QUARTERLY,3,Sports,0,0.14,0.19,0.05,0.17,0.161,,0.35,55,B,1,0,0,0,0,0,0,0,,,sports debut,YES,1,0.326,NO,1,0.5714,,,,,,,,-0.07,NO,0,,,0,,,,,,,,,2026-11-01T04:59:00Z,,,KXMLBDEBUT-JMADE,KXMLBDEBUT,https://kalshi.com/markets/kxmlbdebut/kxmlbdebut-jmade
bbdc1ab2,55633e04,2026-08-16,2026-08-16T03:44:20.388160+00:00,KXRECOGSOMALI-29-27,Will Trump recognize Somaliland?,paper,PASS,LOW,2,HEURISTIC,LONG,4,Politics,0,0.102,0.15,0.048,0.17,0.163,,0.3,55,B,1,0,0,0,0,0,0,1,NO,250.0,diplomatic recognition,YES,1,0.064,NO,1,0.549,,,,,,0.065,-0.037,0.5075,YES,0,,,0,,,,,,,,,2027-01-01T15:00:00Z,,,KXRECOGSOMALI-29,KXRECOGSOMALI,https://kalshi.com/markets/kxrecogsomali/kxrecogsomali-29
78c42925,55633e04,2026-08-16,2026-08-16T03:44:20.414104+00:00,KXAGICO-COMP-26Q4,"Will any company announce that it has achieved Artificial General Intelligence (AGI) before Jan 1, 2027?",paper,PASS,LOW,2,HEURISTIC,LONG,4,Companies,0,0.095,0.1,0.005,0.14,0.133,,0.25,50,C,1,0,0,0,0,0,0,1,YES,1669.94,AI model release,YES,0,0.381,,1,0.3158,,,,,,0.09,-0.005,0.015,YES,0,,,0,,,,,,,,,2027-01-01T04:59:00Z,,,KXAGICO-COMP,KXAGICO,https://kalshi.com/markets/kxagico/kxagico-comp
52a25263,55633e04,2026-08-16,2026-08-16T03:44:20.438171+00:00,KXFDAAPPROVE-MDMA-27JAN01,"Will the FDA approve midomafetamine / MDMA for PTSD before Jan 1, 2027?",paper,PASS,LOW,2,DRIFT,LONG,4,Science and Technology,0,0.135,0.15,0.015,0.23,0.221,,0.4,50,C,1,1,0,0,0,0,0,1,NO,193.62,FDA approval,YES,1,0.348,NO,1,0.5185,,,,,,,,0.015,YES,0,,,0,,,,,,,,,2027-01-01T04:59:00Z,,,KXFDAAPPROVE-MDMA,KXFDAAPPROVE,https://kalshi.com/markets/kxfdaapprove/kxfdaapprove-mdma
36d35d79,55633e04,2026-08-16,2026-08-16T03:44:20.488348+00:00,KXIMPEACHCABINET-27JAN01,"Will any member of the Cabinet (defined as: the Vice President, Secretary of State, Secretary of the Treasury, Secretary of Defense, Attorney General, Secretary of the Interior, Secretary of Agriculture, Secretary of Commerce, Secretary of Labor, Secretary of Health and Human Services, Secretary of Housing and Urban Development, Secretary of Transportation, Secretary of Energy, Secretary of Education, Secretary of Veterans Affairs, Secretary of Homeland Security, Administrator of the Environmental Protection Agency, Director of the Office of Management and Budget, Director of National Intelligence, Trade Representative, Administrator of the Small Business Administration, White House Chief of Staff) be impeached before Jan 1, 2027?",paper,PASS,LOW,2,DRIFT,LONG,4,Politics,0,0.053,0.06,0.007,0.094,0.09,,0.15,46,C,1,1,0,0,0,0,0,1,NO,876.0,impeachment,YES,1,0.065,NO,1,0.1132,,,,,,,,,,0,,,0,,,,,,,,,2027-01-01T15:00:00Z,,,KXIMPEACHCABINET,KXIMPEACHCABINET,https://kalshi.com/markets/kximpeachcabinet/kximpeachcabinet
48212cb6,55633e04,2026-08-16,2026-08-16T03:44:20.528905+00:00,KXALBUMRELEASEDATEBEY-NEW-JAN01-27,"Will Beyonce release new album before Jan 1, 2027?",paper,NO,MED,1,DRIFT,LONG,4,Entertainment,0,0.455,0.28,-0.175,,,1.57,,55,B,0,1,1,0,0,0,0,1,NO,500.0,,,0,0.504,,1,0.1538,0.2266,-0.2284,3,1.3,3,0.065,-0.39,-0.082,NO,0,,,0,,,,,,,,,2027-01-01T15:00:00Z,,,KXALBUMRELEASEDATEBEY-NEW,KXALBUMRELEASEDATEBEY,https://kalshi.com/markets/kxalbumreleasedatebey/kxalbumreleasedatebey-new
f630ba65,b3ac2fdd,2026-08-16,2026-08-16T19:00:10.593214+00:00,KXCABLEAVE-26MAY22-26SEP,Will any member of Trump's Cabinet leave before Sep 2026?,paper,PASS,LOW,2,DRIFT,MONTHLY,2,Politics,0,0.135,0.18,0.045,0.49,0.481,,0.65,59,B,1,1,0,0,0,0,0,1,YES,250.0,cabinet departure,YES,1,0.274,NO,1,0.3704,,,,,,0.0235,-0.1115,0.095,YES,0,,LOSS,1,0,0.0,0.0,2026-09-01T22:10:55.053509+00:00,16.13,,,,2026-09-02T03:59:00Z,,,KXCABLEAVE-26MAY22,KXCABLEAVE,https://kalshi.com/markets/kxcableave/kxcableave-26may22
db445cb2,b3ac2fdd,2026-08-16,2026-08-16T19:00:10.598107+00:00,KXMLBDEBUT-FARIAS-26NOV01,"Will Franklin Arias play in a game for any team in the MLB before Nov 1, 2026?",paper,PASS,LOW,2,HEURISTIC,QUARTERLY,3,Sports,0,0.475,0.42,0.055,0.12,0.102,,0.35,55,B,1,0,0,0,0,0,0,1,YES,250.0,sports debut,NO,0,0.453,,0,0.0211,,,,,,,,-0.405,NO,0,,,0,,,,,,,,,2026-11-01T04:59:00Z,,,KXMLBDEBUT-FARIAS,KXMLBDEBUT,https://kalshi.com/markets/kxmlbdebut/kxmlbdebut-farias
69edccdd,b3ac2fdd,2026-08-16,2026-08-16T19:00:10.619769+00:00,KXMLBDEBUT-JMADE-26NOV01,"Will Jesús Made play in a game for any team in the MLB before Nov 1, 2026?",paper,PASS,LOW,2,HEURISTIC,QUARTERLY,3,Sports,0,0.115,0.15,0.035,0.2,0.192,,0.35,50,C,1,0,0,0,0,0,0,0,,,sports debut,YES,1,0.222,NO,1,0.6087,,,,,,,,-0.045,NO,0,,,0,,,,,,,,,2026-11-01T04:59:00Z,,,KXMLBDEBUT-JMADE,KXMLBDEBUT,https://kalshi.com/markets/kxmlbdebut/kxmlbdebut-jmade
1302636c,b3ac2fdd,2026-08-16,2026-08-16T19:00:10.649703+00:00,KXMLBDEBUT-SWALCOTT-26NOV01,"Will Sebastian Walcott play in a game for any team in the MLB before Nov 1, 2026?",paper,PASS,LOW,2,HEURISTIC,QUARTERLY,3,Sports,0,0.08,0.05,0.03,0.25,0.244,,0.35,55,B,1,0,0,0,0,0,0,0,,,sports debut,YES,1,0.033,NO,1,0.5,,,,,,,,0.38,YES,0,,,0,,,,,,,,,2026-11-01T04:59:00Z,,,KXMLBDEBUT-SWALCOTT,KXMLBDEBUT,https://kalshi.com/markets/kxmlbdebut/kxmlbdebut-swalcott
0f701eb7,b3ac2fdd,2026-08-16,2026-08-16T19:00:10.671536+00:00,KXRECOGSOMALI-29-27,Will Trump recognize Somaliland?,paper,PASS,LOW,2,HEURISTIC,LONG,4,Politics,0,0.102,0.13,0.028,0.17,0.163,,0.3,55,B,1,0,0,0,0,0,0,1,NO,250.0,diplomatic recognition,YES,1,0.057,NO,1,0.549,,,,,,0.065,-0.037,0.5025,YES,0,,,0,,,,,,,,,2027-01-01T15:00:00Z,,,KXRECOGSOMALI-29,KXRECOGSOMALI,https://kalshi.com/markets/kxrecogsomali/kxrecogsomali-29
efd23df5,b3ac2fdd,2026-08-16,2026-08-16T19:00:10.702377+00:00,KXALBUMRELEASEDATEBEY-NEW-JAN01-27,"Will Beyonce release new album before Jan 1, 2027?",paper,PASS,LOW,2,DRIFT,LONG,4,Entertainment,0,0.455,0.4,0.055,,,,,45,C,0,1,1,0,0,0,0,1,NO,500.0,,,0,0.489,,1,0.1538,,,,,,0.065,-0.39,-0.082,NO,0,,,0,,,,,,,,,2027-01-01T15:00:00Z,,,KXALBUMRELEASEDATEBEY-NEW,KXALBUMRELEASEDATEBEY,https://kalshi.com/markets/kxalbumreleasedatebey/kxalbumreleasedatebey-new
fe1c34d5,b3ac2fdd,2026-08-16,2026-08-16T19:00:10.730628+00:00,KXAGICO-COMP-26Q4,"Will any company announce that it has achieved Artificial General Intelligence (AGI) before Jan 1, 2027?",paper,PASS,LOW,2,HEURISTIC,LONG,4,Companies,0,0.09,0.1,0.01,0.15,0.144,,0.25,50,C,1,0,0,0,0,0,0,1,YES,1669.94,AI model release,YES,0,0.397,,1,0.2222,,,,,,0.09,0.0,0.02,YES,0,,,0,,,,,,,,,2027-01-01T04:59:00Z,,,KXAGICO-COMP,KXAGICO,https://kalshi.com/markets/kxagico/kxagico-comp
7229def7,b3ac2fdd,2026-08-16,2026-08-16T19:00:10.765495+00:00,KXFDAAPPROVE-MDMA-27JAN01,"Will the FDA approve midomafetamine / MDMA for PTSD before Jan 1, 2027?",paper,PASS,LOW,2,DRIFT,LONG,4,Science and Technology,0,0.135,0.15,0.015,0.23,0.221,,0.4,50,C,1,1,0,0,0,0,0,1,NO,193.62,FDA approval,YES,0,0.374,,1,0.5185,,,,,,,,0.015,YES,0,,,0,,,,,,,,,2027-01-01T04:59:00Z,,,KXFDAAPPROVE-MDMA,KXFDAAPPROVE,https://kalshi.com/markets/kxfdaapprove/kxfdaapprove-mdma
6f8bec23,b3ac2fdd,2026-08-16,2026-08-16T19:00:10.791582+00:00,KXTVSEASONRELEASETHELASTOFUS-27-JAN,"When will ""The Last of Us"" Season 3 be released?",paper,PASS,LOW,2,DRIFT,LONG,4,Entertainment,0,0.095,0.04,0.055,0.04,0.033,,0.02,42,C,0,1,0,0,0,0,0,1,NO,149.0,competition/award ranking,NO,0,0.472,,1,0.7368,,,,,,,,0.1483,YES,0,,,0,,,,,,,,,2027-01-01T15:00:00Z,,,KXTVSEASONRELEASETHELASTOFUS,KXTVSEASONRELEASETHELASTOFUS,https://kalshi.com/markets/kxtvseasonreleasethelastofus/kxtvseasonreleasethelastofus
340a80bc,b3ac2fdd,2026-08-16,2026-08-16T19:00:10.813021+00:00,KXYTUBESUBSISHOWSPEED-27,When will IShowSpeed reach 100 million Youtube subscribers?,paper,PASS,LOW,2,DRIFT,LONG,4,Entertainment,0,0.08,0.06,0.02,,,,,40,C,0,1,1,0,0,0,0,1,NO,364.01,,,1,0.031,NO,1,1.0,,,,,,,,,,0,,,0,,,,,,,,,2027-01-01T04:59:00Z,,,KXYTUBESUBSISHOWSPEED,KXYTUBESUBSISHOWSPEED,https://kalshi.com/markets/kxytubesubsishowspeed/kxytubesubsishowspeed
6d18e80a,3b13cfba,2026-08-17,2026-08-17T14:59:01.710332+00:00,KXMLBDEBUT-KANDERSON-26SEP01,"Will Kade Anderson play in a game for any team in the MLB before Sep 1, 2026?",paper,YES,MED,1,RESOLVE_FIRST,MONTHLY,2,,1,0.325,0.35,0.024999999999999967,0.02,,,0.35,,Unscored,0,0,0,0,0,0,0,0,,,sports debut,YES,0,,,0,,,,,,,,,,,0,,WIN,1,1,0.675,6.75,2026-08-23T22:37:45.865277+00:00,6.32,0.4225,0.4556,66.5,2026-09-01T03:59:00Z,,,KXMLBDEBUT-KANDERSON,KXMLBDEBUT,https://kalshi.com/markets/kxmlbdebut/kxmlbdebut-kanderson
dbb23d7d,2a1dd1b0,2026-08-17,2026-08-17T15:14:10.623861+00:00,KXKBOSPREAD-26AUG160600HANSAM-SAM2,Will the Samsung Lions win by over 1.5 runs?,paper,PASS,LOW,2,DRIFT,INTRADAY,0,Sports,0,0.385,0.385,0.0,0.1,0.083,,0.08,46,C,1,1,0,0,1,0,0,1,YES,947.27,competition win,NO,0,0.539,,1,1.0649,,,,,,0.9275,0.5425,-0.1258,NO,0,,,0,,,,,,,,,2026-08-18T10:00:00Z,2705.4,2684.28,KXKBOSPREAD-26AUG160600HANSAM,KXKBOSPREAD,https://kalshi.com/markets/kxkbospread/kxkbospread-26aug160600hansam
663ddd6b,2a1dd1b0,2026-08-17,2026-08-17T15:14:10.631080+00:00,KXKBOTOTAL-26AUG160600NCDLOT-10,Over 9.5 runs scored?,paper,PASS,LOW,2,DRIFT,INTRADAY,0,Sports,0,0.415,0.415,0.0,,,,,35,D,0,1,1,0,1,0,0,1,YES,258.1,,,0,0.56,,1,1.2771,,,,,,,,,,0,,,0,,,,,,,,,2026-08-18T10:00:00Z,1087.71,853.85,KXKBOTOTAL-26AUG160600NCDLOT,KXKBOTOTAL,https://kalshi.com/markets/kxkbototal/kxkbototal-26aug160600ncdlot
ccdafecd,2a1dd1b0,2026-08-17,2026-08-17T15:14:10.645237+00:00,KXKBOTOTAL-26AUG160600HANSAM-12,Over 11.5 runs scored?,paper,PASS,LOW,2,DRIFT,INTRADAY,0,Sports,0,0.395,0.395,0.0,,,,,35,D,0,1,1,0,1,0,0,1,NO,399.0,,,0,0.493,,1,1.3418,,,,,,,,,,0,,,0,,,,,,,,,2026-08-18T10:00:00Z,3055.08,1846.47,KXKBOTOTAL-26AUG160600HANSAM,KXKBOTOTAL,https://kalshi.com/markets/kxkbototal/kxkbototal-26aug160600hansam
890f4886,2a1dd1b0,2026-08-17,2026-08-17T15:14:10.657924+00:00,KXKBORFI-26AUG160600HANSAM-Y,Hanwha Eagles vs Samsung Lions: First Inning Run?,paper,PASS,LOW,2,DRIFT,INTRADAY,0,Sports,0,0.51,0.51,0.0,,,,,35,D,0,1,1,0,1,0,0,1,NO,348.52,,,0,0.532,,1,1.1765,,,,,,,,,,0,,,0,,,,,,,,,2026-08-18T10:00:00Z,958.76,863.76,KXKBORFI-26AUG160600HANSAM,KXKBORFI,https://kalshi.com/markets/kxkborfi/kxkborfi-26aug160600hansam
8e25e6fc,2a1dd1b0,2026-08-17,2026-08-17T15:14:10.669294+00:00,KXHORMUZPEAK-26AUG16-T10,"Will the highest single-day number of transit calls through the Strait of Hormuz be more than 10 from Aug 10, 2026 to Aug 16, 2026?",paper,PASS,LOW,2,DRIFT,INTRADAY,0,Politics,0,0.1,0.11,0.01,,,,,35,D,0,1,1,0,1,0,0,1,NO,416.0,,,1,0.124,NO,1,1.0,,,,,,,,,,0,,LOSS,1,0,0.0,0.0,2026-08-18T16:26:05.992455+00:00,1.05,,,,2026-08-18T13:00:00Z,3528.08,2756.4,KXHORMUZPEAK-26AUG16,KXHORMUZPEAK,https://kalshi.com/markets/kxhormuzpeak/kxhormuzpeak-26aug16
d0b86c49,2a1dd1b0,2026-08-17,2026-08-17T15:14:10.682451+00:00,KXYTVIEWSW-JUS26AUG16-15.75M,"Will Justin Bieber have above 15.75M daily views at any point during August 10, 2026 - August 16, 2026?",paper,PASS,LOW,2,DRIFT,INTRADAY,0,Entertainment,0,0.155,0.15,-0.005,,,,,35,D,0,1,1,0,1,0,0,1,NO,250.0,,,1,0.275,NO,1,0.8387,,,,,,,,,,0,,LOSS,1,0,0.0,0.0,2026-08-18T16:26:06.378325+00:00,1.05,,,,2026-08-18T14:00:00Z,1000.09,934.37,KXYTVIEWSW-JUS26AUG16,KXYTVIEWSW,https://kalshi.com/markets/kxytviewsw/kxytviewsw-jus26aug16
117d8b18,2a1dd1b0,2026-08-17,2026-08-17T15:14:10.693798+00:00,KXBUILDPERMS-26AUG18-T1.550,Will US building permits for July 2026 be above 1.550M?,paper,PASS,LOW,2,HEURISTIC,INTRADAY,0,Economics,0,0.05,0.05,0.0,0.45,0.446,,0.5,45,C,1,0,0,0,1,0,0,0,,,housing permits data,YES,1,0.0,NO,0,,,,,,,,,0.0248,YES,0,,LOSS,1,0,0.0,0.0,2026-08-18T16:26:06.796548+00:00,1.05,,,,2026-08-18T12:29:00Z,63.63,62.63,KXBUILDPERMS-26AUG18,KXBUILDPERMS,https://kalshi.com/markets/kxbuildperms/kxbuildperms-26aug18
e5cf1c55,2a1dd1b0,2026-08-17,2026-08-17T15:14:10.704578+00:00,KXKBORFI-26AUG160600NCDLOT-Y,NC Dinos vs Lotte Giants: First Inning Run?,paper,PASS,LOW,2,DRIFT,INTRADAY,0,Sports,0,0.61,0.61,0.0,,,,,35,D,0,1,1,0,1,0,0,1,NO,179.0,,,0,0.497,,1,0.8852,,,,,,,,,,0,,,0,,,,,,,,,2026-08-18T10:00:00Z,969.17,901.48,KXKBORFI-26AUG160600NCDLOT,KXKBORFI,https://kalshi.com/markets/kxkborfi/kxkborfi-26aug160600ncdlot
139ca976,2a1dd1b0,2026-08-17,2026-08-17T15:14:10.719321+00:00,KXBABELMANDEBWEEKLY-26AUG16-T175,"Will there be more than 175 transit calls through the Bab el-Mandeb Strait from Aug 10, 2026 to Aug 16, 2026?",paper,PASS,LOW,2,DRIFT,INTRADAY,0,Politics,0,0.675,0.7,0.025,,,,,35,D,0,1,1,0,1,0,0,0,,,,,0,0.617,,1,0.1037,,,,,,,,,,0,,LOSS,1,0,0.0,0.0,2026-08-18T16:26:07.539419+00:00,1.05,,,,2026-08-18T13:00:00Z,650.51,648.28,KXBABELMANDEBWEEKLY-26AUG16,KXBABELMANDEBWEEKLY,https://kalshi.com/markets/kxbabelmandebweekly/kxbabelmandebweekly-26aug16
8a22c335,2a1dd1b0,2026-08-17,2026-08-17T15:14:10.730414+00:00,KXKBOSPREAD-26AUG160600NCDLOT-NCD2,Will the NC Dinos win by over 1.5 runs?,paper,PASS,LOW,2,DRIFT,INTRADAY,0,Sports,0,0.255,0.255,0.0,-0.03,-0.044,,0.08,27,D,1,1,0,0,1,0,0,0,,,competition win,NO,1,0.751,YES,1,1.6078,,,,,,,,0.2105,YES,0,,,0,,,,,,,,,2026-08-18T10:00:00Z,214.72,204.72,KXKBOSPREAD-26AUG160600NCDLOT,KXKBOSPREAD,https://kalshi.com/markets/kxkbospread/kxkbospread-26aug160600ncdlot
78e70d09,44bfff8d,2026-08-19,2026-08-19T03:54:05.197233+00:00,KXDIMAYORGAME-26AUG17BUCPAS-PAS,Bucaramanga vs Pasto Winner?,paper,PASS,LOW,2,DRIFT,INTRADAY,0,Sports,0,0.25,0.25,0.0,,,,,35,D,0,1,1,0,1,0,0,0,,,,,1,0.786,YES,1,0.88,,,,,,,,,,0,,,0,,,,,,,,,2026-08-20T03:05:00Z,721.13,418.42,KXDIMAYORGAME-26AUG17BUCPAS,KXDIMAYORGAME,https://kalshi.com/markets/kxdimayorgame/kxdimayorgame-26aug17bucpas
bf66a239,44bfff8d,2026-08-19,2026-08-19T03:54:05.200955+00:00,KXDIMAYORGAME-26AUG17INTDIM-DIM,Internacional de Bogota vs Ind. Medellin Winner?,paper,PASS,LOW,2,DRIFT,INTRADAY,0,Sports,0,0.35,0.35,0.0,,,,,35,D,0,1,1,0,1,0,0,0,,,,,1,0.757,YES,1,0.5714,,,,,,,,,,0,,,0,,,,,,,,,2026-08-20T01:00:00Z,440.74,219.55,KXDIMAYORGAME-26AUG17INTDIM,KXDIMAYORGAME,https://kalshi.com/markets/kxdimayorgame/kxdimayorgame-26aug17intdim
455db4c6,44bfff8d,2026-08-19,2026-08-19T03:54:05.217241+00:00,KXCABLEAVE-26MAY22-26SEP,Will any member of Trump's Cabinet leave before Sep 2026?,paper,PASS,LOW,2,HEURISTIC,MONTHLY,2,Politics,0,0.14,0.18,0.04,0.49,0.481,,0.65,64,B,1,0,0,0,0,0,0,0,,,cabinet departure,YES,1,0.13,NO,1,0.2857,,,,,,0.0245,-0.1155,0.07,YES,0,,LOSS,1,0,0.0,0.0,2026-09-01T22:11:01.470130+00:00,13.76,,,,2026-09-02T03:59:00Z,1267.41,855.22,KXCABLEAVE-26MAY22,KXCABLEAVE,https://kalshi.com/markets/kxcableave/kxcableave-26may22
02fa0a8f,44bfff8d,2026-08-19,2026-08-19T03:54:05.235552+00:00,KXMLBDEBUT-KANDERSON-26NOV01,"Will Kade Anderson play in a game for any team in the MLB before Nov 1, 2026?",paper,PASS,LOW,2,DRIFT,QUARTERLY,3,Sports,0,0.65,0.6,-0.05,-0.04,-0.056,,0.35,32,D,1,1,0,0,0,0,0,1,YES,355.0,sports debut,NO,0,0.64,,1,1.0462,,,,,,,,-0.33,NO,0,,LOSS,1,0,0.0,0.0,2026-08-23T22:37:49.377500+00:00,4.78,,,,2026-11-01T04:59:00Z,4542.71,1670.89,KXMLBDEBUT-KANDERSON,KXMLBDEBUT,https://kalshi.com/markets/kxmlbdebut/kxmlbdebut-kanderson
7ff64304,44bfff8d,2026-08-19,2026-08-19T03:54:05.248493+00:00,KXMLBDEBUT-JMADE-26NOV01,"Will Jesús Made play in a game for any team in the MLB before Nov 1, 2026?",paper,PASS,LOW,2,DRIFT,QUARTERLY,3,Sports,0,0.135,0.2,0.065,0.18,0.171,,0.35,50,C,1,1,0,0,0,0,0,0,,,sports debut,YES,0,0.378,,1,0.5185,,,,,,,,-0.055,NO,0,,,0,,,,,,,,,2026-11-01T04:59:00Z,369.36,82.12,KXMLBDEBUT-JMADE,KXMLBDEBUT,https://kalshi.com/markets/kxmlbdebut/kxmlbdebut-jmade
4492b214,44bfff8d,2026-08-19,2026-08-19T03:54:05.263006+00:00,KXMLBDEBUT-SWALCOTT-26NOV01,"Will Sebastian Walcott play in a game for any team in the MLB before Nov 1, 2026?",paper,PASS,LOW,2,DRIFT,QUARTERLY,3,Sports,0,0.18,0.13,-0.05,0.05,0.039,,0.35,42,C,1,1,0,0,0,0,0,0,,,sports debut,YES,0,0.54,,1,1.3333,,,,,,,,0.28,YES,0,,,0,,,,,,,,,2026-11-01T04:59:00Z,731.3,205.0,KXMLBDEBUT-SWALCOTT,KXMLBDEBUT,https://kalshi.com/markets/kxmlbdebut/kxmlbdebut-swalcott
c8d0aeb4,44bfff8d,2026-08-19,2026-08-19T03:54:05.274822+00:00,KXRECOGSOMALI-29-27,Will Trump recognize Somaliland?,paper,PASS,LOW,2,HEURISTIC,LONG,4,Politics,0,0.102,0.08,-0.022,0.17,0.163,,0.3,55,B,1,0,0,0,0,0,0,1,NO,250.0,diplomatic recognition,YES,1,0.069,NO,1,0.549,,,,,,0.065,-0.037,0.4975,YES,0,,,0,,,,,,,,,2027-01-01T15:00:00Z,9620.49,3842.46,KXRECOGSOMALI-29,KXRECOGSOMALI,https://kalshi.com/markets/kxrecogsomali/kxrecogsomali-29
e3838a5a,44bfff8d,2026-08-19,2026-08-19T03:54:05.286418+00:00,KXTVSEASONRELEASETHELASTOFUS-27-JAN,"When will ""The Last of Us"" Season 3 be released?",paper,PASS,LOW,2,DRIFT,LONG,4,Entertainment,0,0.09,0.05,-0.04,0.04,0.034,,0.02,42,C,0,1,0,0,0,0,0,1,NO,149.0,competition/award ranking,NO,0,0.433,,1,0.6667,,,,,,,,0.1533,YES,0,,,0,,,,,,,,,2027-01-01T15:00:00Z,4271.0,2434.71,KXTVSEASONRELEASETHELASTOFUS,KXTVSEASONRELEASETHELASTOFUS,https://kalshi.com/markets/kxtvseasonreleasethelastofus/kxtvseasonreleasethelastofus
3e236c3c,44bfff8d,2026-08-19,2026-08-19T03:54:05.297738+00:00,KXFDAAPPROVE-MDMA-27JAN01,"Will the FDA approve midomafetamine / MDMA for PTSD before Jan 1, 2027?",paper,PASS,LOW,2,HEURISTIC,LONG,4,Science and Technology,0,0.125,0.08,-0.045,0.24,0.232,,0.4,50,C,1,0,0,0,0,0,0,1,NO,193.62,FDA approval,YES,1,0.223,NO,1,0.56,,,,,,,,0.025,YES,0,,,0,,,,,,,,,2027-01-01T04:59:00Z,885.23,564.56,KXFDAAPPROVE-MDMA,KXFDAAPPROVE,https://kalshi.com/markets/kxfdaapprove/kxfdaapprove-mdma
0190f35a,db0d4655,2026-08-19,2026-08-19T13:15:01.648782+00:00,KXRAIN-26AUG19-SFO,"Will it rain in San Francisco on Aug 19, 2026?",paper,PASS,LOW,2,HEURISTIC,INTRADAY,0,Climate and Weather,0,0.05,0.05,0.0,0.32,0.316,,0.4,50,C,1,0,0,0,1,0,0,1,NO,216.18,weather,YES,0,0.482,,1,1.2,,,,,,,,0.1229,YES,0,,LOSS,1,0,0.0,0.0,2026-08-20T14:35:42.600734+00:00,1.06,,,,2026-08-20T07:00:00Z,2208.12,1214.61,KXRAIN-26AUG19,KXRAIN,https://kalshi.com/markets/kxrain/kxrain-26aug19
62385fc0,db0d4655,2026-08-19,2026-08-19T13:15:01.654786+00:00,KXLOWTSFO-26AUG19-B56.5,"Will the minimum temperature be 56-57° on Aug 19, 2026?",paper,PASS,LOW,2,DRIFT,INTRADAY,0,Climate and Weather,0,0.775,0.8,0.025,,,,,35,D,0,1,1,0,1,0,0,1,,60.0,,,1,0.076,NO,1,0.5032,,,,,,,,-0.565,NO,0,,LOSS,1,0,0.0,0.0,2026-08-20T14:35:43.122123+00:00,1.06,,,,2026-08-20T08:00:00Z,761.44,717.44,KXLOWTSFO-26AUG19,KXLOWTSFO,https://kalshi.com/markets/kxlowtsfo/kxlowtsfo-26aug19
55b99ef3,db0d4655,2026-08-19,2026-08-19T13:15:01.670188+00:00,KXLOWTOKC-26AUG19-T80,"Will the minimum temperature be >80° on Aug 19, 2026?",paper,PASS,LOW,2,DRIFT,INTRADAY,0,Climate and Weather,0,0.765,0.55,0.215,,,,,35,D,0,1,1,0,1,0,0,1,,62.0,,,1,0.122,NO,1,0.4052,,,,,,,,-0.555,NO,0,,LOSS,1,0,0.0,0.0,2026-08-20T14:35:44.571813+00:00,1.06,,,,2026-08-20T06:00:00Z,3304.45,2887.91,KXLOWTOKC-26AUG19,KXLOWTOKC,https://kalshi.com/markets/kxlowtokc/kxlowtokc-26aug19
76e54f57,db0d4655,2026-08-19,2026-08-19T13:15:01.684068+00:00,KXLOWTPHX-26AUG19-T91,"Will the minimum temperature be >91° on Aug 19, 2026?",paper,PASS,LOW,2,DRIFT,INTRADAY,0,Climate and Weather,0,0.67,0.55,0.12,,,,,35,D,0,1,1,0,1,0,0,0,,,,,1,0.206,NO,1,0.1493,,,,,,,,-0.46,NO,0,,LOSS,1,0,0.0,0.0,2026-08-21T19:08:26.876238+00:00,2.25,,,,2026-08-20T07:00:00Z,3061.58,1692.2,KXLOWTPHX-26AUG19,KXLOWTPHX,https://kalshi.com/markets/kxlowtphx/kxlowtphx-26aug19
aedd9122,db0d4655,2026-08-19,2026-08-19T13:15:01.695962+00:00,KXCS2GAME-26AUG180400INFINN-INF,Will INFURITY Gaming win the INFURITY Gaming vs. Inner Circle Prospect CS2 match?,paper,PASS,LOW,2,DRIFT,INTRADAY,0,Sports,0,0.725,0.72,-0.005,0.62,0.606,,0.08,45,C,1,1,0,0,1,0,0,0,,,competition win,NO,0,0.533,,1,0.069,,,,,,,,,,0,,,0,,,,,,,,,2026-08-20T08:00:00Z,2956.5,1046.49,KXCS2GAME-26AUG180400INFINN,KXCS2GAME,https://kalshi.com/markets/kxcs2game/kxcs2game-26aug180400infinn
050053fd,db0d4655,2026-08-19,2026-08-19T13:15:01.707811+00:00,KXLOWTHOU-26AUG19-B77.5,"Will the minimum temperature be 77-78° on Aug 19, 2026?",paper,PASS,LOW,2,DRIFT,INTRADAY,0,Climate and Weather,0,0.1,0.13,0.03,,,,,35,D,0,1,1,0,1,0,0,0,,,,,1,0.095,NO,1,1.2,,,,,,,,0.11,YES,0,,LOSS,1,0,0.0,0.0,2026-08-20T14:35:45.702801+00:00,1.06,,,,2026-08-20T06:00:00Z,420.17,316.18,KXLOWTHOU-26AUG19,KXLOWTHOU,https://kalshi.com/markets/kxlowthou/kxlowthou-26aug19
08396e0a,db0d4655,2026-08-19,2026-08-19T13:15:01.720761+00:00,KXLOWTNOLA-26AUG19-B77.5,"Will the minimum temperature be 77-78° on Aug 19, 2026?",paper,PASS,LOW,2,DRIFT,INTRADAY,0,Climate and Weather,0,0.095,0.09,-0.005,,,,,35,D,0,1,1,0,1,0,0,0,,,,,1,0.073,NO,1,0.9474,,,,,,,,0.115,YES,0,,LOSS,1,0,0.0,0.0,2026-08-20T14:35:46.172172+00:00,1.06,,,,2026-08-20T06:00:00Z,128.29,92.29,KXLOWTNOLA-26AUG19,KXLOWTNOLA,https://kalshi.com/markets/kxlowtnola/kxlowtnola-26aug19
f09cd4c4,db0d4655,2026-08-19,2026-08-19T13:15:01.732762+00:00,KXJOBLESSCLAIMS-26AUG20-205000,"How many initial jobless claims will there be the week ending Aug 15, 2026?",paper,PASS,LOW,2,DRIFT,INTRADAY,0,Economics,0,0.625,0.55,-0.075,,,,,35,D,0,1,1,0,1,0,0,0,,,,,0,0.436,,1,0.848,,,,,,,,,,0,,LOSS,1,0,0.0,0.0,2026-08-20T14:35:46.529948+00:00,1.06,,,,2026-08-20T12:25:00Z,4901.63,3901.36,KXJOBLESSCLAIMS-26AUG20,KXJOBLESSCLAIMS,https://kalshi.com/markets/kxjoblessclaims/kxjoblessclaims-26aug20
bc25e295,db0d4655,2026-08-19,2026-08-19T13:15:01.744001+00:00,KXMLBDEBUT-KANDERSON-26SEP01,"Will Kade Anderson play in a game for any team in the MLB before Sep 1, 2026?",paper,PASS,LOW,2,DRIFT,MONTHLY,2,Sports,0,0.185,0.18,-0.005,0.16,0.149,,0.35,50,C,1,1,0,0,0,0,0,0,,,sports debut,YES,0,0.504,,1,0.0541,,,,,,,,0.135,YES,0,,LOSS,1,0,0.0,0.0,2026-08-23T22:37:51.861784+00:00,4.39,,,,2026-09-01T03:59:00Z,746.06,328.3,KXMLBDEBUT-KANDERSON,KXMLBDEBUT,https://kalshi.com/markets/kxmlbdebut/kxmlbdebut-kanderson
47dd9d9f,db0d4655,2026-08-19,2026-08-19T13:15:01.758170+00:00,KXCABLEAVE-26MAY22-26SEP,Will any member of Trump's Cabinet leave before Sep 2026?,paper,PASS,LOW,2,HEURISTIC,MONTHLY,2,Politics,0,0.145,0.2,0.055,0.48,0.471,,0.65,64,B,1,0,0,0,0,0,0,0,,,cabinet departure,YES,1,0.167,NO,1,0.3448,,,,,,0.0245,-0.1205,0.065,YES,0,,LOSS,1,0,0.0,0.0,2026-09-01T22:11:03.914440+00:00,13.37,,,,2026-09-02T03:59:00Z,1267.41,855.22,KXCABLEAVE-26MAY22,KXCABLEAVE,https://kalshi.com/markets/kxcableave/kxcableave-26may22
bd677af9,338f9914,2026-08-19,2026-08-19T13:15:53.182601+00:00,KXRAIN-26AUG19-SFO,"Will it rain in San Francisco on Aug 19, 2026?",paper,PASS,LOW,2,HEURISTIC,INTRADAY,0,Climate and Weather,0,0.05,0.07,0.02,0.32,0.316,,0.4,50,C,1,0,0,0,1,0,0,1,NO,216.18,weather,YES,0,0.482,,1,1.2,,,,,,,,0.1229,YES,0,,LOSS,1,0,0.0,0.0,2026-08-20T14:35:47.634471+00:00,1.06,,,,2026-08-20T07:00:00Z,2208.12,1214.61,KXRAIN-26AUG19,KXRAIN,https://kalshi.com/markets/kxrain/kxrain-26aug19
2758bc6a,338f9914,2026-08-19,2026-08-19T13:15:53.185591+00:00,KXLOWTSFO-26AUG19-B56.5,"Will the minimum temperature be 56-57° on Aug 19, 2026?",paper,PASS,LOW,2,DRIFT,INTRADAY,0,Climate and Weather,0,0.775,0.8,0.025,,,,,35,D,0,1,1,0,1,0,0,1,,60.0,,,1,0.075,NO,1,0.529,,,,,,,,-0.565,NO,0,,LOSS,1,0,0.0,0.0,2026-08-20T14:35:48.012878+00:00,1.06,,,,2026-08-20T08:00:00Z,761.44,717.44,KXLOWTSFO-26AUG19,KXLOWTSFO,https://kalshi.com/markets/kxlowtsfo/kxlowtsfo-26aug19
d68a9e72,338f9914,2026-08-19,2026-08-19T13:15:53.197511+00:00,KXLOWTOKC-26AUG19-T80,"Will the minimum temperature be >80° on Aug 19, 2026?",paper,PASS,LOW,2,DRIFT,INTRADAY,0,Climate and Weather,0,0.77,0.75,0.02,,,,,35,D,0,1,1,0,1,0,0,1,YES,110.0,,,1,0.14,NO,1,0.4416,,,,,,,,-0.56,NO,0,,LOSS,1,0,0.0,0.0,2026-08-20T14:35:48.454570+00:00,1.06,,,,2026-08-20T06:00:00Z,3417.45,3000.91,KXLOWTOKC-26AUG19,KXLOWTOKC,https://kalshi.com/markets/kxlowtokc/kxlowtokc-26aug19
e85ff0ea,338f9914,2026-08-19,2026-08-19T13:15:53.210071+00:00,KXLOWTPHX-26AUG19-T91,"Will the minimum temperature be >91° on Aug 19, 2026?",paper,PASS,LOW,2,DRIFT,INTRADAY,0,Climate and Weather,0,0.66,0.58,0.08,,,,,35,D,0,1,1,0,1,0,0,0,,,,,1,0.228,NO,1,0.1515,,,,,,,,-0.45,NO,0,,LOSS,1,0,0.0,0.0,2026-08-21T19:08:28.291645+00:00,2.24,,,,2026-08-20T07:00:00Z,3077.58,1678.2,KXLOWTPHX-26AUG19,KXLOWTPHX,https://kalshi.com/markets/kxlowtphx/kxlowtphx-26aug19
e9651ed5,338f9914,2026-08-19,2026-08-19T13:15:53.223045+00:00,KXLOWTHOU-26AUG19-B77.5,"Will the minimum temperature be 77-78° on Aug 19, 2026?",paper,PASS,LOW,2,DRIFT,INTRADAY,0,Climate and Weather,0,0.1,0.12,0.02,,,,,35,D,0,1,1,0,1,0,0,0,,,,,1,0.095,NO,1,1.2,,,,,,,,0.11,YES,0,,LOSS,1,0,0.0,0.0,2026-08-20T14:35:49.524058+00:00,1.06,,,,2026-08-20T06:00:00Z,420.17,316.18,KXLOWTHOU-26AUG19,KXLOWTHOU,https://kalshi.com/markets/kxlowthou/kxlowthou-26aug19
9b96b8ae,338f9914,2026-08-19,2026-08-19T13:15:53.233829+00:00,KXLOWTNOLA-26AUG19-B77.5,"Will the minimum temperature be 77-78° on Aug 19, 2026?",paper,PASS,LOW,2,DRIFT,INTRADAY,0,Climate and Weather,0,0.095,0.1,0.005,,,,,35,D,0,1,1,0,1,0,0,0,,,,,1,0.073,NO,1,0.9474,,,,,,,,0.115,YES,0,,LOSS,1,0,0.0,0.0,2026-08-20T14:35:49.874312+00:00,1.06,,,,2026-08-20T06:00:00Z,128.29,92.29,KXLOWTNOLA-26AUG19,KXLOWTNOLA,https://kalshi.com/markets/kxlowtnola/kxlowtnola-26aug19
cbac31d9,338f9914,2026-08-19,2026-08-19T13:15:53.246845+00:00,KXCS2GAME-26AUG180400INFINN-INF,Will INFURITY Gaming win the INFURITY Gaming vs. Inner Circle Prospect CS2 match?,paper,PASS,LOW,2,DRIFT,INTRADAY,0,Sports,0,0.715,0.68,0.035,0.62,0.605,,0.08,45,C,1,1,0,0,1,0,0,0,,,competition win,NO,0,0.532,,0,0.042,,,,,,,,,,0,,,0,,,,,,,,,2026-08-20T08:00:00Z,2956.5,1046.49,KXCS2GAME-26AUG180400INFINN,KXCS2GAME,https://kalshi.com/markets/kxcs2game/kxcs2game-26aug180400infinn
e32923af,338f9914,2026-08-19,2026-08-19T13:15:53.257548+00:00,KXJOBLESSCLAIMS-26AUG20-205000,"How many initial jobless claims will there be the week ending Aug 15, 2026?",paper,PASS,LOW,2,DRIFT,INTRADAY,0,Economics,0,0.665,0.65,0.015,,,,,35,D,0,1,1,0,1,0,0,0,,,,,0,0.495,,1,0.6767,,,,,,,,,,0,,LOSS,1,0,0.0,0.0,2026-08-20T14:35:50.591899+00:00,1.06,,,,2026-08-20T12:25:00Z,4901.63,3901.36,KXJOBLESSCLAIMS-26AUG20,KXJOBLESSCLAIMS,https://kalshi.com/markets/kxjoblessclaims/kxjoblessclaims-26aug20
5afce463,338f9914,2026-08-19,2026-08-19T13:15:53.270306+00:00,KXMLBDEBUT-KANDERSON-26SEP01,"Will Kade Anderson play in a game for any team in the MLB before Sep 1, 2026?",paper,PASS,LOW,2,DRIFT,MONTHLY,2,Sports,0,0.185,0.2,0.015,0.16,0.149,,0.35,50,C,1,1,0,0,0,0,0,0,,,sports debut,YES,0,0.504,,1,0.0541,,,,,,,,0.135,YES,0,,LOSS,1,0,0.0,0.0,2026-08-23T22:37:52.911784+00:00,4.39,,,,2026-09-01T03:59:00Z,746.06,328.3,KXMLBDEBUT-KANDERSON,KXMLBDEBUT,https://kalshi.com/markets/kxmlbdebut/kxmlbdebut-kanderson
5213c069,ae9c07f9,2026-08-19,2026-08-19T13:30:01.711191+00:00,KXRAIN-26AUG19-DEN,"Will it rain in Denver on Aug 19, 2026?",paper,YES,MED,1,DRIFT,INTRADAY,0,,1,0.28,0.4,0.12,0.11,,,0.4,,Unscored,1,1,0,0,1,0,0,0,,,weather,YES,0,,,0,,,,,,,,,,,0,,LOSS,1,0,-0.28,-2.8,2026-08-20T14:35:51.427848+00:00,1.05,0.16,0.0784,-27.0,2026-08-20T06:00:00Z,,,KXRAIN-26AUG19,KXRAIN,https://kalshi.com/markets/kxrain/kxrain-26aug19
10b11ca3,ae9c07f9,2026-08-19,2026-08-19T13:30:01.713755+00:00,KXHIGHTHOU-26AUG19-T97,"Will the maximum temperature be <97° on Aug 19, 2026?",paper,PASS,LOW,2,RESOLVE_FIRST,INTRADAY,0,,0,0.29000000000000004,,,,,,,,Unscored,0,0,1,0,1,0,0,0,,,,,0,,,0,,,,,,,,,,,0,,LOSS,1,0,0.0,0.0,2026-08-20T14:35:51.780027+00:00,1.05,,,,2026-08-20T06:00:00Z,,,KXHIGHTHOU-26AUG19,KXHIGHTHOU,https://kalshi.com/markets/kxhighthou/kxhighthou-26aug19
23adc678,ae9c07f9,2026-08-19,2026-08-19T13:30:01.728214+00:00,KXRAIN-26AUG19-PHX,"Will it rain in Phoenix on Aug 19, 2026?",paper,YES,MED,1,HEURISTIC,INTRADAY,0,,1,0.16999999999999998,0.4,0.23000000000000004,0.22,,,0.4,,Unscored,1,0,0,0,1,0,0,0,,,weather,YES,0,,,0,,,,,,,,,,,0,,WIN,1,1,0.83,8.3,2026-08-21T19:08:29.366984+00:00,2.24,0.36,0.6889,82.0,2026-08-20T07:00:00Z,,,KXRAIN-26AUG19,KXRAIN,https://kalshi.com/markets/kxrain/kxrain-26aug19
359814ab,ae9c07f9,2026-08-19,2026-08-19T13:30:01.739636+00:00,KXHIGHLAX-26AUG19-B82.5,"Will the maximum temperature be 82-83° on Aug 19, 2026?",paper,PASS,LOW,2,RESOLVE_FIRST,INTRADAY,0,,0,0.405,,,,,,,,Unscored,0,0,1,0,1,0,0,0,,,,,0,,,0,,,,,,,,,,,0,,LOSS,1,0,0.0,0.0,2026-08-20T14:35:52.504797+00:00,1.05,,,,2026-08-20T08:00:00Z,,,KXHIGHLAX-26AUG19,KXHIGHLAX,https://kalshi.com/markets/kxhighlax/kxhighlax-26aug19
dd0bc805,ae9c07f9,2026-08-19,2026-08-19T13:30:01.753543+00:00,KXJOBLESSCLAIMS-26AUG20-210000,"How many initial jobless claims will there be the week ending Aug 15, 2026?",paper,PASS,LOW,2,DRIFT,INTRADAY,0,,0,0.49,,,,,,,,Unscored,0,1,1,0,1,0,0,0,,,,,0,,,0,,,,,,,,,,,0,,LOSS,1,0,0.0,0.0,2026-08-20T14:35:52.892597+00:00,1.05,,,,2026-08-20T12:25:00Z,,,KXJOBLESSCLAIMS-26AUG20,KXJOBLESSCLAIMS,https://kalshi.com/markets/kxjoblessclaims/kxjoblessclaims-26aug20
7ad70114,ae9c07f9,2026-08-19,2026-08-19T13:30:01.764838+00:00,KXHIGHLAX-26AUG19-T83,"Will the maximum temperature be >83° on Aug 19, 2026?",paper,PASS,LOW,2,RESOLVE_FIRST,INTRADAY,0,,0,0.12,,,,,,,,Unscored,0,0,1,0,1,0,0,0,,,,,0,,,0,,,,,,,,,,,0,,LOSS,1,0,0.0,0.0,2026-08-20T14:35:53.352233+00:00,1.05,,,,2026-08-20T08:00:00Z,,,KXHIGHLAX-26AUG19,KXHIGHLAX,https://kalshi.com/markets/kxhighlax/kxhighlax-26aug19
8435a4f5,ae9c07f9,2026-08-19,2026-08-19T13:30:01.776155+00:00,KXHIGHTDAL-26AUG19-B107.5,"Will the maximum temperature be 107-108° on Aug 19, 2026?",paper,PASS,LOW,2,DRIFT,INTRADAY,0,,0,0.09,,,,,,,,Unscored,0,1,1,0,1,0,0,0,,,,,0,,,0,,,,,,,,,,,0,,LOSS,1,0,0.0,0.0,2026-08-20T14:35:53.741875+00:00,1.05,,,,2026-08-20T06:00:00Z,,,KXHIGHTDAL-26AUG19,KXHIGHTDAL,https://kalshi.com/markets/kxhightdal/kxhightdal-26aug19
a109aa43,ae9c07f9,2026-08-19,2026-08-19T13:30:01.789451+00:00,KXHIGHTHOU-26AUG19-B97.5,"Will the maximum temperature be 97-98° on Aug 19, 2026?",paper,PASS,LOW,2,RESOLVE_FIRST,INTRADAY,0,,0,0.645,,,,,,,,Unscored,0,0,1,0,1,0,0,0,,,,,0,,,0,,,,,,,,,,,0,,LOSS,1,0,0.0,0.0,2026-08-20T14:35:54.170412+00:00,1.05,,,,2026-08-20T06:00:00Z,,,KXHIGHTHOU-26AUG19,KXHIGHTHOU,https://kalshi.com/markets/kxhighthou/kxhighthou-26aug19
96d20a3d,d7ecd463,2026-08-20,2026-08-20T14:36:25.562800+00:00,KXHIGHLAX-26AUG20-B83.5,"Will the maximum temperature be 83-84° on Aug 20, 2026?",paper,PASS,LOW,2,RESOLVE_FIRST,INTRADAY,0,,0,0.18,,,,,,,,Unscored,0,0,1,0,1,0,0,0,,,,,0,,,0,,,,,,,,,,,0,,LOSS,1,0,0.0,0.0,2026-08-21T19:08:29.727015+00:00,1.19,,,,2026-08-21T08:00:00Z,,,KXHIGHLAX-26AUG20,KXHIGHLAX,https://kalshi.com/markets/kxhighlax/kxhighlax-26aug20
e757849c,d7ecd463,2026-08-20,2026-08-20T14:36:25.705859+00:00,KXHIGHDEN-26AUG20-B94.5,"Will the maximum temperature be 94-95° on Aug 20, 2026?",paper,PASS,LOW,2,DRIFT,INTRADAY,0,,0,0.365,,,,,,,,Unscored,0,1,1,0,1,0,0,0,,,,,0,,,0,,,,,,,,,,,0,,LOSS,1,0,0.0,0.0,2026-08-21T19:08:30.098847+00:00,1.19,,,,2026-08-21T07:00:00Z,,,KXHIGHDEN-26AUG20,KXHIGHDEN,https://kalshi.com/markets/kxhighden/kxhighden-26aug20
c022601b,d7ecd463,2026-08-20,2026-08-20T14:36:26.999247+00:00,KXHIGHLAX-26AUG20-B81.5,"Will the maximum temperature be 81-82° on Aug 20, 2026?",paper,PASS,LOW,2,RESOLVE_FIRST,INTRADAY,0,,0,0.525,,,,,,,,Unscored,0,0,1,0,1,0,0,0,,,,,0,,,0,,,,,,,,,,,0,,LOSS,1,0,0.0,0.0,2026-08-21T19:08:30.448942+00:00,1.19,,,,2026-08-21T08:00:00Z,,,KXHIGHLAX-26AUG20,KXHIGHLAX,https://kalshi.com/markets/kxhighlax/kxhighlax-26aug20
53f8dcb3,d7ecd463,2026-08-20,2026-08-20T14:36:27.908267+00:00,KXHIGHTSEA-26AUG20-B85.5,"Will the maximum temperature be 85-86° on Aug 20, 2026?",paper,PASS,LOW,2,DRIFT,INTRADAY,0,,0,0.565,,,,,,,,Unscored,0,1,1,0,1,0,0,0,,,,,0,,,0,,,,,,,,,,,0,,LOSS,1,0,0.0,0.0,2026-08-21T19:08:30.849799+00:00,1.19,,,,2026-08-21T08:00:00Z,,,KXHIGHTSEA-26AUG20,KXHIGHTSEA,https://kalshi.com/markets/kxhightsea/kxhightsea-26aug20
bf4e1508,d7ecd463,2026-08-20,2026-08-20T14:36:28.084247+00:00,KXAPRPOTUS-26AUG21-39.2,Will the President's approval rating be between 39.1 and 39.3 according to RealClearPolitics?,paper,YES,MED,1,HEURISTIC,INTRADAY,0,,1,0.065,0.5,0.435,0.42,,,0.5,,Unscored,1,0,0,0,1,0,0,0,,,approval rating,YES,0,,,0,,,,,,,,,,,0,,LOSS,1,0,-0.065,-0.65,2026-08-21T19:08:31.223264+00:00,1.19,0.25,0.0042,-3.5,2026-08-21T14:00:00Z,,,KXAPRPOTUS-26AUG21,KXAPRPOTUS,https://kalshi.com/markets/kxaprpotus/kxaprpotus-26aug21
78d2dc3c,d7ecd463,2026-08-20,2026-08-20T14:36:28.168020+00:00,KXGENERICBALLOTVOTEHUB-26AUG21-T6.8,Above 6.8%,paper,PASS,LOW,2,RESOLVE_FIRST,INTRADAY,0,,0,0.125,,,,,,,,Unscored,0,0,1,0,1,0,0,0,,,,,0,,,0,,,,,,,,,,,0,,LOSS,1,0,0.0,0.0,2026-08-21T19:08:31.587917+00:00,1.19,,,,2026-08-21T13:59:00Z,,,KXGENERICBALLOTVOTEHUB-26AUG21,KXGENERICBALLOTVOTEHUB,https://kalshi.com/markets/kxgenericballotvotehub/kxgenericballotvotehub-26aug21
16262054,d7ecd463,2026-08-20,2026-08-20T14:36:28.363814+00:00,KXHIGHTSEA-26AUG20-B81.5,"Will the maximum temperature be 81-82° on Aug 20, 2026?",paper,PASS,LOW,2,DRIFT,INTRADAY,0,,0,0.05500000000000001,,,,,,,,Unscored,0,1,1,0,1,0,0,0,,,,,0,,,0,,,,,,,,,,,0,,LOSS,1,0,0.0,0.0,2026-08-21T19:08:31.972898+00:00,1.19,,,,2026-08-21T08:00:00Z,,,KXHIGHTSEA-26AUG20,KXHIGHTSEA,https://kalshi.com/markets/kxhightsea/kxhightsea-26aug20
f9fb6730,d7ecd463,2026-08-20,2026-08-20T14:36:29.421840+00:00,KXSPEECHAI-26AUG21-CART,Top Text to Speech AI this week?,paper,PASS,LOW,2,DRIFT,INTRADAY,0,,0,0.7,,,,,,,,Unscored,0,1,1,0,1,0,0,0,,,,,0,,,0,,,,,,,,,,,0,,LOSS,1,0,0.0,0.0,2026-08-21T19:08:32.369055+00:00,1.19,,,,2026-08-21T14:00:00Z,,,KXSPEECHAI-26AUG21,KXSPEECHAI,https://kalshi.com/markets/kxspeechai/kxspeechai-26aug21
51703c45,d7ecd463,2026-08-20,2026-08-20T14:36:29.504466+00:00,KXHIGHTLV-26AUG20-B109.5,"Will the maximum temperature be 109-110° on Aug 20, 2026?",paper,PASS,LOW,2,RESOLVE_FIRST,INTRADAY,0,,0,0.6,,,,,,,,Unscored,0,0,1,0,1,0,0,0,,,,,0,,,0,,,,,,,,,,,0,,LOSS,1,0,0.0,0.0,2026-08-21T19:08:32.734683+00:00,1.19,,,,2026-08-21T08:00:00Z,,,KXHIGHTLV-26AUG20,KXHIGHTLV,https://kalshi.com/markets/kxhightlv/kxhightlv-26aug20
f6621ff8,b1bc9ff8,2026-08-20,2026-08-20T14:50:10.734050+00:00,KXAPRPOTUS-26AUG21-40.1,Will the President's approval rating be between 40.0 and 40.2 according to RealClearPolitics?,paper,PASS,LOW,2,HEURISTIC,INTRADAY,0,Politics,0,0.06,0.08,0.02,0.43,0.426,,0.5,45,C,1,0,0,0,1,0,0,1,NO,1000.0,approval rating,YES,1,0.293,NO,1,0.3333,,,,,,,,,,0,,LOSS,1,0,0.0,0.0,2026-08-21T19:08:33.144890+00:00,1.18,,,,2026-08-21T14:00:00Z,8554.13,4797.39,KXAPRPOTUS-26AUG21,KXAPRPOTUS,https://kalshi.com/markets/kxaprpotus/kxaprpotus-26aug21
1486c169,b1bc9ff8,2026-08-20,2026-08-20T14:50:10.743476+00:00,KXLOWTSFO-26AUG20-B56.5,"Will the minimum temperature be 56-57° on Aug 20, 2026?",paper,PASS,LOW,2,DRIFT,INTRADAY,0,Climate and Weather,0,0.615,0.6,-0.015,,,,,35,D,0,1,1,0,1,0,0,1,YES,172.0,,,1,0.345,NO,1,0.5041,,,,,,,,-0.405,NO,0,,LOSS,1,0,0.0,0.0,2026-08-21T19:08:33.523787+00:00,1.18,,,,2026-08-21T08:00:00Z,1264.39,933.91,KXLOWTSFO-26AUG20,KXLOWTSFO,https://kalshi.com/markets/kxlowtsfo/kxlowtsfo-26aug20
8c854c68,b1bc9ff8,2026-08-20,2026-08-20T14:50:10.778212+00:00,KXLOWTSEA-26AUG20-B58.5,"Will the minimum temperature be 58-59° on Aug 20, 2026?",paper,PASS,LOW,2,DRIFT,INTRADAY,0,Climate and Weather,0,0.83,0.78,-0.05,,,,,35,D,0,1,1,0,1,0,0,1,,68.8,,,1,0.297,NO,1,0.1687,,,,,,,,-0.62,NO,0,,LOSS,1,0,0.0,0.0,2026-08-21T19:08:33.899713+00:00,1.18,,,,2026-08-21T08:00:00Z,2200.76,2164.24,KXLOWTSEA-26AUG20,KXLOWTSEA,https://kalshi.com/markets/kxlowtsea/kxlowtsea-26aug20
18cee23a,b1bc9ff8,2026-08-20,2026-08-20T14:50:10.818134+00:00,KXHIGHTSEA-26AUG20-B81.5,"Will the maximum temperature be 81-82° on Aug 20, 2026?",paper,PASS,LOW,2,DRIFT,INTRADAY,0,Climate and Weather,0,0.055,0.1,0.045,,,,,35,D,0,1,1,0,1,0,0,1,NO,555.0,,,1,0.105,NO,1,0.5455,,,,,,,,-0.025,NO,0,,LOSS,1,0,0.0,0.0,2026-08-21T19:08:34.278768+00:00,1.18,,,,2026-08-21T08:00:00Z,3952.03,2757.7,KXHIGHTSEA-26AUG20,KXHIGHTSEA,https://kalshi.com/markets/kxhightsea/kxhightsea-26aug20
fe3949fc,b1bc9ff8,2026-08-20,2026-08-20T14:50:10.837342+00:00,KXLOWTDEN-26AUG20-B61.5,"Will the minimum temperature be 61-62° on Aug 20, 2026?",paper,PASS,LOW,2,DRIFT,INTRADAY,0,Climate and Weather,0,0.115,0.12,0.005,,,,,35,D,0,1,1,0,1,0,0,0,,,,,1,0.054,NO,1,1.4783,,,,,,,,0.095,YES,0,,LOSS,1,0,0.0,0.0,2026-08-21T19:08:34.640255+00:00,1.18,,,,2026-08-21T07:00:00Z,529.02,428.69,KXLOWTDEN-26AUG20,KXLOWTDEN,https://kalshi.com/markets/kxlowtden/kxlowtden-26aug20
6bdb033f,b1bc9ff8,2026-08-20,2026-08-20T14:50:10.856648+00:00,KXVIDEOAI-26AUG21-ALIB,Top Text to Video AI this week?,paper,PASS,LOW,2,DRIFT,INTRADAY,0,Science and Technology,0,0.57,0.55,-0.02,,,,,35,D,0,1,1,0,1,0,0,0,,,,,1,0.746,YES,1,1.4386,,,,,,,,,,0,,LOSS,1,0,0.0,0.0,2026-08-21T19:08:35.024139+00:00,1.18,,,,2026-08-21T14:00:00Z,1681.39,1638.39,KXVIDEOAI-26AUG21,KXVIDEOAI,https://kalshi.com/markets/kxvideoai/kxvideoai-26aug21
4b2bd62e,b1bc9ff8,2026-08-20,2026-08-20T14:50:10.879476+00:00,KXCABLEAVE-26MAY22-26SEP,Will any member of Trump's Cabinet leave before Sep 2026?,paper,PASS,MED,1,HEURISTIC,MONTHLY,2,Politics,0,0.135,0.2,0.065,0.48,0.471,,0.65,74,A,1,0,0,0,0,0,0,0,,,cabinet departure,YES,1,0.133,NO,1,0.5185,,,,,,0.0225,-0.1125,0.075,YES,0,,LOSS,1,0,0.0,0.0,2026-09-01T22:11:04.611482+00:00,12.31,,,,2026-09-02T03:59:00Z,1267.41,855.22,KXCABLEAVE-26MAY22,KXCABLEAVE,https://kalshi.com/markets/kxcableave/kxcableave-26may22
f5568069,b1bc9ff8,2026-08-20,2026-08-20T14:50:10.898118+00:00,KXNFLRETIRE-LJOHNSON65-2627,Will Lane Johnson announce his retirement before the 2026-27 NFL season?,paper,PASS,MED,1,DRIFT,QUARTERLY,3,Sports,0,0.065,0.07,0.005,0.2,0.195,,0.3,60,B,1,1,0,0,0,1,0,1,NO,250.0,athlete retirement,YES,1,0.1,NO,1,1.0769,,,,,,,,0.4128,YES,0,,,0,,,,,,,,,2026-09-30T03:59:00Z,887.2,249.34,KXNFLRETIRE-LJOHNSON65,KXNFLRETIRE,https://kalshi.com/markets/kxnflretire/kxnflretire-ljohnson65
87c1e024,b1bc9ff8,2026-08-20,2026-08-20T14:50:10.912915+00:00,KXMLBDEBUT-KANDERSON-26NOV01,"Will Kade Anderson play in a game for any team in the MLB before Nov 1, 2026?",paper,PASS,MED,1,HEURISTIC,QUARTERLY,3,Sports,0,0.81,0.86,0.05,0.42,0.409,,0.35,65,B,1,0,0,0,0,0,0,1,YES,355.0,sports debut,NO,0,0.52,,1,0.0988,,,,,,,,-0.49,NO,0,,LOSS,1,0,0.0,0.0,2026-08-23T22:37:53.963432+00:00,3.32,,,,2026-11-01T04:59:00Z,4742.71,1470.89,KXMLBDEBUT-KANDERSON,KXMLBDEBUT,https://kalshi.com/markets/kxmlbdebut/kxmlbdebut-kanderson
ecd59ac9,5c4acf30,2026-08-20,2026-08-20T14:55:59.696833+00:00,KXAPRPOTUS-26AUG21-40.1,Will the President's approval rating be between 40.0 and 40.2 according to RealClearPolitics?,paper,PASS,LOW,2,HEURISTIC,INTRADAY,0,Politics,0,0.06,0.1,0.04,0.43,0.426,,0.5,45,C,1,0,0,0,1,0,0,1,NO,1000.0,approval rating,YES,1,0.293,NO,1,0.3333,,,,,,,,,,0,,LOSS,1,0,0.0,0.0,2026-08-21T19:08:36.460542+00:00,1.18,,,,2026-08-21T14:00:00Z,8554.13,4797.39,KXAPRPOTUS-26AUG21,KXAPRPOTUS,https://kalshi.com/markets/kxaprpotus/kxaprpotus-26aug21
8e62868b,5c4acf30,2026-08-20,2026-08-20T14:55:59.724456+00:00,KXLOWTSFO-26AUG20-B56.5,"Will the minimum temperature be 56-57° on Aug 20, 2026?",paper,PASS,LOW,2,DRIFT,INTRADAY,0,Climate and Weather,0,0.615,0.55,0.065,,,,,35,D,0,1,1,0,1,0,0,1,YES,172.0,,,1,0.343,NO,1,0.5041,,,,,,,,-0.405,NO,0,,LOSS,1,0,0.0,0.0,2026-08-21T19:08:36.812929+00:00,1.18,,,,2026-08-21T08:00:00Z,1264.39,933.91,KXLOWTSFO-26AUG20,KXLOWTSFO,https://kalshi.com/markets/kxlowtsfo/kxlowtsfo-26aug20
91a6fa22,5c4acf30,2026-08-20,2026-08-20T14:55:59.754836+00:00,KXHIGHTSEA-26AUG20-B81.5,"Will the maximum temperature be 81-82° on Aug 20, 2026?",paper,PASS,LOW,2,DRIFT,INTRADAY,0,Climate and Weather,0,0.055,0.07,0.015,,,,,35,D,0,1,1,0,1,0,0,1,NO,555.0,,,1,0.106,NO,1,0.5455,,,,,,,,-0.025,NO,0,,LOSS,1,0,0.0,0.0,2026-08-21T19:08:37.206664+00:00,1.18,,,,2026-08-21T08:00:00Z,3952.03,2757.7,KXHIGHTSEA-26AUG20,KXHIGHTSEA,https://kalshi.com/markets/kxhightsea/kxhightsea-26aug20
7db81d37,5c4acf30,2026-08-20,2026-08-20T14:55:59.768569+00:00,KXSPEECHAI-26AUG21-CART,Top Text to Speech AI this week?,paper,PASS,LOW,2,DRIFT,INTRADAY,0,Science and Technology,0,0.7,0.65,0.05,,,,,35,D,0,1,1,0,1,0,0,1,YES,563.0,,,1,0.977,YES,1,0.8286,,,,,,,,,,0,,LOSS,1,0,0.0,0.0,2026-08-21T19:08:37.610350+00:00,1.18,,,,2026-08-21T14:00:00Z,2739.2,2182.12,KXSPEECHAI-26AUG21,KXSPEECHAI,https://kalshi.com/markets/kxspeechai/kxspeechai-26aug21
9fa20501,5c4acf30,2026-08-20,2026-08-20T14:55:59.782572+00:00,KXLOWTSEA-26AUG20-B58.5,"Will the minimum temperature be 58-59° on Aug 20, 2026?",paper,PASS,LOW,2,DRIFT,INTRADAY,0,Climate and Weather,0,0.83,0.78,0.05,,,,,35,D,0,1,1,0,1,0,0,1,,68.8,,,0,0.375,,1,0.1687,,,,,,,,-0.62,NO,0,,LOSS,1,0,0.0,0.0,2026-08-21T19:08:37.998363+00:00,1.18,,,,2026-08-21T08:00:00Z,2200.76,2164.24,KXLOWTSEA-26AUG20,KXLOWTSEA,https://kalshi.com/markets/kxlowtsea/kxlowtsea-26aug20
d1bf3ee7,5c4acf30,2026-08-20,2026-08-20T14:55:59.798645+00:00,KXLOWTDEN-26AUG20-B61.5,"Will the minimum temperature be 61-62° on Aug 20, 2026?",paper,PASS,LOW,2,DRIFT,INTRADAY,0,Climate and Weather,0,0.115,0.13,0.015,,,,,35,D,0,1,1,0,1,0,0,0,,,,,1,0.061,NO,1,1.4783,,,,,,,,0.095,YES,0,,LOSS,1,0,0.0,0.0,2026-08-21T19:08:38.389156+00:00,1.18,,,,2026-08-21T07:00:00Z,529.02,428.69,KXLOWTDEN-26AUG20,KXLOWTDEN,https://kalshi.com/markets/kxlowtden/kxlowtden-26aug20
03e83829,5c4acf30,2026-08-20,2026-08-20T14:55:59.820038+00:00,KXVIDEOAI-26AUG21-ALIB,Top Text to Video AI this week?,paper,PASS,LOW,2,DRIFT,INTRADAY,0,Science and Technology,0,0.57,0.55,0.02,,,,,35,D,0,1,1,0,1,0,0,0,,,,,1,0.746,YES,1,1.4737,,,,,,,,,,0,,LOSS,1,0,0.0,0.0,2026-08-21T19:08:38.770471+00:00,1.18,,,,2026-08-21T14:00:00Z,1681.39,1638.39,KXVIDEOAI-26AUG21,KXVIDEOAI,https://kalshi.com/markets/kxvideoai/kxvideoai-26aug21
ad7ee86e,5c4acf30,2026-08-20,2026-08-20T14:55:59.838642+00:00,KXCABLEAVE-26MAY22-26SEP,Will any member of Trump's Cabinet leave before Sep 2026?,paper,PASS,LOW,2,HEURISTIC,MONTHLY,2,Politics,0,0.135,0.16,0.025,0.48,0.471,,0.65,64,B,1,0,0,0,0,0,0,0,,,cabinet departure,YES,1,0.133,NO,1,0.5185,,,,,,0.0225,-0.1125,0.075,YES,0,,LOSS,1,0,0.0,0.0,2026-09-01T22:11:05.308232+00:00,12.3,,,,2026-09-02T03:59:00Z,1267.41,855.22,KXCABLEAVE-26MAY22,KXCABLEAVE,https://kalshi.com/markets/kxcableave/kxcableave-26may22
a793e296,5c4acf30,2026-08-20,2026-08-20T14:55:59.854714+00:00,KXNFLRETIRE-LJOHNSON65-2627,Will Lane Johnson announce his retirement before the 2026-27 NFL season?,paper,PASS,LOW,2,DRIFT,QUARTERLY,3,Sports,0,0.065,0.06,0.005,0.2,0.195,,0.3,50,C,1,1,0,0,0,0,0,1,NO,250.0,athlete retirement,YES,1,0.1,NO,1,1.0769,,,,,,,,0.4128,YES,0,,,0,,,,,,,,,2026-09-30T03:59:00Z,887.2,249.34,KXNFLRETIRE-LJOHNSON65,KXNFLRETIRE,https://kalshi.com/markets/kxnflretire/kxnflretire-ljohnson65
d417c9aa,5c4acf30,2026-08-20,2026-08-20T14:55:59.875081+00:00,KXMLBDEBUT-KANDERSON-26NOV01,"Will Kade Anderson play in a game for any team in the MLB before Nov 1, 2026?",paper,PASS,LOW,2,HEURISTIC,QUARTERLY,3,Sports,0,0.81,0.87,0.06,0.42,0.409,,0.35,55,B,1,0,0,0,0,0,0,1,YES,355.0,sports debut,NO,0,0.52,,1,0.0988,,,,,,,,-0.49,NO,0,,LOSS,1,0,0.0,0.0,2026-08-23T22:37:55.003083+00:00,3.32,,,,2026-11-01T04:59:00Z,4742.71,1470.89,KXMLBDEBUT-KANDERSON,KXMLBDEBUT,https://kalshi.com/markets/kxmlbdebut/kxmlbdebut-kanderson
5de40e63,25c91b72,2026-08-21,2026-08-21T19:28:43.126941+00:00,KXHIGHCHI-26AUG21-T78,"Will the maximum temperature be <78° on Aug 21, 2026?",paper,PASS,LOW,2,RESOLVE_FIRST,INTRADAY,0,,0,0.20500000000000002,,,,,,,,Unscored,0,0,1,0,1,0,0,0,,,,,0,,,0,,,,,,,,,,,0,,LOSS,1,0,0.0,0.0,2026-08-22T18:50:42.125105+00:00,0.97,,,,2026-08-22T06:00:00Z,,,KXHIGHCHI-26AUG21,KXHIGHCHI,https://kalshi.com/markets/kxhighchi/kxhighchi-26aug21
a8131f1b,25c91b72,2026-08-21,2026-08-21T19:28:43.150947+00:00,KXHIGHTSATX-26AUG21-B100.5,"Will the maximum temperature be 100-101° on Aug 21, 2026?",paper,PASS,LOW,2,DRIFT,INTRADAY,0,,0,0.195,,,,,,,,Unscored,0,1,1,0,1,0,0,0,,,,,0,,,0,,,,,,,,,,,0,,LOSS,1,0,0.0,0.0,2026-08-22T18:50:45.453143+00:00,0.97,,,,2026-08-22T06:00:00Z,,,KXHIGHTSATX-26AUG21,KXHIGHTSATX,https://kalshi.com/markets/kxhightsatx/kxhightsatx-26aug21
42e5b030,25c91b72,2026-08-21,2026-08-21T19:28:44.200655+00:00,KXHIGHTHOU-26AUG21-T99,"Will the maximum temperature be <99° on Aug 21, 2026?",paper,PASS,LOW,2,DRIFT,INTRADAY,0,,0,0.595,,,,,,,,Unscored,0,1,1,0,1,0,0,0,,,,,0,,,0,,,,,,,,,,,0,,LOSS,1,0,0.0,0.0,2026-08-22T18:50:45.820658+00:00,0.97,,,,2026-08-22T06:00:00Z,,,KXHIGHTHOU-26AUG21,KXHIGHTHOU,https://kalshi.com/markets/kxhighthou/kxhighthou-26aug21
c1dfbf8a,25c91b72,2026-08-21,2026-08-21T19:28:44.264184+00:00,KXHIGHTLV-26AUG21-B108.5,"Will the maximum temperature be 108-109° on Aug 21, 2026?",paper,PASS,LOW,2,RESOLVE_FIRST,INTRADAY,0,,0,0.595,,,,,,,,Unscored,0,0,1,0,1,0,0,0,,,,,0,,,0,,,,,,,,,,,0,,LOSS,1,0,0.0,0.0,2026-08-22T18:50:46.244832+00:00,0.97,,,,2026-08-22T08:00:00Z,,,KXHIGHTLV-26AUG21,KXHIGHTLV,https://kalshi.com/markets/kxhightlv/kxhightlv-26aug21
c2137387,25c91b72,2026-08-21,2026-08-21T19:28:44.283122+00:00,KXHIGHTSEA-26AUG21-T86,"Will the maximum temperature be >86° on Aug 21, 2026?",paper,PASS,LOW,2,RESOLVE_FIRST,INTRADAY,0,,0,0.07,,,,,,,,Unscored,0,0,1,0,1,0,0,0,,,,,0,,,0,,,,,,,,,,,0,,LOSS,1,0,0.0,0.0,2026-08-22T18:50:46.653850+00:00,0.97,,,,2026-08-22T08:00:00Z,,,KXHIGHTSEA-26AUG21,KXHIGHTSEA,https://kalshi.com/markets/kxhightsea/kxhightsea-26aug21
8ffd86f0,25c91b72,2026-08-21,2026-08-21T19:28:44.372908+00:00,KXLOWTDAL-26AUG21-B82.5,"Will the minimum temperature be 82-83° on Aug 21, 2026?",paper,PASS,LOW,2,DRIFT,INTRADAY,0,,0,0.06,,,,,,,,Unscored,0,1,1,0,1,0,0,0,,,,,0,,,0,,,,,,,,,,,0,,LOSS,1,0,0.0,0.0,2026-08-22T18:50:47.122657+00:00,0.97,,,,2026-08-22T06:00:00Z,,,KXLOWTDAL-26AUG21,KXLOWTDAL,https://kalshi.com/markets/kxlowtdal/kxlowtdal-26aug21
0d680ee1,25c91b72,2026-08-21,2026-08-21T19:28:44.560394+00:00,KXHIGHLAX-26AUG21-B82.5,"Will the maximum temperature be 82-83° on Aug 21, 2026?",paper,PASS,LOW,2,RESOLVE_FIRST,INTRADAY,0,,0,0.71,,,,,,,,Unscored,0,0,1,0,1,0,0,0,,,,,0,,,0,,,,,,,,,,,0,,LOSS,1,0,0.0,0.0,2026-08-22T18:50:47.542347+00:00,0.97,,,,2026-08-22T08:00:00Z,,,KXHIGHLAX-26AUG21,KXHIGHLAX,https://kalshi.com/markets/kxhighlax/kxhighlax-26aug21
b114d124,25c91b72,2026-08-21,2026-08-21T19:28:44.598832+00:00,KXLOWTNOLA-26AUG21-B79.5,"Will the minimum temperature be 79-80° on Aug 21, 2026?",paper,PASS,LOW,2,DRIFT,INTRADAY,0,,0,0.66,,,,,,,,Unscored,0,1,1,0,1,0,0,0,,,,,0,,,0,,,,,,,,,,,0,,LOSS,1,0,0.0,0.0,2026-08-22T18:50:48.038292+00:00,0.97,,,,2026-08-22T06:00:00Z,,,KXLOWTNOLA-26AUG21,KXLOWTNOLA,https://kalshi.com/markets/kxlowtnola/kxlowtnola-26aug21
fd5229cd,84f40eb6,2026-08-21,2026-08-21T19:37:03.162660+00:00,KXHIGHTLV-26AUG21-B106.5,"Will the maximum temperature be 106-107° on Aug 21, 2026?",paper,PASS,LOW,2,DRIFT,INTRADAY,0,Climate and Weather,0,0.365,0.35,-0.015,,,,,35,D,0,1,1,0,1,0,0,1,YES,100.0,,,1,0.167,NO,1,0.1918,,,,,,,,-0.335,NO,0,,LOSS,1,0,0.0,0.0,2026-08-22T18:50:48.488693+00:00,0.97,,,,2026-08-22T08:00:00Z,10857.55,5964.16,KXHIGHTLV-26AUG21,KXHIGHTLV,https://kalshi.com/markets/kxhightlv/kxhightlv-26aug21
5df667f3,84f40eb6,2026-08-21,2026-08-21T19:37:03.188147+00:00,KXLOWTCHI-26AUG21-B61.5,"Will the minimum temperature be 61-62° on Aug 21, 2026?",paper,PASS,LOW,2,DRIFT,INTRADAY,0,Climate and Weather,0,0.79,0.75,-0.04,,,,,35,D,0,1,1,0,1,0,0,0,,,,,1,0.194,NO,1,0.4304,,,,,,,,-0.59,NO,0,,LOSS,1,0,0.0,0.0,2026-08-22T18:50:49.261016+00:00,0.97,,,,2026-08-22T06:00:00Z,850.13,688.42,KXLOWTCHI-26AUG21,KXLOWTCHI,https://kalshi.com/markets/kxlowtchi/kxlowtchi-26aug21
f12c2b7f,84f40eb6,2026-08-21,2026-08-21T19:37:03.215028+00:00,KXLOWTNOLA-26AUG21-B79.5,"Will the minimum temperature be 79-80° on Aug 21, 2026?",paper,PASS,LOW,2,DRIFT,INTRADAY,0,Climate and Weather,0,0.56,0.55,-0.01,,,,,35,D,0,1,1,0,1,0,0,0,,,,,0,0.503,,1,0.6786,,,,,,,,-0.36,NO,0,,LOSS,1,0,0.0,0.0,2026-08-22T18:50:49.668588+00:00,0.97,,,,2026-08-22T06:00:00Z,1032.02,688.07,KXLOWTNOLA-26AUG21,KXLOWTNOLA,https://kalshi.com/markets/kxlowtnola/kxlowtnola-26aug21
ff202db5,84f40eb6,2026-08-21,2026-08-21T19:37:03.242014+00:00,KXMLBDEBUT-FARIAS-26NOV01,"Will Franklin Arias play in a game for any team in the MLB before Nov 1, 2026?",paper,PASS,LOW,2,DRIFT,QUARTERLY,3,Sports,0,0.455,0.4,-0.055,0.08,0.062,,0.35,46,C,1,1,0,0,0,0,0,1,YES,250.0,sports debut,NO,0,0.493,,1,0.1099,,,,,,,,-0.375,NO,0,,,0,,,,,,,,,2026-11-01T04:59:00Z,1212.09,949.5,KXMLBDEBUT-FARIAS,KXMLBDEBUT,https://kalshi.com/markets/kxmlbdebut/kxmlbdebut-farias
1cdbd3d9,84f40eb6,2026-08-21,2026-08-21T19:37:03.266755+00:00,KXNBARETIRE-SCURRY30-2627,Will Stephen Curry announce his retirement before the 2026-27 NBA season?,paper,PASS,LOW,2,HEURISTIC,QUARTERLY,3,Sports,0,0.05,0.04,-0.01,0.25,0.246,,0.3,55,B,1,0,0,0,0,0,0,0,,,athlete retirement,YES,1,0.0,NO,0,,,,,,,0.065,0.015,0.1028,YES,0,,,0,,,,,,,,,2026-11-15T04:59:00Z,595.14,574.96,KXNBARETIRE-SCURRY30,KXNBARETIRE,https://kalshi.com/markets/kxnbaretire/kxnbaretire-scurry30
f770c2e6,84f40eb6,2026-08-21,2026-08-21T19:37:03.289188+00:00,KXMLBDEBUT-JMADE-26NOV01,"Will Jesús Made play in a game for any team in the MLB before Nov 1, 2026?",paper,PASS,LOW,2,DRIFT,QUARTERLY,3,Sports,0,0.135,0.17,0.035,0.17,0.161,,0.35,50,C,1,1,0,0,0,0,0,0,,,sports debut,YES,1,0.116,NO,1,0.6667,,,,,,,,-0.055,NO,0,,,0,,,,,,,,,2026-11-01T04:59:00Z,374.36,77.12,KXMLBDEBUT-JMADE,KXMLBDEBUT,https://kalshi.com/markets/kxmlbdebut/kxmlbdebut-jmade
0fac0871,84f40eb6,2026-08-21,2026-08-21T19:37:03.316066+00:00,KXMLBDEBUT-SWALCOTT-26NOV01,"Will Sebastian Walcott play in a game for any team in the MLB before Nov 1, 2026?",paper,PASS,LOW,2,HEURISTIC,QUARTERLY,3,Sports,0,0.08,0.06,-0.02,0.25,0.244,,0.35,55,B,1,0,0,0,0,0,0,0,,,sports debut,YES,1,0.037,NO,1,0.5,,,,,,,,0.38,YES,0,,,0,,,,,,,,,2026-11-01T04:59:00Z,731.3,205.0,KXMLBDEBUT-SWALCOTT,KXMLBDEBUT,https://kalshi.com/markets/kxmlbdebut/kxmlbdebut-swalcott
b951a958,84f40eb6,2026-08-21,2026-08-21T19:37:03.341035+00:00,KXVETOOVERRIDE-29JAN20-27,Will Congress override Trump's veto before 2027?,paper,PASS,LOW,2,DRIFT,LONG,4,Politics,0,0.115,0.1,-0.015,0.07,0.062,,0.2,50,C,1,1,0,0,0,0,0,1,YES,132.74,presidential veto,YES,1,0.003,NO,1,0.2707,,,,,,0.145,0.0305,-0.0015,,0,,,0,,,,,,,,,2027-01-01T15:00:00Z,12288.69,3118.14,KXVETOOVERRIDE-29JAN20,KXVETOOVERRIDE,https://kalshi.com/markets/kxvetooverride/kxvetooverride-29jan20
74c440b3,84f40eb6,2026-08-21,2026-08-21T19:37:03.381322+00:00,KXAGICO-COMP-26Q4,"Will any company announce that it has achieved Artificial General Intelligence (AGI) before Jan 1, 2027?",paper,PASS,LOW,2,HEURISTIC,LONG,4,Companies,0,0.08,0.08,0.0,0.16,0.154,,0.25,50,C,1,0,0,0,0,0,0,1,YES,1669.94,AI model release,YES,0,0.371,,1,0.25,,,,,,0.085,0.005,0.02,YES,0,,,0,,,,,,,,,2027-01-01T04:59:00Z,12237.33,5009.14,KXAGICO-COMP,KXAGICO,https://kalshi.com/markets/kxagico/kxagico-comp
afbd3c8c,84f40eb6,2026-08-21,2026-08-21T19:37:03.406489+00:00,KXFDAAPPROVE-MDMA-27JAN01,"Will the FDA approve midomafetamine / MDMA for PTSD before Jan 1, 2027?",paper,PASS,LOW,2,DRIFT,LONG,4,Science and Technology,0,0.135,0.14,0.005,0.23,0.221,,0.4,50,C,1,1,0,0,0,0,0,1,NO,193.62,FDA approval,YES,1,0.227,NO,1,0.5185,,,,,,,,0.015,YES,0,,,0,,,,,,,,,2027-01-01T04:59:00Z,885.23,564.56,KXFDAAPPROVE-MDMA,KXFDAAPPROVE,https://kalshi.com/markets/kxfdaapprove/kxfdaapprove-mdma
e0190310,0a3d4338,2026-08-21,2026-08-21T19:45:15.167960+00:00,KXHIGHTOKC-26AUG21-B102.5,"Will the maximum temperature be 102-103° on Aug 21, 2026?",paper,PASS,LOW,2,DRIFT,INTRADAY,0,Climate and Weather,0,0.095,0.08,-0.015,,,,,35,D,0,1,1,0,1,0,0,1,NO,269.83,,,1,0.049,NO,1,0.3158,,,,,,,,-0.065,NO,0,,LOSS,1,0,0.0,0.0,2026-08-22T18:50:52.809058+00:00,0.96,,,,2026-08-22T06:00:00Z,9769.22,6040.75,KXHIGHTOKC-26AUG21,KXHIGHTOKC,https://kalshi.com/markets/kxhightokc/kxhightokc-26aug21
219451e7,0a3d4338,2026-08-21,2026-08-21T19:45:15.172729+00:00,KXLOWTCHI-26AUG21-B61.5,"Will the minimum temperature be 61-62° on Aug 21, 2026?",paper,PASS,LOW,2,DRIFT,INTRADAY,0,Climate and Weather,0,0.79,0.4,-0.39,,,,,35,D,0,1,1,0,1,0,0,0,,,,,1,0.193,NO,1,0.4304,,,,,,,,-0.59,NO,0,,LOSS,1,0,0.0,0.0,2026-08-22T18:50:53.188948+00:00,0.96,,,,2026-08-22T06:00:00Z,850.13,688.42,KXLOWTCHI-26AUG21,KXLOWTCHI,https://kalshi.com/markets/kxlowtchi/kxlowtchi-26aug21
2df54cd2,0a3d4338,2026-08-21,2026-08-21T19:45:15.189027+00:00,KXLOWTNOLA-26AUG21-B79.5,"Will the minimum temperature be 79-80° on Aug 21, 2026?",paper,PASS,LOW,2,DRIFT,INTRADAY,0,Climate and Weather,0,0.515,0.5,-0.015,,,,,35,D,0,1,1,0,1,0,0,0,,,,,0,0.502,,1,0.7184,,,,,,,,-0.315,NO,0,,LOSS,1,0,0.0,0.0,2026-08-22T18:50:53.571568+00:00,0.96,,,,2026-08-22T06:00:00Z,1032.02,688.07,KXLOWTNOLA-26AUG21,KXLOWTNOLA,https://kalshi.com/markets/kxlowtnola/kxlowtnola-26aug21
71b52fa0,0a3d4338,2026-08-21,2026-08-21T19:45:15.205029+00:00,KXMLBDEBUT-FARIAS-26NOV01,"Will Franklin Arias play in a game for any team in the MLB before Nov 1, 2026?",paper,PASS,LOW,2,DRIFT,QUARTERLY,3,Sports,0,0.455,0.38,-0.075,0.08,0.062,,0.35,46,C,1,1,0,0,0,0,0,1,YES,250.0,sports debut,NO,0,0.493,,1,0.1099,,,,,,,,-0.375,NO,0,,,0,,,,,,,,,2026-11-01T04:59:00Z,1212.09,949.5,KXMLBDEBUT-FARIAS,KXMLBDEBUT,https://kalshi.com/markets/kxmlbdebut/kxmlbdebut-farias
53a5e8d2,0a3d4338,2026-08-21,2026-08-21T19:45:15.216822+00:00,KXNBARETIRE-SCURRY30-2627,Will Stephen Curry announce his retirement before the 2026-27 NBA season?,paper,PASS,LOW,2,HEURISTIC,QUARTERLY,3,Sports,0,0.05,0.04,-0.01,0.25,0.246,,0.3,55,B,1,0,0,0,0,0,0,0,,,athlete retirement,YES,1,0.0,NO,0,,,,,,,0.065,0.015,0.1028,YES,0,,,0,,,,,,,,,2026-11-15T04:59:00Z,595.14,574.96,KXNBARETIRE-SCURRY30,KXNBARETIRE,https://kalshi.com/markets/kxnbaretire/kxnbaretire-scurry30
dd3a3406,0a3d4338,2026-08-21,2026-08-21T19:45:15.231840+00:00,KXMLBDEBUT-JMADE-26NOV01,"Will Jesús Made play in a game for any team in the MLB before Nov 1, 2026?",paper,PASS,LOW,2,DRIFT,QUARTERLY,3,Sports,0,0.135,0.12,-0.015,0.17,0.161,,0.35,50,C,1,1,0,0,0,0,0,0,,,sports debut,YES,1,0.116,NO,1,0.6667,,,,,,,,-0.055,NO,0,,,0,,,,,,,,,2026-11-01T04:59:00Z,374.36,77.12,KXMLBDEBUT-JMADE,KXMLBDEBUT,https://kalshi.com/markets/kxmlbdebut/kxmlbdebut-jmade
442ec7eb,0a3d4338,2026-08-21,2026-08-21T19:45:15.247016+00:00,KXMLBDEBUT-SWALCOTT-26NOV01,"Will Sebastian Walcott play in a game for any team in the MLB before Nov 1, 2026?",paper,PASS,LOW,2,HEURISTIC,QUARTERLY,3,Sports,0,0.08,0.08,0.0,0.25,0.244,,0.35,55,B,1,0,0,0,0,0,0,0,,,sports debut,YES,1,0.037,NO,1,0.5,,,,,,,,0.38,YES,0,,,0,,,,,,,,,2026-11-01T04:59:00Z,731.3,205.0,KXMLBDEBUT-SWALCOTT,KXMLBDEBUT,https://kalshi.com/markets/kxmlbdebut/kxmlbdebut-swalcott
a62bd08a,0a3d4338,2026-08-21,2026-08-21T19:45:15.265046+00:00,KXVETOOVERRIDE-29JAN20-27,Will Congress override Trump's veto before 2027?,paper,PASS,LOW,2,DRIFT,LONG,4,Politics,0,0.115,0.12,0.005,0.07,0.062,,0.2,50,C,1,1,0,0,0,0,0,1,YES,132.74,presidential veto,YES,1,0.003,NO,1,0.2707,,,,,,0.14,0.0255,-0.0015,,0,,,0,,,,,,,,,2027-01-01T15:00:00Z,12288.69,3118.14,KXVETOOVERRIDE-29JAN20,KXVETOOVERRIDE,https://kalshi.com/markets/kxvetooverride/kxvetooverride-29jan20
643eeffa,0a3d4338,2026-08-21,2026-08-21T19:45:15.276721+00:00,KXFDAAPPROVE-MDMA-27JAN01,"Will the FDA approve midomafetamine / MDMA for PTSD before Jan 1, 2027?",paper,PASS,LOW,2,DRIFT,LONG,4,Science and Technology,0,0.135,0.15,0.015,0.23,0.221,,0.4,50,C,1,1,0,0,0,0,0,1,NO,193.62,FDA approval,YES,1,0.227,NO,1,0.5185,,,,,,,,0.015,YES,0,,,0,,,,,,,,,2027-01-01T04:59:00Z,885.23,564.56,KXFDAAPPROVE-MDMA,KXFDAAPPROVE,https://kalshi.com/markets/kxfdaapprove/kxfdaapprove-mdma
0aee08ef,0a3d4338,2026-08-21,2026-08-21T19:45:15.288408+00:00,KXAGICO-COMP-26Q4,"Will any company announce that it has achieved Artificial General Intelligence (AGI) before Jan 1, 2027?",paper,PASS,LOW,2,HEURISTIC,LONG,4,Companies,0,0.08,0.08,0.0,0.16,0.154,,0.25,50,C,1,0,0,0,0,0,0,1,YES,1669.94,AI model release,YES,0,0.371,,1,0.25,,,,,,0.085,0.005,0.02,YES,0,,,0,,,,,,,,,2027-01-01T04:59:00Z,12237.33,5009.14,KXAGICO-COMP,KXAGICO,https://kalshi.com/markets/kxagico/kxagico-comp
2fb938c7,54537341,2026-08-22,2026-08-22T18:55:21.014835+00:00,KXCLUBFGAME-26AUG21CADLIO-CAD,Cadiz Mirandilla wins,paper,PASS,LOW,2,DRIFT,INTRADAY,0,Sports,0,0.19,0.19,0.0,,,,,35,D,0,1,1,0,1,0,0,1,NO,303.46,,,1,0.824,YES,1,1.2632,,,,,,,,,,0,,,0,,,,,,,,,2026-08-23T14:30:00Z,43249.83,16513.58,KXCLUBFGAME-26AUG21CADLIO,KXCLUBFGAME,https://kalshi.com/markets/kxclubfgame/kxclubfgame-26aug21cadlio
d703e064,54537341,2026-08-22,2026-08-22T18:55:21.040674+00:00,KXTRUMPACT-26AUG16-T3,"Will there be at least 3 presidential actions in the week of Aug 16, 2026?",paper,PASS,LOW,2,DRIFT,INTRADAY,0,Politics,0,0.26,0.3,0.04,,,,,35,D,0,1,1,0,1,0,0,1,NO,914.02,,,1,0.085,NO,1,1.3846,,,,,,,,0.73,YES,0,,LOSS,1,0,0.0,0.0,2026-08-23T16:45:47.364936+00:00,0.91,,,,2026-08-23T14:00:00Z,5719.76,2865.48,KXTRUMPACT-26AUG16,KXTRUMPACT,https://kalshi.com/markets/kxtrumpact/kxtrumpact-26aug16
a7e7bbd4,54537341,2026-08-22,2026-08-22T18:55:21.055078+00:00,KXTRUTHSOCIAL-26AUG22-T240,"Will Donald Trump make above 240 Truth Social posts the week of Aug 16, 2026?",paper,PASS,LOW,2,DRIFT,INTRADAY,0,Politics,0,0.53,0.5,0.03,,,,,35,D,0,1,1,0,1,0,0,1,YES,400.0,,,0,0.539,,1,0.2264,,,,,,,,-0.39,NO,0,,LOSS,1,0,0.0,0.0,2026-08-23T16:45:47.753128+00:00,0.91,,,,2026-08-23T13:59:00Z,55676.53,28906.18,KXTRUTHSOCIAL-26AUG22,KXTRUTHSOCIAL,https://kalshi.com/markets/kxtruthsocial/kxtruthsocial-26aug22
3d989943,54537341,2026-08-22,2026-08-22T18:55:21.069062+00:00,KXCLUBFTOTAL-26AUG21CADLIO-6,Will over 5.5 goals be scored?,paper,PASS,LOW,2,DRIFT,INTRADAY,0,Sports,0,0.175,0.175,0.0,,,,,35,D,0,1,1,0,1,0,0,1,YES,256.82,,,1,0.232,NO,1,1.6571,,,,,,,,0.1615,YES,0,,,0,,,,,,,,,2026-08-23T14:30:00Z,1583.18,614.8,KXCLUBFTOTAL-26AUG21CADLIO,KXCLUBFTOTAL,https://kalshi.com/markets/kxclubftotal/kxclubftotal-26aug21cadlio
8a3e6057,54537341,2026-08-22,2026-08-22T18:55:21.090203+00:00,KXCLUBFBTTS-26AUG21CADLIO-BTTS,Both Teams To Score,paper,PASS,LOW,2,DRIFT,INTRADAY,0,Sports,0,0.405,0.405,0.0,,,,,35,D,0,1,1,0,1,0,0,1,YES,438.73,,,1,0.81,YES,1,1.4074,,,,,,,,,,0,,,0,,,,,,,,,2026-08-23T14:30:00Z,5620.27,2722.44,KXCLUBFBTTS-26AUG21CADLIO,KXCLUBFBTTS,https://kalshi.com/markets/kxclubfbtts/kxclubfbtts-26aug21cadlio
db593091,54537341,2026-08-22,2026-08-22T18:55:21.106492+00:00,KXPBAGAME-26AUG090515ROSPFM-ROS,Rain or Shine Elasto Painters vs Phoenix Fuel Masters men's Philippines PBA game: Rain or Shine Elasto Painters wins,paper,PASS,LOW,2,DRIFT,INTRADAY,0,Sports,0,0.39,0.39,0.0,,,,,35,D,0,1,1,0,1,0,0,1,NO,154.0,,,0,0.469,,1,0.2051,,,,,,,,,,0,,,0,,,,,,,,,2026-08-23T09:15:00Z,7684.48,2001.5,KXPBAGAME-26AUG090515ROSPFM,KXPBAGAME,https://kalshi.com/markets/kxpbagame/kxpbagame-26aug090515rospfm
a7f6402b,54537341,2026-08-22,2026-08-22T18:55:21.122373+00:00,KXLOWTSEA-26AUG22-B56.5,"Will the minimum temperature be 56-57° on Aug 22, 2026?",paper,PASS,LOW,2,DRIFT,INTRADAY,0,Climate and Weather,0,0.055,0.06,0.005,,,,,35,D,0,1,1,0,1,0,0,0,,,,,1,0.053,NO,1,1.6364,,,,,,,,0.145,YES,0,,LOSS,1,0,0.0,0.0,2026-08-23T16:45:49.279366+00:00,0.91,,,,2026-08-23T08:00:00Z,617.49,436.54,KXLOWTSEA-26AUG22,KXLOWTSEA,https://kalshi.com/markets/kxlowtsea/kxlowtsea-26aug22
f4c67f00,54537341,2026-08-22,2026-08-22T18:55:21.140254+00:00,KXPBAGAME-26AUG090730BLEBAR-BAR,Blackwater Bossing vs Barangay Ginebra men's Philippines PBA game: Barangay Ginebra wins,paper,PASS,LOW,2,DRIFT,INTRADAY,0,Sports,0,0.525,0.525,0.0,,,,,35,D,0,1,1,0,1,0,0,1,YES,439.0,,,1,0.747,YES,1,1.0857,,,,,,,,,,0,,,0,,,,,,,,,2026-08-23T11:30:00Z,1742.94,1076.85,KXPBAGAME-26AUG090730BLEBAR,KXPBAGAME,https://kalshi.com/markets/kxpbagame/kxpbagame-26aug090730blebar
87c47fc0,54537341,2026-08-22,2026-08-22T18:55:21.154802+00:00,KXCLUBFSPREAD-26AUG21CADLIO-LIO2,Lion City Sailors wins by more than 1.5 goals?,paper,PASS,LOW,2,DRIFT,INTRADAY,0,Sports,0,0.435,0.435,0.0,,,,,35,D,0,1,1,0,1,0,0,0,,,,,1,0.321,NO,1,1.3103,,,,,,,,,,0,,,0,,,,,,,,,2026-08-23T14:30:00Z,592.29,333.48,KXCLUBFSPREAD-26AUG21CADLIO,KXCLUBFSPREAD,https://kalshi.com/markets/kxclubfspread/kxclubfspread-26aug21cadlio
e91bbf08,54537341,2026-08-22,2026-08-22T18:55:21.185551+00:00,KXLOWTSFO-26AUG22-B58.5,"Will the minimum temperature be 58-59° on Aug 22, 2026?",paper,NO,MED,1,DRIFT,INTRADAY,0,Climate and Weather,0,0.73,0.15,0.58,,,5.66,,45,C,0,1,1,0,1,0,0,1,YES,226.63,,,1,0.143,NO,1,0.4384,0.1198,-0.6102,2,1.15,2,,,-0.53,NO,0,,LOSS,1,0,-0.27,-2.7,2026-08-23T16:45:50.419477+00:00,0.91,0.7225,0.0729,-25.0,2026-08-23T08:00:00Z,2834.47,2555.0,KXLOWTSFO-26AUG22,KXLOWTSFO,https://kalshi.com/markets/kxlowtsfo/kxlowtsfo-26aug22
91b9cd4a,75a86e0b,2026-08-22,2026-08-22T19:00:07.657825+00:00,KXCLUBFGAME-26AUG21CADLIO-CAD,Cadiz Mirandilla wins,paper,PASS,LOW,2,DRIFT,INTRADAY,0,Sports,0,0.19,0.13,0.06,,,,,35,D,0,1,1,0,1,0,0,1,NO,303.46,,,1,0.825,YES,1,1.2632,,,,,,,,,,0,,,0,,,,,,,,,2026-08-23T14:30:00Z,43249.83,16513.58,KXCLUBFGAME-26AUG21CADLIO,KXCLUBFGAME,https://kalshi.com/markets/kxclubfgame/kxclubfgame-26aug21cadlio
8745f1a1,75a86e0b,2026-08-22,2026-08-22T19:00:07.807835+00:00,KXTRUMPACT-26AUG16-T3,"Will there be at least 3 presidential actions in the week of Aug 16, 2026?",paper,PASS,LOW,2,DRIFT,INTRADAY,0,Politics,0,0.26,0.26,0.0,,,,,35,D,0,1,1,0,1,0,0,1,NO,914.02,,,1,0.094,NO,1,1.3846,,,,,,,,0.73,YES,0,,LOSS,1,0,0.0,0.0,2026-08-23T16:45:51.165583+00:00,0.91,,,,2026-08-23T14:00:00Z,5719.76,2865.48,KXTRUMPACT-26AUG16,KXTRUMPACT,https://kalshi.com/markets/kxtrumpact/kxtrumpact-26aug16
3736e2bf,75a86e0b,2026-08-22,2026-08-22T19:00:07.828054+00:00,KXLOWTSFO-26AUG22-B58.5,"Will the minimum temperature be 58-59° on Aug 22, 2026?",paper,PASS,LOW,2,DRIFT,INTRADAY,0,Climate and Weather,0,0.755,0.75,0.01,,,,,35,D,0,1,1,0,1,0,0,1,YES,226.63,,,1,0.141,NO,1,0.3576,,,,,,,,-0.555,NO,0,,LOSS,1,0,0.0,0.0,2026-08-23T16:45:51.552799+00:00,0.91,,,,2026-08-23T08:00:00Z,2834.47,2555.0,KXLOWTSFO-26AUG22,KXLOWTSFO,https://kalshi.com/markets/kxlowtsfo/kxlowtsfo-26aug22
75e7ef5b,75a86e0b,2026-08-22,2026-08-22T19:00:07.845775+00:00,KXTRUTHSOCIAL-26AUG22-T240,"Will Donald Trump make above 240 Truth Social posts the week of Aug 16, 2026?",paper,PASS,LOW,2,DRIFT,INTRADAY,0,Politics,0,0.565,0.55,0.02,,,,,35,D,0,1,1,0,1,0,0,1,YES,400.0,,,0,0.556,,1,0.3363,,,,,,,,-0.425,NO,0,,LOSS,1,0,0.0,0.0,2026-08-23T16:45:51.987087+00:00,0.91,,,,2026-08-23T13:59:00Z,55676.53,28906.18,KXTRUTHSOCIAL-26AUG22,KXTRUTHSOCIAL,https://kalshi.com/markets/kxtruthsocial/kxtruthsocial-26aug22
222c4f0f,75a86e0b,2026-08-22,2026-08-22T19:00:07.885366+00:00,KXCLUBFTOTAL-26AUG21CADLIO-6,Will over 5.5 goals be scored?,paper,PASS,LOW,2,DRIFT,INTRADAY,0,Sports,0,0.175,0.1,0.075,,,,,35,D,0,1,1,0,1,0,0,1,YES,256.82,,,1,0.232,NO,1,1.6571,,,,,,,,0.1615,YES,0,,,0,,,,,,,,,2026-08-23T14:30:00Z,1583.18,614.8,KXCLUBFTOTAL-26AUG21CADLIO,KXCLUBFTOTAL,https://kalshi.com/markets/kxclubftotal/kxclubftotal-26aug21cadlio
555a4281,75a86e0b,2026-08-22,2026-08-22T19:00:07.937492+00:00,KXCLUBFBTTS-26AUG21CADLIO-BTTS,Both Teams To Score,paper,PASS,LOW,2,DRIFT,INTRADAY,0,Sports,0,0.405,0.25,0.155,,,,,35,D,0,1,1,0,1,0,0,1,YES,438.73,,,1,0.81,YES,1,1.4074,,,,,,,,,,0,,,0,,,,,,,,,2026-08-23T14:30:00Z,5620.27,2722.44,KXCLUBFBTTS-26AUG21CADLIO,KXCLUBFBTTS,https://kalshi.com/markets/kxclubfbtts/kxclubfbtts-26aug21cadlio
ca1b8759,75a86e0b,2026-08-22,2026-08-22T19:00:07.963447+00:00,KXPBAGAME-26AUG090515ROSPFM-ROS,Rain or Shine Elasto Painters vs Phoenix Fuel Masters men's Philippines PBA game: Rain or Shine Elasto Painters wins,paper,PASS,LOW,2,DRIFT,INTRADAY,0,Sports,0,0.39,0.39,0.0,,,,,35,D,0,1,1,0,1,0,0,1,NO,154.0,,,0,0.469,,1,0.2051,,,,,,,,,,0,,,0,,,,,,,,,2026-08-23T09:15:00Z,7684.48,2001.5,KXPBAGAME-26AUG090515ROSPFM,KXPBAGAME,https://kalshi.com/markets/kxpbagame/kxpbagame-26aug090515rospfm
57d2c707,75a86e0b,2026-08-22,2026-08-22T19:00:07.986066+00:00,KXPBAGAME-26AUG090730BLEBAR-BAR,Blackwater Bossing vs Barangay Ginebra men's Philippines PBA game: Barangay Ginebra wins,paper,PASS,LOW,2,DRIFT,INTRADAY,0,Sports,0,0.525,0.525,0.0,,,,,35,D,0,1,1,0,1,0,0,1,YES,439.0,,,1,0.747,YES,1,1.0857,,,,,,,,,,0,,,0,,,,,,,,,2026-08-23T11:30:00Z,1742.94,1076.85,KXPBAGAME-26AUG090730BLEBAR,KXPBAGAME,https://kalshi.com/markets/kxpbagame/kxpbagame-26aug090730blebar
3dd1262a,75a86e0b,2026-08-22,2026-08-22T19:00:08.089574+00:00,KXLOWTSEA-26AUG22-B56.5,"Will the minimum temperature be 56-57° on Aug 22, 2026?",paper,PASS,LOW,2,DRIFT,INTRADAY,0,Climate and Weather,0,0.055,0.06,0.005,,,,,35,D,0,1,1,0,1,0,0,0,,,,,1,0.053,NO,1,1.6364,,,,,,,,0.145,YES,0,,LOSS,1,0,0.0,0.0,2026-08-23T16:45:53.845315+00:00,0.91,,,,2026-08-23T08:00:00Z,617.49,436.54,KXLOWTSEA-26AUG22,KXLOWTSEA,https://kalshi.com/markets/kxlowtsea/kxlowtsea-26aug22
741f8cf5,75a86e0b,2026-08-22,2026-08-22T19:00:08.100075+00:00,KXCLUBFSPREAD-26AUG21CADLIO-LIO2,Lion City Sailors wins by more than 1.5 goals?,paper,PASS,LOW,2,DRIFT,INTRADAY,0,Sports,0,0.435,0.27,0.165,,,,,35,D,0,1,1,0,1,0,0,0,,,,,1,0.32,NO,1,1.3103,,,,,,,,,,0,,,0,,,,,,,,,2026-08-23T14:30:00Z,592.29,333.48,KXCLUBFSPREAD-26AUG21CADLIO,KXCLUBFSPREAD,https://kalshi.com/markets/kxclubfspread/kxclubfspread-26aug21cadlio
6fa9bf12,e5b4fb59,2026-08-23,2026-08-23T22:42:17.668498+00:00,KXMLBDEBUT-FARIAS-26NOV01,"Will Franklin Arias play in a game for any team in the MLB before Nov 1, 2026?",paper,PASS,LOW,2,DRIFT,QUARTERLY,3,Sports,0,0.46,0.38,-0.08,0.09,0.072,,0.35,46,C,1,1,0,0,0,0,0,1,YES,250.0,sports debut,NO,0,0.402,,1,0.087,,,,,,,,-0.38,NO,0,,,0,,,,,,,,,2026-11-01T04:59:00Z,1212.09,949.5,KXMLBDEBUT-FARIAS,KXMLBDEBUT,https://kalshi.com/markets/kxmlbdebut/kxmlbdebut-farias
b647dbc6,e5b4fb59,2026-08-23,2026-08-23T22:42:17.744166+00:00,KXNBARETIRE-SCURRY30-2627,Will Stephen Curry announce his retirement before the 2026-27 NBA season?,paper,PASS,LOW,2,HEURISTIC,QUARTERLY,3,Sports,0,0.05,0.05,0.0,0.25,0.246,,0.3,55,B,1,0,0,0,0,0,0,0,,,athlete retirement,YES,1,0.0,NO,0,,,,,,,0.065,0.015,0.1028,YES,0,,,0,,,,,,,,,2026-11-15T04:59:00Z,595.14,574.96,KXNBARETIRE-SCURRY30,KXNBARETIRE,https://kalshi.com/markets/kxnbaretire/kxnbaretire-scurry30
d5b57370,e5b4fb59,2026-08-23,2026-08-23T22:42:17.833326+00:00,KXVETOOVERRIDE-29JAN20-27,Will Congress override Trump's veto before 2027?,paper,PASS,LOW,2,DRIFT,LONG,4,Politics,0,0.115,0.11,-0.005,0.07,0.062,,0.2,55,B,1,1,0,0,0,0,0,1,YES,132.74,presidential veto,YES,1,0.003,NO,1,0.2707,,,,,,0.18,0.0655,-0.0065,,0,,,0,,,,,,,,,2027-01-01T15:00:00Z,12288.69,3118.14,KXVETOOVERRIDE-29JAN20,KXVETOOVERRIDE,https://kalshi.com/markets/kxvetooverride/kxvetooverride-29jan20
62324615,e5b4fb59,2026-08-23,2026-08-23T22:42:17.860064+00:00,KXTVSEASONANNOUNCEEUP-JAN-27,"Will a new season of Euphoria be announced before Jan 1, 2027?",paper,PASS,MED,1,HEURISTIC,LONG,4,Entertainment,0,0.06,0.04,-0.02,0.17,0.166,,0.25,70,A,1,0,0,0,0,0,0,0,,,media/entertainment release,YES,1,0.098,NO,1,0.6667,,,,,,0.3785,0.3185,0.1678,YES,0,,,0,,,,,,,,,2027-01-01T15:00:00Z,1921.56,1212.83,KXTVSEASONANNOUNCEEUP-JAN,KXTVSEASONANNOUNCEEUP,https://kalshi.com/markets/kxtvseasonannounceeup/kxtvseasonannounceeup-jan
600b6584,e5b4fb59,2026-08-23,2026-08-23T22:42:17.893228+00:00,KXRECOGSOMALI-29-27,Will Trump recognize Somaliland?,paper,PASS,LOW,2,HEURISTIC,LONG,4,Politics,0,0.097,0.1,0.003,0.18,0.173,,0.3,55,B,1,0,0,0,0,0,0,1,NO,250.0,diplomatic recognition,YES,1,0.047,NO,1,0.487,,,,,,0.06,-0.0365,0.3135,YES,0,,,0,,,,,,,,,2027-01-01T15:00:00Z,9620.49,3842.46,KXRECOGSOMALI-29,KXRECOGSOMALI,https://kalshi.com/markets/kxrecogsomali/kxrecogsomali-29
6ef79d25,e5b4fb59,2026-08-23,2026-08-23T22:42:17.926795+00:00,KXAGICO-COMP-26Q4,"Will any company announce that it has achieved Artificial General Intelligence (AGI) before Jan 1, 2027?",paper,PASS,LOW,2,HEURISTIC,LONG,4,Companies,0,0.075,0.06,-0.015,0.16,0.155,,0.25,50,C,1,0,0,0,0,0,0,1,YES,1669.94,AI model release,YES,0,0.362,,1,0.4,,,,,,0.075,0.0,0.025,YES,0,,,0,,,,,,,,,2027-01-01T04:59:00Z,12240.33,5009.14,KXAGICO-COMP,KXAGICO,https://kalshi.com/markets/kxagico/kxagico-comp
1c63c8a4,e5b4fb59,2026-08-23,2026-08-23T22:42:17.957006+00:00,KXYTUBESUBSISHOWSPEED-27,When will IShowSpeed reach 100 million Youtube subscribers?,paper,PASS,LOW,2,DRIFT,LONG,4,Entertainment,0,0.08,0.05,-0.03,,,,,40,C,0,1,1,0,0,0,0,0,,,,,1,0.039,NO,1,1.0,,,,,,,,,,0,,,0,,,,,,,,,2027-01-01T04:59:00Z,1907.88,832.84,KXYTUBESUBSISHOWSPEED,KXYTUBESUBSISHOWSPEED,https://kalshi.com/markets/kxytubesubsishowspeed/kxytubesubsishowspeed
340579d5,2c3a0f41,2026-08-24,2026-08-24T16:08:05.518508+00:00,KXNHSALES-26AUG25-T620000,"Will US new home sales for July 2026 be above 620,000?",paper,PASS,LOW,2,DRIFT,INTRADAY,0,Economics,0,0.47,0.44,-0.03,,,,,35,D,0,1,1,0,1,0,0,1,NO,200.0,,,1,0.064,NO,1,0.4681,,,,,,,,-0.1447,NO,0,,LOSS,1,0,0.0,0.0,2026-08-25T15:38:39.810031+00:00,0.98,,,,2026-08-25T13:59:00Z,812.88,384.57,KXNHSALES-26AUG25,KXNHSALES,https://kalshi.com/markets/kxnhsales/kxnhsales-26aug25
316197d1,2c3a0f41,2026-08-24,2026-08-24T16:08:05.564302+00:00,KXHORMUZWEEKLY-26AUG23-T40,"Will there be more than 40 transit calls through the Strait of Hormuz from Aug 17, 2026 to Aug 23, 2026?",paper,PASS,LOW,2,DRIFT,INTRADAY,0,Politics,0,0.28,0.3,0.02,,,,,35,D,0,1,1,0,1,0,0,1,YES,500.0,,,1,0.192,NO,1,0.7143,,,,,,,,,,0,,LOSS,1,0,0.0,0.0,2026-08-25T15:38:40.192441+00:00,0.98,,,,2026-08-25T13:00:00Z,9350.59,5839.75,KXHORMUZWEEKLY-26AUG23,KXHORMUZWEEKLY,https://kalshi.com/markets/kxhormuzweekly/kxhormuzweekly-26aug23
6a942a64,2c3a0f41,2026-08-24,2026-08-24T16:08:05.592575+00:00,KXYTVIEWSW-TAY26AUG23-14.2M,"Will Taylor Swift have above 14.2M daily views at any point during August 17, 2026 - August 23, 2026?",paper,PASS,LOW,2,DRIFT,INTRADAY,0,Entertainment,0,0.09,0.1,0.01,,,,,35,D,0,1,1,0,1,0,0,1,NO,500.0,,,0,0.437,,1,1.3333,,,,,,,,,,0,,LOSS,1,0,0.0,0.0,2026-08-25T15:38:40.553673+00:00,0.98,,,,2026-08-25T14:00:00Z,2679.93,2557.12,KXYTVIEWSW-TAY26AUG23,KXYTVIEWSW,https://kalshi.com/markets/kxytviewsw/kxytviewsw-tay26aug23
691c6774,2c3a0f41,2026-08-24,2026-08-24T16:08:05.611558+00:00,KXYTVIEWSW-BAD26AUG23-28.0M,"Will Bad Bunny have above 28M daily views at any point during August 17, 2026 - August 23, 2026?",paper,PASS,LOW,2,DRIFT,INTRADAY,0,Entertainment,0,0.565,0.55,-0.015,,,,,35,D,0,1,1,0,1,0,0,1,NO,4161.63,,,0,0.552,,1,0.5487,,,,,,,,,,0,,LOSS,1,0,0.0,0.0,2026-08-25T15:38:40.925684+00:00,0.98,,,,2026-08-25T14:00:00Z,16463.11,9983.1,KXYTVIEWSW-BAD26AUG23,KXYTVIEWSW,https://kalshi.com/markets/kxytviewsw/kxytviewsw-bad26aug23
8b11d600,2c3a0f41,2026-08-24,2026-08-24T16:08:05.625025+00:00,KXYTVIEWSW-JUS26AUG23-15.25M,"Will Justin Bieber have above 15.25M daily views at any point during August 17, 2026 - August 23, 2026?",paper,PASS,LOW,2,DRIFT,INTRADAY,0,Entertainment,0,0.845,0.83,-0.015,,,,,35,D,0,1,1,0,1,0,0,0,,,,,1,1.0,YES,1,0.3432,,,,,,,,,,0,,LOSS,1,0,0.0,0.0,2026-08-26T18:32:08.025191+00:00,2.1,,,,2026-08-25T14:00:00Z,3407.0,3407.0,KXYTVIEWSW-JUS26AUG23,KXYTVIEWSW,https://kalshi.com/markets/kxytviewsw/kxytviewsw-jus26aug23
ccc930c1,2c3a0f41,2026-08-24,2026-08-24T16:08:05.637491+00:00,KXYTVIEWSW-YOU26AUG23-7.0M,"Will YoungBoy have above 7M daily views at any point during August 17, 2026 - August 23, 2026?",paper,PASS,LOW,2,DRIFT,INTRADAY,0,Entertainment,0,0.325,0.3,-0.025,,,,,35,D,0,1,1,0,1,0,0,0,,,,,1,0.293,NO,1,1.6923,,,,,,,,,,0,,LOSS,1,0,0.0,0.0,2026-08-25T15:38:41.628875+00:00,0.98,,,,2026-08-25T14:00:00Z,71.84,29.08,KXYTVIEWSW-YOU26AUG23,KXYTVIEWSW,https://kalshi.com/markets/kxytviewsw/kxytviewsw-you26aug23
cf28f916,2c3a0f41,2026-08-24,2026-08-24T16:08:05.653426+00:00,KXNFLRETIRE-LJOHNSON65-2627,Will Lane Johnson announce his retirement before the 2026-27 NFL season?,paper,PASS,MED,1,HEURISTIC,QUARTERLY,3,Sports,0,0.055,0.07,0.015,0.21,0.206,,0.3,65,B,1,0,0,0,0,0,0,1,NO,250.0,athlete retirement,YES,1,0.081,NO,1,1.2727,,,,,,,,0.4228,YES,0,,,0,,,,,,,,,2026-09-30T03:59:00Z,897.2,239.34,KXNFLRETIRE-LJOHNSON65,KXNFLRETIRE,https://kalshi.com/markets/kxnflretire/kxnflretire-ljohnson65
1b6c2964,2c3a0f41,2026-08-24,2026-08-24T16:08:05.669243+00:00,KXMLBDEBUT-RCHOLOWSKY-26NOV01,"Will Roch Cholowsky play in a game for any team in the MLB before Nov 1, 2026?",paper,PASS,MED,1,HEURISTIC,QUARTERLY,3,Sports,0,0.065,0.02,-0.045,0.27,0.265,,0.35,60,B,1,0,0,0,0,0,0,0,,,sports debut,YES,1,0.117,NO,1,0.4615,,,,,,,,,,0,,,0,,,,,,,,,2026-11-01T04:59:00Z,1071.94,1062.94,KXMLBDEBUT-RCHOLOWSKY,KXMLBDEBUT,https://kalshi.com/markets/kxmlbdebut/kxmlbdebut-rcholowsky
ba5e96da,2c3a0f41,2026-08-24,2026-08-24T16:08:05.691787+00:00,KXNBARETIRE-SCURRY30-2627,Will Stephen Curry announce his retirement before the 2026-27 NBA season?,paper,PASS,LOW,2,HEURISTIC,QUARTERLY,3,Sports,0,0.05,0.03,-0.02,0.25,0.246,,0.3,55,B,1,0,0,0,0,0,0,0,,,athlete retirement,YES,1,0.0,NO,0,,,,,,,0.065,0.015,0.1028,YES,0,,,0,,,,,,,,,2026-11-15T04:59:00Z,595.14,574.96,KXNBARETIRE-SCURRY30,KXNBARETIRE,https://kalshi.com/markets/kxnbaretire/kxnbaretire-scurry30
ad176784,2c3a0f41,2026-08-24,2026-08-24T16:08:05.708731+00:00,KXVETOOVERRIDE-29JAN20-27,Will Congress override Trump's veto before 2027?,paper,PASS,LOW,2,DRIFT,LONG,4,Politics,0,0.115,0.13,0.015,0.07,0.062,,0.2,55,B,1,1,0,0,0,0,0,1,YES,132.74,presidential veto,YES,1,0.003,NO,1,0.2707,,,,,,0.185,0.0705,-0.0065,,0,,,0,,,,,,,,,2027-01-01T15:00:00Z,12288.69,3118.14,KXVETOOVERRIDE-29JAN20,KXVETOOVERRIDE,https://kalshi.com/markets/kxvetooverride/kxvetooverride-29jan20
71d8b95a,05b92df4,2026-08-25,2026-08-25T01:34:04.713014+00:00,KXSUEZWEEKLY-26AUG23-T300,"Will there be more than 300 transit calls through the Suez Canal from Aug 17, 2026 to Aug 23, 2026?",paper,PASS,LOW,2,RESOLVE_FIRST,INTRADAY,0,,0,0.315,,,,,,,,Unscored,0,0,1,0,1,0,0,0,,,,,0,,,0,,,,,,,,,,,0,,LOSS,1,0,0.0,0.0,2026-08-25T15:38:43.712100+00:00,0.59,,,,2026-08-25T13:00:00Z,,,KXSUEZWEEKLY-26AUG23,KXSUEZWEEKLY,https://kalshi.com/markets/kxsuezweekly/kxsuezweekly-26aug23
b4848438,05b92df4,2026-08-25,2026-08-25T01:34:05.392368+00:00,KXUSHOME-26AUG25-T405000,"Will Median Sales Price for New Houses Sold in the United States (MSPNHSUS) for July 2026 be above $405,000?",paper,PASS,LOW,2,RESOLVE_FIRST,INTRADAY,0,,0,0.46499999999999997,,,,,,,,Unscored,0,0,1,0,1,0,0,0,,,,,0,,,0,,,,,,,,,,,0,,LOSS,1,0,0.0,0.0,2026-08-25T15:38:44.068659+00:00,0.59,,,,2026-08-25T13:59:00Z,,,KXUSHOME-26AUG25,KXUSHOME,https://kalshi.com/markets/kxushome/kxushome-26aug25
99d4bd21,05b92df4,2026-08-25,2026-08-25T01:34:05.650631+00:00,KXHORMUZWEEKLY-26AUG23-T45,"Will there be more than 45 transit calls through the Strait of Hormuz from Aug 17, 2026 to Aug 23, 2026?",paper,PASS,LOW,2,RESOLVE_FIRST,INTRADAY,0,,0,0.065,,,,,,,,Unscored,0,0,1,0,1,0,0,0,,,,,0,,,0,,,,,,,,,,,0,,LOSS,1,0,0.0,0.0,2026-08-25T15:38:44.428489+00:00,0.59,,,,2026-08-25T13:00:00Z,,,KXHORMUZWEEKLY-26AUG23,KXHORMUZWEEKLY,https://kalshi.com/markets/kxhormuzweekly/kxhormuzweekly-26aug23
af564470,05b92df4,2026-08-25,2026-08-25T01:34:05.900593+00:00,KXSUEZWEEKLY-26AUG23-T290,"Will there be more than 290 transit calls through the Suez Canal from Aug 17, 2026 to Aug 23, 2026?",paper,PASS,LOW,2,RESOLVE_FIRST,INTRADAY,0,,0,0.685,,,,,,,,Unscored,0,0,1,0,1,0,0,0,,,,,0,,,0,,,,,,,,,,,0,,LOSS,1,0,0.0,0.0,2026-08-25T15:38:44.802014+00:00,0.59,,,,2026-08-25T13:00:00Z,,,KXSUEZWEEKLY-26AUG23,KXSUEZWEEKLY,https://kalshi.com/markets/kxsuezweekly/kxsuezweekly-26aug23
f7aecbd2,a2945787,2026-08-25,2026-08-25T02:22:34.365933+00:00,KXMLBDEBUT-RCHOLOWSKY-26NOV01,"Will Roch Cholowsky play in a game for any team in the MLB before Nov 1, 2026?",paper,PASS,MED,1,HEURISTIC,QUARTERLY,3,Sports,0,0.065,0.02,-0.045,0.27,0.265,,0.35,60,B,1,0,0,0,0,0,0,0,,,sports debut,YES,1,0.096,NO,1,0.4615,,,,,,,,,,0,,,0,,,,,,,,,2026-11-01T04:59:00Z,1071.94,1062.94,KXMLBDEBUT-RCHOLOWSKY,KXMLBDEBUT,https://kalshi.com/markets/kxmlbdebut/kxmlbdebut-rcholowsky
fa879371,a2945787,2026-08-25,2026-08-25T02:22:34.518646+00:00,KXNBARETIRE-SCURRY30-2627,Will Stephen Curry announce his retirement before the 2026-27 NBA season?,paper,PASS,MED,1,HEURISTIC,QUARTERLY,3,Sports,0,0.05,0.03,-0.02,0.25,0.246,,0.3,65,B,1,0,0,0,0,0,0,0,,,athlete retirement,YES,1,0.0,NO,0,,,,,,,0.075,0.025,0.1028,YES,0,,,0,,,,,,,,,2026-11-15T04:59:00Z,595.14,574.96,KXNBARETIRE-SCURRY30,KXNBARETIRE,https://kalshi.com/markets/kxnbaretire/kxnbaretire-scurry30
ca19493b,a2945787,2026-08-25,2026-08-25T02:22:34.552442+00:00,KXMLBDEBUT-FARIAS-26OCT01,"Will Franklin Arias play in a game for any team in the MLB before Oct 1, 2026?",paper,PASS,MED,1,DRIFT,QUARTERLY,3,Sports,0,0.28,0.2,-0.08,0.03,0.015,,0.35,52,C,0,1,0,0,0,0,0,0,,,sports debut,YES,0,0.588,,1,0.2857,,,,,,,,,,0,,,0,,,,,,,,,2026-10-01T03:59:00Z,276.82,276.82,KXMLBDEBUT-FARIAS,KXMLBDEBUT,https://kalshi.com/markets/kxmlbdebut/kxmlbdebut-farias
7eef46b6,a2945787,2026-08-25,2026-08-25T02:22:34.590415+00:00,KXVETOOVERRIDE-29JAN20-27,Will Congress override Trump's veto before 2027?,paper,PASS,MED,1,DRIFT,LONG,4,Politics,0,0.115,0.07,-0.045,0.07,0.062,,0.2,60,B,1,1,0,0,0,0,0,1,YES,132.74,presidential veto,YES,1,0.003,NO,1,0.2707,,,,,,0.155,0.0405,-0.0065,,0,,,0,,,,,,,,,2027-01-01T15:00:00Z,12288.69,3118.14,KXVETOOVERRIDE-29JAN20,KXVETOOVERRIDE,https://kalshi.com/markets/kxvetooverride/kxvetooverride-29jan20
01f8c91d,a2945787,2026-08-25,2026-08-25T02:22:34.664578+00:00,KXRECOGSOMALI-29-27,Will Trump recognize Somaliland?,paper,PASS,MED,1,HEURISTIC,LONG,4,Politics,0,0.088,0.07,-0.018,0.19,0.184,,0.3,65,B,1,0,0,0,0,0,0,1,NO,250.0,diplomatic recognition,YES,1,0.056,NO,1,0.5,,,,,,0.055,-0.033,0.322,YES,0,,,0,,,,,,,,,2027-01-01T15:00:00Z,9621.49,3842.46,KXRECOGSOMALI-29,KXRECOGSOMALI,https://kalshi.com/markets/kxrecogsomali/kxrecogsomali-29
9a94ffb5,a2945787,2026-08-25,2026-08-25T02:22:34.847406+00:00,KXTVSEASONANNOUNCEEUP-JAN-27,"Will a new season of Euphoria be announced before Jan 1, 2027?",paper,PASS,LOW,2,DRIFT,LONG,4,Entertainment,0,0.06,0.08,0.02,0.18,0.176,,0.25,55,B,1,1,0,0,0,0,0,0,,,media/entertainment release,YES,1,0.084,NO,1,0.3333,,,,,,0.4275,0.3675,0.1678,YES,0,,,0,,,,,,,,,2027-01-01T15:00:00Z,1921.56,1212.83,KXTVSEASONANNOUNCEEUP-JAN,KXTVSEASONANNOUNCEEUP,https://kalshi.com/markets/kxtvseasonannounceeup/kxtvseasonannounceeup-jan
a7677b48,a2945787,2026-08-25,2026-08-25T02:22:35.136732+00:00,KXYTUBESUBSISHOWSPEED-27,When will IShowSpeed reach 100 million Youtube subscribers?,paper,PASS,LOW,2,DRIFT,LONG,4,Entertainment,0,0.08,0.08,0.0,,,,,40,C,0,1,1,0,0,0,0,0,,,,,1,0.044,NO,1,1.0,,,,,,,,,,0,,,0,,,,,,,,,2027-01-01T04:59:00Z,1946.34,871.3,KXYTUBESUBSISHOWSPEED,KXYTUBESUBSISHOWSPEED,https://kalshi.com/markets/kxytubesubsishowspeed/kxytubesubsishowspeed
8ef593ba,22566f15,2026-08-25,2026-08-25T15:44:42.222600+00:00,KXPCECORE-26JUL-T0.2,Will the rate of core PCE inflation be above 0.2% in July 2026?,paper,PASS,MED,1,HEURISTIC,INTRADAY,0,Economics,0,0.3,0.39,0.09,0.19,0.175,,0.5,60,B,1,0,0,0,1,0,0,1,YES,999.0,CPI/inflation data,YES,1,0.278,NO,1,0.0667,,,,,,,,0.0899,YES,0,,LOSS,1,0,0.0,0.0,2026-08-26T18:32:12.657004+00:00,1.12,,,,2026-08-26T12:25:00Z,21715.11,7765.84,KXPCECORE-26JUL,KXPCECORE,https://kalshi.com/markets/kxpcecore/kxpcecore-26jul
b9cef515,22566f15,2026-08-25,2026-08-25T15:44:42.227858+00:00,KXRAIN-26AUG25-DEN,"Will it rain in Denver on Aug 25, 2026?",paper,PASS,LOW,2,DRIFT,INTRADAY,0,Climate and Weather,0,0.525,0.48,-0.045,0.11,0.092,,0.4,50,C,1,1,0,0,1,0,0,0,,,weather,NO,0,0.42,,1,0.0571,,,,,,0.0375,-0.4875,-0.395,NO,0,,LOSS,1,0,0.0,0.0,2026-08-26T18:32:13.013250+00:00,1.12,,,,2026-08-26T06:00:00Z,6127.65,3559.03,KXRAIN-26AUG25,KXRAIN,https://kalshi.com/markets/kxrain/kxrain-26aug25
ac0588b1,22566f15,2026-08-25,2026-08-25T15:44:42.241514+00:00,KXHIGHTSEA-26AUG25-B87.5,"Will the maximum temperature be 87-88° on Aug 25, 2026?",paper,PASS,MED,1,DRIFT,INTRADAY,0,Climate and Weather,0,0.13,0.1,-0.03,,,,,45,C,0,1,1,0,1,0,0,1,YES,200.0,,,0,0.455,,1,0.1538,,,,,,,,-0.1,NO,0,,LOSS,1,0,0.0,0.0,2026-08-26T18:32:13.369845+00:00,1.12,,,,2026-08-26T08:00:00Z,5702.69,4453.68,KXHIGHTSEA-26AUG25,KXHIGHTSEA,https://kalshi.com/markets/kxhightsea/kxhightsea-26aug25
93f4c172,22566f15,2026-08-25,2026-08-25T15:44:42.256347+00:00,KXUSDJPY-26AUG2610-B159.125,"Will the USD/JPY open price be between 159.000 and 159.249 at Aug 26, 2026 at 10am EDT?",paper,PASS,LOW,2,DRIFT,INTRADAY,0,Financials,0,0.235,0.235,0.0,,,,,35,D,0,1,1,0,1,0,0,0,,,,,0,0.531,,1,0.8085,,,,,,,,,,0,,LOSS,1,0,0.0,0.0,2026-08-26T18:32:13.744663+00:00,1.12,,,,2026-08-26T14:00:00Z,311.25,311.25,KXUSDJPY-26AUG2610,KXUSDJPY,https://kalshi.com/markets/kxusdjpy/kxusdjpy-26aug2610
99bd5f68,22566f15,2026-08-25,2026-08-25T15:44:42.268348+00:00,KXMLBDEBUT-FARIAS-26OCT01,"Will Franklin Arias play in a game for any team in the MLB before Oct 1, 2026?",paper,PASS,MED,1,DRIFT,QUARTERLY,3,Sports,0,0.29,0.25,-0.04,0.03,0.015,,0.35,52,C,0,1,0,0,0,0,0,0,,,sports debut,YES,0,0.581,,1,0.2069,,,,,,,,,,0,,,0,,,,,,,,,2026-10-01T03:59:00Z,276.82,276.82,KXMLBDEBUT-FARIAS,KXMLBDEBUT,https://kalshi.com/markets/kxmlbdebut/kxmlbdebut-farias
22676034,22566f15,2026-08-25,2026-08-25T15:44:42.285489+00:00,KXALBUMRELEASEDATEBEY-NEW-JAN01-27,"Will Beyonce release new album before Jan 1, 2027?",paper,PASS,MED,1,DRIFT,LONG,4,Entertainment,0,0.475,0.32,-0.155,,,,,55,B,0,1,1,0,0,0,0,1,NO,500.0,,,0,0.613,,0,0.0211,,,,,,0.075,-0.4,-0.2862,NO,0,,,0,,,,,,,,,2027-01-01T15:00:00Z,6781.33,1167.12,KXALBUMRELEASEDATEBEY-NEW,KXALBUMRELEASEDATEBEY,https://kalshi.com/markets/kxalbumreleasedatebey/kxalbumreleasedatebey-new
0e0e6dcb,22566f15,2026-08-25,2026-08-25T15:44:42.298508+00:00,KXYTUBESUBSISHOWSPEED-27,When will IShowSpeed reach 100 million Youtube subscribers?,paper,PASS,MED,1,DRIFT,LONG,4,Entertainment,0,0.08,0.05,-0.03,,,,,50,C,0,1,1,0,0,0,0,0,,,,,1,0.044,NO,1,1.0,,,,,,,,,,0,,,0,,,,,,,,,2027-01-01T04:59:00Z,1946.34,871.3,KXYTUBESUBSISHOWSPEED,KXYTUBESUBSISHOWSPEED,https://kalshi.com/markets/kxytubesubsishowspeed/kxytubesubsishowspeed
9686be51,bc1cb37e,2026-08-26,2026-08-26T18:31:44.197509+00:00,KXTVSTATSSHOW-26AUG26-LAN,"Will Lanterns be #1 on Television Stats’ 'The Most Popular TV Shows Right Now' list for Aug 26, 2026 ranked by attention score?",paper,NO,MED,1,DRIFT,INTRADAY,0,,1,0.65,0.25,0.4,0.31,,,0.25,,Unscored,1,1,0,0,1,0,0,0,,,media/entertainment release,NO,0,,,0,,,,,,,,,,,0,,LOSS,1,0,-0.35,-3.5,2026-08-28T15:04:15.730055+00:00,1.86,0.5625,0.1225,-25.0,2026-08-27T17:58:00Z,,,KXTVSTATSSHOW-26AUG26,KXTVSTATSSHOW,https://kalshi.com/markets/kxtvstatsshow/kxtvstatsshow-26aug26
95fc4f24,efea753f,2026-08-26,2026-08-26T18:43:25.816214+00:00,KXTVSTATSPARA-26AUG26-LIO,"Will Lioness be #1 on Television Stats’ 'Top Paramount+ Shows Today' list for Aug 26, 2026 ranked by attention score?",paper,PASS,LOW,2,DRIFT,INTRADAY,0,Entertainment,0,0.795,0.8,0.005,,,,,35,D,0,1,1,0,1,0,0,1,YES,200.0,,,1,0.718,YES,1,0.3396,,,,,,,,,,0,,LOSS,1,0,0.0,0.0,2026-08-28T15:04:16.340865+00:00,1.85,,,,2026-08-27T17:58:00Z,532.26,526.66,KXTVSTATSPARA-26AUG26,KXTVSTATSPARA,https://kalshi.com/markets/kxtvstatspara/kxtvstatspara-26aug26
453bcd7a,efea753f,2026-08-26,2026-08-26T18:43:25.895571+00:00,KXMLBDEBUT-FARIAS-26OCT01,"Will Franklin Arias play in a game for any team in the MLB before Oct 1, 2026?",paper,PASS,LOW,2,DRIFT,QUARTERLY,3,Sports,0,0.295,0.3,0.005,0.03,0.015,,0.35,42,C,0,1,0,0,0,0,0,0,,,sports debut,YES,0,0.55,,1,0.1695,,,,,,,,,,0,,,0,,,,,,,,,2026-10-01T03:59:00Z,276.82,276.82,KXMLBDEBUT-FARIAS,KXMLBDEBUT,https://kalshi.com/markets/kxmlbdebut/kxmlbdebut-farias
870ad851,efea753f,2026-08-26,2026-08-26T18:43:25.930385+00:00,KXTVSEASONANNOUNCEEUP-JAN-27,"Will a new season of Euphoria be announced before Jan 1, 2027?",paper,PASS,MED,1,HEURISTIC,LONG,4,Entertainment,0,0.06,0.06,0.0,0.17,0.166,,0.25,70,A,1,0,0,0,0,0,0,0,,,media/entertainment release,YES,1,0.027,NO,1,0.6667,,,,,,0.337,0.277,0.3511,YES,0,,,0,,,,,,,,,2027-01-01T15:00:00Z,1921.56,1212.83,KXTVSEASONANNOUNCEEUP-JAN,KXTVSEASONANNOUNCEEUP,https://kalshi.com/markets/kxtvseasonannounceeup/kxtvseasonannounceeup-jan
4f690740,efea753f,2026-08-26,2026-08-26T18:43:25.949641+00:00,KXCONGRESSPAYINCREASE-30-27JAN01,"Will it be reported by any of the Source Agencies that the annual base salary of all Members of Congress increases above $174,000 before Jan 1, 2027?",paper,PASS,LOW,2,DRIFT,LONG,4,Politics,0,0.065,0.07,0.005,,,,,40,C,0,1,1,0,0,0,0,0,,,,,1,0.012,NO,1,1.0769,,,,,,,,,,0,,,0,,,,,,,,,2027-01-01T04:59:00Z,350.06,322.0,KXCONGRESSPAYINCREASE-30,KXCONGRESSPAYINCREASE,https://kalshi.com/markets/kxcongresspayincrease/kxcongresspayincrease-30
51ebe38a,efea753f,2026-08-26,2026-08-26T18:43:25.978444+00:00,KXYTUBESUBSISHOWSPEED-27,When will IShowSpeed reach 100 million Youtube subscribers?,paper,PASS,LOW,2,DRIFT,LONG,4,Entertainment,0,0.08,0.03,0.05,,,,,40,C,0,1,1,0,0,0,0,0,,,,,1,0.039,NO,1,1.0,,,,,,,,,,0,,,0,,,,,,,,,2027-01-01T04:59:00Z,1946.34,871.3,KXYTUBESUBSISHOWSPEED,KXYTUBESUBSISHOWSPEED,https://kalshi.com/markets/kxytubesubsishowspeed/kxytubesubsishowspeed
dde43620,efea753f,2026-08-26,2026-08-26T18:43:26.110038+00:00,KXTVSTATSMOVIE-26AUG26-SPI,"Will Spider-Man: Brand New Day be #1 on Television Stats’ 'The Most Popular Movies Right Now' list for Aug 26, 2026 ranked by attention score?",paper,YES,MED,1,DRIFT,INTRADAY,0,Entertainment,0,0.635,0.85,0.215,0.28,0.263,1.98,0.02,55,B,1,1,0,0,1,0,0,1,YES,150.0,competition/award ranking,NO,1,0.757,YES,1,1.0551,0.8802,0.2452,2,1.15,2,,,,,0,,LOSS,1,0,-0.635,-6.35,2026-08-28T15:04:18.895125+00:00,1.85,0.7225,0.4032,-62.5,2026-08-27T17:58:00Z,290.63,280.85,KXTVSTATSMOVIE-26AUG26,KXTVSTATSMOVIE,https://kalshi.com/markets/kxtvstatsmovie/kxtvstatsmovie-26aug26
115fe125,ba962290,2026-08-26,2026-08-26T18:43:45.642890+00:00,KXTVSTATSMOVIE-26AUG26-SPI,"Will Spider-Man: Brand New Day be #1 on Television Stats’ 'The Most Popular Movies Right Now' list for Aug 26, 2026 ranked by attention score?",paper,PASS,LOW,2,DRIFT,INTRADAY,0,Entertainment,0,0.635,0.65,0.015,0.28,0.263,,0.02,45,C,1,1,0,0,1,0,0,1,YES,150.0,competition/award ranking,NO,1,0.757,YES,1,1.0551,,,,,,,,,,0,,LOSS,1,0,0.0,0.0,2026-08-28T15:04:19.341195+00:00,1.85,,,,2026-08-27T17:58:00Z,290.63,280.85,KXTVSTATSMOVIE-26AUG26,KXTVSTATSMOVIE,https://kalshi.com/markets/kxtvstatsmovie/kxtvstatsmovie-26aug26
c9e78ac2,ba962290,2026-08-26,2026-08-26T18:43:45.648666+00:00,KXTVSTATSSHOW-26AUG26-LAN,"Will Lanterns be #1 on Television Stats’ 'The Most Popular TV Shows Right Now' list for Aug 26, 2026 ranked by attention score?",paper,PASS,LOW,2,DRIFT,INTRADAY,0,Entertainment,0,0.655,0.6,-0.055,0.32,0.304,,0.25,45,C,1,1,0,0,1,0,0,1,YES,188.0,media/entertainment release,NO,0,0.619,,1,0.2595,,,,,,,,,,0,,LOSS,1,0,0.0,0.0,2026-08-28T15:04:19.771873+00:00,1.85,,,,2026-08-27T17:58:00Z,555.65,531.41,KXTVSTATSSHOW-26AUG26,KXTVSTATSSHOW,https://kalshi.com/markets/kxtvstatsshow/kxtvstatsshow-26aug26
ef7fe8a7,ba962290,2026-08-26,2026-08-26T18:43:45.665287+00:00,KXTVSTATSPARA-26AUG26-LIO,"Will Lioness be #1 on Television Stats’ 'Top Paramount+ Shows Today' list for Aug 26, 2026 ranked by attention score?",paper,PASS,LOW,2,DRIFT,INTRADAY,0,Entertainment,0,0.795,0.78,-0.015,,,,,35,D,0,1,1,0,1,0,0,1,YES,200.0,,,1,0.718,YES,1,0.3396,,,,,,,,,,0,,LOSS,1,0,0.0,0.0,2026-08-28T15:04:20.215390+00:00,1.85,,,,2026-08-27T17:58:00Z,532.26,526.66,KXTVSTATSPARA-26AUG26,KXTVSTATSPARA,https://kalshi.com/markets/kxtvstatspara/kxtvstatspara-26aug26
9fdbd5ae,ba962290,2026-08-26,2026-08-26T18:43:45.682683+00:00,KXMLBDEBUT-FARIAS-26OCT01,"Will Franklin Arias play in a game for any team in the MLB before Oct 1, 2026?",paper,PASS,LOW,2,DRIFT,QUARTERLY,3,Sports,0,0.295,0.38,0.085,0.03,0.015,,0.35,42,C,0,1,0,0,0,0,0,0,,,sports debut,YES,0,0.55,,1,0.1695,,,,,,,,,,0,,,0,,,,,,,,,2026-10-01T03:59:00Z,276.82,276.82,KXMLBDEBUT-FARIAS,KXMLBDEBUT,https://kalshi.com/markets/kxmlbdebut/kxmlbdebut-farias
2b31330e,ba962290,2026-08-26,2026-08-26T18:43:45.695897+00:00,KXTVSEASONANNOUNCEEUP-JAN-27,"Will a new season of Euphoria be announced before Jan 1, 2027?",paper,PASS,LOW,2,HEURISTIC,LONG,4,Entertainment,0,0.06,0.04,-0.02,0.17,0.166,,0.25,60,B,1,0,0,0,0,0,0,0,,,media/entertainment release,YES,1,0.027,NO,1,0.6667,,,,,,0.337,0.277,0.3511,YES,0,,,0,,,,,,,,,2027-01-01T15:00:00Z,1921.56,1212.83,KXTVSEASONANNOUNCEEUP-JAN,KXTVSEASONANNOUNCEEUP,https://kalshi.com/markets/kxtvseasonannounceeup/kxtvseasonannounceeup-jan
aa15240e,ba962290,2026-08-26,2026-08-26T18:43:45.710260+00:00,KXCONGRESSPAYINCREASE-30-27JAN01,"Will it be reported by any of the Source Agencies that the annual base salary of all Members of Congress increases above $174,000 before Jan 1, 2027?",paper,PASS,LOW,2,DRIFT,LONG,4,Politics,0,0.065,0.06,-0.005,,,,,40,C,0,1,1,0,0,0,0,0,,,,,1,0.012,NO,1,1.0769,,,,,,,,,,0,,,0,,,,,,,,,2027-01-01T04:59:00Z,350.06,322.0,KXCONGRESSPAYINCREASE-30,KXCONGRESSPAYINCREASE,https://kalshi.com/markets/kxcongresspayincrease/kxcongresspayincrease-30
9911cfb6,ba962290,2026-08-26,2026-08-26T18:43:45.727995+00:00,KXYTUBESUBSISHOWSPEED-27,When will IShowSpeed reach 100 million Youtube subscribers?,paper,PASS,LOW,2,DRIFT,LONG,4,Entertainment,0,0.08,0.04,-0.04,,,,,40,C,0,1,1,0,0,0,0,0,,,,,1,0.039,NO,1,1.0,,,,,,,,,,0,,,0,,,,,,,,,2027-01-01T04:59:00Z,1946.34,871.3,KXYTUBESUBSISHOWSPEED,KXYTUBESUBSISHOWSPEED,https://kalshi.com/markets/kxytubesubsishowspeed/kxytubesubsishowspeed
1e19192e,05836acb,2026-08-27,2026-08-27T14:59:57.093049+00:00,KXCABLEAVE-26MAY22-26SEP,Will any member of Trump's Cabinet leave before Sep 2026?,paper,YES,MED,1,HEURISTIC,WEEKLY,1,,1,0.115,0.65,0.535,0.51,,,0.65,,Unscored,1,0,0,0,1,0,0,0,,,cabinet departure,YES,0,,,0,,,,,,,,,,,0,,LOSS,1,0,-0.115,-1.15,2026-09-01T22:11:25.672227+00:00,5.3,0.4225,0.0132,-6.5,2026-09-02T03:59:00Z,,,KXCABLEAVE-26MAY22,KXCABLEAVE,https://kalshi.com/markets/kxcableave/kxcableave-26may22
a5e1b2df,a17c5751,2026-08-27,2026-08-27T15:06:03.023247+00:00,KXRAIN-26AUG27-PHX,"Will it rain in Phoenix on Aug 27, 2026?",paper,PASS,LOW,2,HEURISTIC,INTRADAY,0,Climate and Weather,0,0.11,0.07,-0.04,0.27,0.263,,0.4,50,C,1,0,0,0,1,0,0,1,YES,347.25,weather,YES,0,0.355,,1,0.3636,,,,,,,,0.05,YES,0,,LOSS,1,0,0.0,0.0,2026-08-28T15:04:22.765449+00:00,1.0,,,,2026-08-28T07:00:00Z,1851.86,1560.88,KXRAIN-26AUG27,KXRAIN,https://kalshi.com/markets/kxrain/kxrain-26aug27
82c38df8,a17c5751,2026-08-27,2026-08-27T15:06:03.036865+00:00,KXAPRPOTUS-26AUG28-39.2,Will the President's approval rating be between 39.1 and 39.3 according to RealClearPolitics?,paper,PASS,LOW,2,HEURISTIC,INTRADAY,0,Politics,0,0.075,0.08,0.005,0.42,0.415,,0.5,45,C,1,0,0,0,1,0,0,1,NO,200.0,approval rating,YES,1,0.139,NO,1,0.1333,,,,,,,,,,0,,LOSS,1,0,0.0,0.0,2026-08-29T12:02:09.533462+00:00,1.87,,,,2026-08-28T15:00:00Z,5988.88,3713.33,KXAPRPOTUS-26AUG28,KXAPRPOTUS,https://kalshi.com/markets/kxaprpotus/kxaprpotus-26aug28
6dc24765,a17c5751,2026-08-27,2026-08-27T15:06:03.070723+00:00,KXHIGHTSEA-26AUG27-B70.5,"Will the maximum temperature be 70-71° on Aug 27, 2026?",paper,PASS,LOW,2,DRIFT,INTRADAY,0,Climate and Weather,0,0.11,0.12,0.01,,,,,35,D,0,1,1,0,1,0,0,1,NO,199.5,,,1,0.304,NO,1,0.5455,,,,,,,,0.0487,,0,,LOSS,1,0,0.0,0.0,2026-08-28T15:04:23.873423+00:00,1.0,,,,2026-08-28T08:00:00Z,1650.56,1351.63,KXHIGHTSEA-26AUG27,KXHIGHTSEA,https://kalshi.com/markets/kxhightsea/kxhightsea-26aug27
d7a13933,a17c5751,2026-08-27,2026-08-27T15:06:03.083297+00:00,KXGENERICBALLOTVOTEHUB-26AUG28-T6.4,Above 6.4%,paper,PASS,LOW,2,DRIFT,INTRADAY,0,Elections,0,0.105,0.11,0.005,,,,,35,D,0,1,1,0,1,0,0,0,,,,,1,0.285,NO,1,0.0952,,,,,,,,,,0,,LOSS,1,0,0.0,0.0,2026-08-28T15:04:24.408575+00:00,1.0,,,,2026-08-28T13:59:00Z,13155.99,5975.93,KXGENERICBALLOTVOTEHUB-26AUG28,KXGENERICBALLOTVOTEHUB,https://kalshi.com/markets/kxgenericballotvotehub/kxgenericballotvotehub-26aug28
b14ba3e1,a17c5751,2026-08-27,2026-08-27T15:06:03.098901+00:00,KXVIDEOAI-26AUG28-ALIB,Top Text to Video AI this week?,paper,PASS,LOW,2,DRIFT,INTRADAY,0,Science and Technology,0,0.695,0.7,0.005,,,,,35,D,0,1,1,0,1,0,0,0,,,,,1,0.206,NO,1,0.1007,,,,,,,,,,0,,LOSS,1,0,0.0,0.0,2026-08-29T12:02:09.888783+00:00,1.87,,,,2026-08-28T14:00:00Z,451.33,433.81,KXVIDEOAI-26AUG28,KXVIDEOAI,https://kalshi.com/markets/kxvideoai/kxvideoai-26aug28
7e35779e,a17c5751,2026-08-27,2026-08-27T15:06:03.113468+00:00,KXEURUSD-26AUG2810-B1.165,"Will the EUR/USD open price be between 1.16400 and 1.16599 at Aug 28, 2026 at 10am EDT?",paper,PASS,LOW,2,DRIFT,INTRADAY,0,Financials,0,0.15,0.15,0.0,,,,,35,D,0,1,1,0,1,0,0,0,,,,,0,0.456,,1,0.6667,,,,,,,,,,0,,LOSS,1,0,0.0,0.0,2026-08-28T15:04:25.205568+00:00,1.0,,,,2026-08-28T14:00:00Z,69.0,69.0,KXEURUSD-26AUG2810,KXEURUSD,https://kalshi.com/markets/kxeurusd/kxeurusd-26aug2810
9e471a2f,a17c5751,2026-08-27,2026-08-27T15:06:03.129409+00:00,KXSATRADEBAL-26AUG28-T16.00,Will South Africa balance of trade for July 2026 be above ZAR16.00B?,paper,PASS,LOW,2,DRIFT,INTRADAY,0,Economics,0,0.465,0.5,0.035,-0.42,-0.438,,0.5,27,D,0,1,0,0,1,0,0,0,,,trade balance,YES,1,0.31,NO,1,1.957,,,,,,,,,,0,,LOSS,1,0,0.0,0.0,2026-08-31T14:27:30.071215+00:00,3.97,,,,2026-08-28T11:59:00Z,220.52,215.52,KXSATRADEBAL-26AUG28,KXSATRADEBAL,https://kalshi.com/markets/kxsatradebal/kxsatradebal-26aug28
44fa463f,a17c5751,2026-08-27,2026-08-27T15:06:03.168191+00:00,KXNFLRETIRE-LJOHNSON65-2627,Will Lane Johnson announce his retirement before the 2026-27 NFL season?,paper,PASS,LOW,2,DRIFT,QUARTERLY,3,Sports,0,0.055,0.03,-0.025,0.21,0.206,,0.3,50,C,1,1,0,0,0,0,0,1,NO,250.0,athlete retirement,YES,1,0.236,NO,1,1.2727,,,,,,,,0.4228,YES,0,,,0,,,,,,,,,2026-09-30T03:59:00Z,1001.21,244.34,KXNFLRETIRE-LJOHNSON65,KXNFLRETIRE,https://kalshi.com/markets/kxnflretire/kxnflretire-ljohnson65
e0cea366,a17c5751,2026-08-27,2026-08-27T15:06:03.185519+00:00,KXTVSEASONANNOUNCEEUP-JAN-27,"Will a new season of Euphoria be announced before Jan 1, 2027?",paper,PASS,LOW,2,HEURISTIC,LONG,4,Entertainment,0,0.055,0.04,-0.015,0.17,0.166,,0.25,60,B,1,0,0,0,0,0,0,0,,,media/entertainment release,YES,1,0.087,NO,1,0.9091,,,,,,0.2265,0.1715,0.1728,YES,0,,,0,,,,,,,,,2027-01-01T15:00:00Z,1921.56,1212.83,KXTVSEASONANNOUNCEEUP-JAN,KXTVSEASONANNOUNCEEUP,https://kalshi.com/markets/kxtvseasonannounceeup/kxtvseasonannounceeup-jan
791177ca,1261f570,2026-08-28,2026-08-28T15:12:53.270065+00:00,KXRAIN-26AUG28-LV,"Will it rain in Las Vegas on Aug 28, 2026?",paper,PASS,LOW,2,HEURISTIC,INTRADAY,0,Climate and Weather,0,0.07,0.09,0.02,0.32,0.315,,0.4,55,B,1,0,0,0,1,0,0,1,YES,190.82,weather,YES,1,0.767,YES,1,0.2857,,,,,,0.215,0.145,0.05,YES,0,,LOSS,1,0,0.0,0.0,2026-08-30T23:36:12.333381+00:00,2.35,,,,2026-08-29T07:00:00Z,1630.91,1251.02,KXRAIN-26AUG28,KXRAIN,https://kalshi.com/markets/kxrain/kxrain-26aug28
2ef29541,1261f570,2026-08-28,2026-08-28T15:12:53.274897+00:00,KXKBOTOTAL-26AUG270530LOTKIA-10,Over 9.5 runs scored?,paper,PASS,LOW,2,DRIFT,INTRADAY,0,Sports,0,0.455,0.45,-0.005,,,,,35,D,0,1,1,0,1,0,0,1,YES,750.0,,,1,0.73,YES,1,0.9011,,,,,,,,,,0,,,0,,,,,,,,,2026-08-29T09:30:00Z,8852.61,6462.32,KXKBOTOTAL-26AUG270530LOTKIA,KXKBOTOTAL,https://kalshi.com/markets/kxkbototal/kxkbototal-26aug270530lotkia
456f9b0d,1261f570,2026-08-28,2026-08-28T15:12:53.296519+00:00,KXHIGHTSATX-26AUG28-B99.5,"Will the maximum temperature be 99-100° on Aug 28, 2026?",paper,PASS,LOW,2,DRIFT,INTRADAY,0,Climate and Weather,0,0.335,0.35,0.015,,,,,35,D,0,1,1,0,1,0,0,1,YES,285.25,,,1,0.331,NO,1,0.209,,,,,,,,-0.305,NO,0,,LOSS,1,0,0.0,0.0,2026-08-30T23:36:13.039082+00:00,2.35,,,,2026-08-29T06:00:00Z,2705.63,2288.16,KXHIGHTSATX-26AUG28,KXHIGHTSATX,https://kalshi.com/markets/kxhightsatx/kxhightsatx-26aug28
986a10be,1261f570,2026-08-28,2026-08-28T15:12:53.314496+00:00,KXKBORFI-26AUG270530LOTKIA-Y,Lotte Giants vs Kia Tigers: First Inning Run?,paper,PASS,LOW,2,DRIFT,INTRADAY,0,Sports,0,0.495,0.5,0.005,,,,,35,D,0,1,1,0,1,0,0,1,NO,344.18,,,0,0.577,,1,1.1919,,,,,,,,,,0,,,0,,,,,,,,,2026-08-29T09:30:00Z,1278.24,809.43,KXKBORFI-26AUG270530LOTKIA,KXKBORFI,https://kalshi.com/markets/kxkborfi/kxkborfi-26aug270530lotkia
0348da0b,1261f570,2026-08-28,2026-08-28T15:12:53.330975+00:00,KXKBOSPREAD-26AUG270530LOTKIA-KIA3,Will the Kia Tigers win by over 2.5 runs?,paper,PASS,LOW,2,DRIFT,INTRADAY,0,Sports,0,0.405,0.4,-0.005,0.05,0.033,,0.08,37,D,1,1,0,0,1,0,0,0,,,competition win,NO,0,0.582,,1,1.358,,,,,,,,-0.315,NO,0,,,0,,,,,,,,,2026-08-29T09:30:00Z,56.36,50.68,KXKBOSPREAD-26AUG270530LOTKIA,KXKBOSPREAD,https://kalshi.com/markets/kxkbospread/kxkbospread-26aug270530lotkia
72e496b2,1261f570,2026-08-28,2026-08-28T15:12:53.352679+00:00,KXLOWTDEN-26AUG28-B57.5,"Will the minimum temperature be 57-58° on Aug 28, 2026?",paper,PASS,LOW,2,DRIFT,INTRADAY,0,Climate and Weather,0,0.135,0.05,-0.085,,,,,35,D,0,1,1,0,1,0,0,0,,,,,1,0.082,NO,1,0.6667,,,,,,,,0.065,YES,0,,LOSS,1,0,0.0,0.0,2026-08-30T23:36:14.091794+00:00,2.35,,,,2026-08-29T07:00:00Z,1434.62,932.89,KXLOWTDEN-26AUG28,KXLOWTDEN,https://kalshi.com/markets/kxlowtden/kxlowtden-26aug28
690b0296,1261f570,2026-08-28,2026-08-28T15:12:53.371784+00:00,KXLOWTSEA-26AUG28-T57,"Will the minimum temperature be >57° on Aug 28, 2026?",paper,PASS,LOW,2,DRIFT,INTRADAY,0,Climate and Weather,0,0.265,0.3,0.035,,,,,35,D,0,1,1,0,1,0,0,0,,,,,1,0.093,NO,1,0.2642,,,,,,,,-0.065,NO,0,,LOSS,1,0,0.0,0.0,2026-08-30T23:36:14.447810+00:00,2.35,,,,2026-08-29T08:00:00Z,1027.35,790.53,KXLOWTSEA-26AUG28,KXLOWTSEA,https://kalshi.com/markets/kxlowtsea/kxlowtsea-26aug28
95058ef8,1261f570,2026-08-28,2026-08-28T15:12:53.388520+00:00,KXLOWTLAX-26AUG28-B71.5,"Will the minimum temperature be 71-72° on Aug 28, 2026?",paper,PASS,LOW,2,DRIFT,INTRADAY,0,Climate and Weather,0,0.065,0.08,0.015,,,,,35,D,0,1,1,0,1,0,0,0,,,,,0,0.557,,1,0.7692,,,,,,,,0.135,YES,0,,LOSS,1,0,0.0,0.0,2026-08-30T23:36:14.790639+00:00,2.35,,,,2026-08-29T08:00:00Z,644.12,299.85,KXLOWTLAX-26AUG28,KXLOWTLAX,https://kalshi.com/markets/kxlowtlax/kxlowtlax-26aug28
4708baa2,1261f570,2026-08-28,2026-08-28T15:12:53.405483+00:00,KXLOWTSATX-26AUG28-B75.5,"Will the minimum temperature be 75-76° on Aug 28, 2026?",paper,PASS,LOW,2,DRIFT,INTRADAY,0,Climate and Weather,0,0.125,0.24,0.115,,,,,35,D,0,1,1,0,1,0,0,0,,,,,1,0.054,NO,1,0.08,,,,,,,,0.075,YES,0,,LOSS,1,0,0.0,0.0,2026-08-30T23:36:15.159476+00:00,2.35,,,,2026-08-29T06:00:00Z,557.94,209.7,KXLOWTSATX-26AUG28,KXLOWTSATX,https://kalshi.com/markets/kxlowtsatx/kxlowtsatx-26aug28
ccfbf6ec,1261f570,2026-08-28,2026-08-28T15:12:53.421612+00:00,KXNFLRETIRE-LJOHNSON65-2627,Will Lane Johnson announce his retirement before the 2026-27 NFL season?,paper,PASS,LOW,2,DRIFT,QUARTERLY,3,Sports,0,0.06,0.04,-0.02,0.2,0.196,,0.3,50,C,1,1,0,0,0,0,0,1,NO,250.0,athlete retirement,YES,1,0.11,NO,1,1.3333,,,,,,,,0.4178,YES,0,,,0,,,,,,,,,2026-09-30T03:59:00Z,1001.21,244.34,KXNFLRETIRE-LJOHNSON65,KXNFLRETIRE,https://kalshi.com/markets/kxnflretire/kxnflretire-ljohnson65
f2c65af4,772d91d1,2026-08-28,2026-08-28T15:15:05.527274+00:00,KXRAIN-26AUG28-LV,"Will it rain in Las Vegas on Aug 28, 2026?",paper,PASS,LOW,2,HEURISTIC,INTRADAY,0,Climate and Weather,0,0.07,0.09,0.02,0.32,0.315,,0.4,55,B,1,0,0,0,1,0,0,1,YES,190.82,weather,YES,1,0.767,YES,1,0.2857,,,,,,0.215,0.145,0.05,YES,0,,LOSS,1,0,0.0,0.0,2026-08-30T23:36:15.868948+00:00,2.35,,,,2026-08-29T07:00:00Z,1630.91,1251.02,KXRAIN-26AUG28,KXRAIN,https://kalshi.com/markets/kxrain/kxrain-26aug28
8e2a8183,772d91d1,2026-08-28,2026-08-28T15:15:05.534925+00:00,KXKBOTOTAL-26AUG270530LOTKIA-10,Over 9.5 runs scored?,paper,PASS,LOW,2,DRIFT,INTRADAY,0,Sports,0,0.455,0.45,-0.01,,,,,35,D,0,1,1,0,1,0,0,1,YES,750.0,,,1,0.73,YES,1,0.9011,,,,,,,,,,0,,,0,,,,,,,,,2026-08-29T09:30:00Z,8852.61,6462.32,KXKBOTOTAL-26AUG270530LOTKIA,KXKBOTOTAL,https://kalshi.com/markets/kxkbototal/kxkbototal-26aug270530lotkia
ac8f79ea,772d91d1,2026-08-28,2026-08-28T15:15:05.550233+00:00,KXHIGHTNOLA-26AUG28-T91,"Will the maximum temperature be >91° on Aug 28, 2026?",paper,PASS,LOW,2,DRIFT,INTRADAY,0,Climate and Weather,0,0.275,0.3,0.025,,,,,35,D,0,1,1,0,1,0,0,1,YES,200.0,,,0,0.401,,1,0.2545,,,,,,,,-0.245,NO,0,,LOSS,1,0,0.0,0.0,2026-08-30T23:36:16.573394+00:00,2.35,,,,2026-08-29T06:00:00Z,2929.68,2403.5,KXHIGHTNOLA-26AUG28,KXHIGHTNOLA,https://kalshi.com/markets/kxhightnola/kxhightnola-26aug28
e78fc222,772d91d1,2026-08-28,2026-08-28T15:15:05.569774+00:00,KXHIGHTPHX-26AUG28-B114.5,"Will the maximum temperature be 114-115° on Aug 28, 2026?",paper,PASS,LOW,2,DRIFT,INTRADAY,0,Climate and Weather,0,0.165,0.1,-0.065,,,,,35,D,0,1,1,0,1,0,0,1,NO,263.0,,,0,0.449,,1,0.0606,,,,,,,,-0.135,NO,0,,LOSS,1,0,0.0,0.0,2026-08-30T23:36:16.924325+00:00,2.35,,,,2026-08-29T07:00:00Z,1611.34,1250.76,KXHIGHTPHX-26AUG28,KXHIGHTPHX,https://kalshi.com/markets/kxhightphx/kxhightphx-26aug28
d19b23a6,772d91d1,2026-08-28,2026-08-28T15:15:05.582654+00:00,KXKBORFI-26AUG270530LOTKIA-Y,Lotte Giants vs Kia Tigers: First Inning Run?,paper,PASS,LOW,2,DRIFT,INTRADAY,0,Sports,0,0.495,0.5,0.005,,,,,35,D,0,1,1,0,1,0,0,1,NO,344.18,,,0,0.577,,1,1.1919,,,,,,,,,,0,,,0,,,,,,,,,2026-08-29T09:30:00Z,1278.24,809.43,KXKBORFI-26AUG270530LOTKIA,KXKBORFI,https://kalshi.com/markets/kxkborfi/kxkborfi-26aug270530lotkia
eba0f19a,772d91d1,2026-08-28,2026-08-28T15:15:05.598074+00:00,KXKBOSPREAD-26AUG270530LOTKIA-KIA3,Will the Kia Tigers win by over 2.5 runs?,paper,PASS,LOW,2,DRIFT,INTRADAY,0,Sports,0,0.405,0.3,-0.105,0.05,0.033,,0.08,37,D,1,1,0,0,1,0,0,0,,,competition win,NO,0,0.582,,1,1.358,,,,,,,,-0.315,NO,0,,,0,,,,,,,,,2026-08-29T09:30:00Z,56.36,50.68,KXKBOSPREAD-26AUG270530LOTKIA,KXKBOSPREAD,https://kalshi.com/markets/kxkbospread/kxkbospread-26aug270530lotkia
03a39dea,772d91d1,2026-08-28,2026-08-28T15:15:05.611575+00:00,KXLOWTDEN-26AUG28-B57.5,"Will the minimum temperature be 57-58° on Aug 28, 2026?",paper,PASS,LOW,2,DRIFT,INTRADAY,0,Climate and Weather,0,0.13,0.08,-0.05,,,,,35,D,0,1,1,0,1,0,0,0,,,,,1,0.088,NO,1,0.7692,,,,,,,,0.07,YES,0,,LOSS,1,0,0.0,0.0,2026-08-30T23:36:18.006434+00:00,2.35,,,,2026-08-29T07:00:00Z,1449.62,932.89,KXLOWTDEN-26AUG28,KXLOWTDEN,https://kalshi.com/markets/kxlowtden/kxlowtden-26aug28
c3c6ee8b,772d91d1,2026-08-28,2026-08-28T15:15:05.625365+00:00,KXLOWTSEA-26AUG28-T57,"Will the minimum temperature be >57° on Aug 28, 2026?",paper,PASS,LOW,2,DRIFT,INTRADAY,0,Climate and Weather,0,0.265,0.2,-0.065,,,,,35,D,0,1,1,0,1,0,0,0,,,,,1,0.093,NO,1,0.2642,,,,,,,,-0.065,NO,0,,LOSS,1,0,0.0,0.0,2026-08-30T23:36:18.359683+00:00,2.35,,,,2026-08-29T08:00:00Z,1027.35,790.53,KXLOWTSEA-26AUG28,KXLOWTSEA,https://kalshi.com/markets/kxlowtsea/kxlowtsea-26aug28
d111e07c,772d91d1,2026-08-28,2026-08-28T15:15:05.641249+00:00,KXMLBDEBUT-FARIAS-26OCT01,"Will Franklin Arias play in a game for any team in the MLB before Oct 1, 2026?",paper,PASS,LOW,2,DRIFT,QUARTERLY,3,Sports,0,0.21,0.24,0.03,0.1,0.088,,0.35,46,C,1,1,0,0,0,0,0,0,,,sports debut,YES,0,0.48,,1,0.381,,,,,,,,,,0,,,0,,,,,,,,,2026-10-01T03:59:00Z,276.82,276.82,KXMLBDEBUT-FARIAS,KXMLBDEBUT,https://kalshi.com/markets/kxmlbdebut/kxmlbdebut-farias
e7e02037,f470caa8,2026-08-29,2026-08-29T12:05:47.305021+00:00,KXDOTA2MAP-26AUG280600SPIRITACSTX-2-SPIRITAC,Spirit Academy wins map 2,paper,PASS,LOW,2,DRIFT,INTRADAY,0,Sports,0,0.45,0.45,0.0,,,,,35,D,0,1,1,0,1,0,0,0,,,,,1,0.198,NO,1,1.0222,,,,,,,,,,0,,LOSS,1,0,0.0,0.0,2026-08-30T23:36:19.144051+00:00,1.48,,,,2026-08-30T10:00:00Z,97.29,87.29,KXDOTA2MAP-26AUG280600SPIRITACSTX-2,KXDOTA2MAP,https://kalshi.com/markets/kxdota2map/kxdota2map-26aug280600spiritacstx-2
7e1c2ed7,f470caa8,2026-08-29,2026-08-29T12:05:47.309859+00:00,KXDOTA2MAP-26AUG280600SPIRITACSTX-1-SPIRITAC,Spirit Academy wins map 1,paper,PASS,LOW,2,DRIFT,INTRADAY,0,Sports,0,0.495,0.495,0.0,,,,,35,D,0,1,1,0,1,0,0,0,,,,,1,0.303,NO,1,1.1919,,,,,,,,,,0,,LOSS,1,0,0.0,0.0,2026-08-30T23:36:19.494355+00:00,1.48,,,,2026-08-30T10:00:00Z,78.93,57.93,KXDOTA2MAP-26AUG280600SPIRITACSTX-1,KXDOTA2MAP,https://kalshi.com/markets/kxdota2map/kxdota2map-26aug280600spiritacstx-1
70fa1e21,f470caa8,2026-08-29,2026-08-29T12:05:47.324246+00:00,KXNPBSPREAD-26AUG290500YAKHIR-YAK2,Will the Tokyo Yakult Swallows win by over 1.5 runs?,paper,PASS,LOW,2,DRIFT,WEEKLY,1,Sports,0,0.815,0.78,-0.035,0.61,0.599,,0.08,45,C,1,1,0,0,1,0,0,1,YES,304.0,competition win,NO,1,0.755,YES,1,0.3067,,,,,,,,-0.725,NO,0,,LOSS,1,0,0.0,0.0,2026-08-30T23:36:19.848246+00:00,1.48,,,,2026-08-31T09:00:00Z,729.18,729.18,KXNPBSPREAD-26AUG290500YAKHIR,KXNPBSPREAD,https://kalshi.com/markets/kxnpbspread/kxnpbspread-26aug290500yakhir
acf474f2,f470caa8,2026-08-29,2026-08-29T12:05:47.342215+00:00,KXNPBSPREAD-26AUG290500YOMHAN-HAN2,Will the Hanshin Tigers win by over 1.5 runs?,paper,PASS,LOW,2,DRIFT,WEEKLY,1,Sports,0,0.605,0.58,-0.025,0.19,0.173,,0.08,45,C,1,1,0,0,1,0,0,1,YES,200.0,competition win,NO,0,0.53,,1,1.1074,,,,,,,,-0.515,NO,0,,LOSS,1,0,0.0,0.0,2026-08-30T23:36:20.212062+00:00,1.48,,,,2026-08-31T09:00:00Z,507.49,483.51,KXNPBSPREAD-26AUG290500YOMHAN,KXNPBSPREAD,https://kalshi.com/markets/kxnpbspread/kxnpbspread-26aug290500yomhan
2e0d1bab,f470caa8,2026-08-29,2026-08-29T12:05:47.357288+00:00,KXCS2GAME-26AUG290700INOXEXR-EXR,ex-RUSTEC wins,paper,PASS,LOW,2,DRIFT,WEEKLY,1,Sports,0,0.215,0.2,-0.015,,,,,35,D,0,1,1,0,1,0,0,1,NO,5000.0,,,1,0.115,NO,1,0.5116,,,,,,,,,,0,,LOSS,1,0,0.0,0.0,2026-08-30T23:36:20.580600+00:00,1.48,,,,2026-08-31T11:00:00Z,8165.35,8116.39,KXCS2GAME-26AUG290700INOXEXR,KXCS2GAME,https://kalshi.com/markets/kxcs2game/kxcs2game-26aug290700inoxexr
2213b142,f470caa8,2026-08-29,2026-08-29T12:05:47.369413+00:00,KXNPBTOTAL-26AUG290500YAKHIR-10,Over 9.5 runs scored?,paper,PASS,LOW,2,DRIFT,WEEKLY,1,Sports,0,0.75,0.75,0.0,,,,,35,D,0,1,1,0,1,0,0,1,YES,400.0,,,1,1.0,YES,1,0.6667,,,,,,,,,,0,,LOSS,1,0,0.0,0.0,2026-08-30T23:36:20.932488+00:00,1.48,,,,2026-08-31T09:00:00Z,2258.8,1946.36,KXNPBTOTAL-26AUG290500YAKHIR,KXNPBTOTAL,https://kalshi.com/markets/kxnpbtotal/kxnpbtotal-26aug290500yakhir
ba5124d6,f470caa8,2026-08-29,2026-08-29T12:05:47.383705+00:00,KXLOLGAME-26AUG290600PCSKCBS-KCBS,Karmine Corp Blue Stars wins,paper,PASS,LOW,2,DRIFT,WEEKLY,1,Sports,0,0.75,0.72,-0.03,,,,,35,D,0,1,1,0,1,0,0,1,YES,426.0,,,0,0.449,,1,0.16,,,,,,,,,,0,,LOSS,1,0,0.0,0.0,2026-08-30T23:36:21.295574+00:00,1.48,,,,2026-08-31T10:00:00Z,2364.74,2363.74,KXLOLGAME-26AUG290600PCSKCBS,KXLOLGAME,https://kalshi.com/markets/kxlolgame/kxlolgame-26aug290600pcskcbs
da1bd2ef,f470caa8,2026-08-29,2026-08-29T12:05:47.396429+00:00,KXNPBSPREAD-26AUG290500CHUYOK-YOK2,Will the Yokohama DeNA BayStars win by over 1.5 runs?,paper,PASS,LOW,2,HEURISTIC,WEEKLY,1,Sports,0,0.435,0.4,-0.035,0.1,0.082,,0.08,41,C,1,0,0,0,1,0,0,1,,636.41,competition win,NO,0,0.488,,1,1.1724,,,,,,,,,,0,,LOSS,1,0,0.0,0.0,2026-08-30T23:36:21.655426+00:00,1.48,,,,2026-08-31T09:00:00Z,2259.24,1622.83,KXNPBSPREAD-26AUG290500CHUYOK,KXNPBSPREAD,https://kalshi.com/markets/kxnpbspread/kxnpbspread-26aug290500chuyok
bc2a0e53,f470caa8,2026-08-29,2026-08-29T12:05:47.408856+00:00,KXNPBGAME-26AUG290500CHUYOK-CHU,Chunichi Dragons wins,paper,PASS,LOW,2,DRIFT,WEEKLY,1,Sports,0,0.155,0.16,0.005,,,,,35,D,0,1,1,0,1,0,0,1,YES,668.0,,,1,0.205,NO,1,0.8387,,,,,,,,,,0,,LOSS,1,0,0.0,0.0,2026-08-30T23:36:22.010399+00:00,1.48,,,,2026-08-31T09:00:00Z,18825.06,16609.27,KXNPBGAME-26AUG290500CHUYOK,KXNPBGAME,https://kalshi.com/markets/kxnpbgame/kxnpbgame-26aug290500chuyok
67477fee,f470caa8,2026-08-29,2026-08-29T12:05:47.423159+00:00,KXVALORANTMAP-26AUG290700T1GENG-1-GENG,Gen.G Esports wins map 1,paper,PASS,LOW,2,DRIFT,WEEKLY,1,Sports,0,0.28,0.33,0.05,,,,,35,D,0,1,1,0,1,0,0,1,YES,317.12,,,1,0.285,NO,1,0.2857,,,,,,,,,,0,,LOSS,1,0,0.0,0.0,2026-08-30T23:36:22.378491+00:00,1.48,,,,2026-08-31T11:00:00Z,6107.65,6015.41,KXVALORANTMAP-26AUG290700T1GENG-1,KXVALORANTMAP,https://kalshi.com/markets/kxvalorantmap/kxvalorantmap-26aug290700t1geng-1
f441f7b3,45ebffe2,2026-08-29,2026-08-29T13:30:02.329571+00:00,KXVALORANTGAME-26AUG290700T1GENG-GENG,Gen.G Esports wins,paper,PASS,LOW,2,RESOLVE_FIRST,WEEKLY,1,,0,0.345,,,,,,,,Unscored,0,0,1,0,1,0,0,0,,,,,0,,,0,,,,,,,,,,,0,,LOSS,1,0,0.0,0.0,2026-08-30T23:36:22.735860+00:00,1.42,,,,2026-08-31T11:00:00Z,,,KXVALORANTGAME-26AUG290700T1GENG,KXVALORANTGAME,https://kalshi.com/markets/kxvalorantgame/kxvalorantgame-26aug290700t1geng
2a753676,45ebffe2,2026-08-29,2026-08-29T13:30:02.332961+00:00,KXNPBTOTAL-26AUG290500FUKORI-8,Over 7.5 runs scored?,paper,PASS,LOW,2,DRIFT,WEEKLY,1,,0,0.33499999999999996,,,,,,,,Unscored,0,1,1,0,1,0,0,0,,,,,0,,,0,,,,,,,,,,,0,,LOSS,1,0,0.0,0.0,2026-08-30T23:36:23.128927+00:00,1.42,,,,2026-08-31T09:00:00Z,,,KXNPBTOTAL-26AUG290500FUKORI,KXNPBTOTAL,https://kalshi.com/markets/kxnpbtotal/kxnpbtotal-26aug290500fukori
ea4cfe9b,45ebffe2,2026-08-29,2026-08-29T13:30:02.349454+00:00,KXEPLCORNERS-26AUG29LFCNFO-11,11+ total corners,paper,PASS,LOW,2,RESOLVE_FIRST,WEEKLY,1,,0,0.435,,,,,,,,Unscored,0,0,1,0,1,0,0,0,,,,,0,,,0,,,,,,,,,,,0,,LOSS,1,0,0.0,0.0,2026-08-30T23:36:23.498201+00:00,1.42,,,,2026-08-31T11:30:00Z,,,KXEPLCORNERS-26AUG29LFCNFO,KXEPLCORNERS,https://kalshi.com/markets/kxeplcorners/kxeplcorners-26aug29lfcnfo
025ac807,45ebffe2,2026-08-29,2026-08-29T13:30:02.363176+00:00,KXEPLTCORNERS-26AUG29LFCNFO-LFC7,Liverpool: 7+ corners,paper,PASS,LOW,2,DRIFT,WEEKLY,1,,0,0.42500000000000004,,,,,,,,Unscored,0,1,1,0,1,0,0,0,,,,,0,,,0,,,,,,,,,,,0,,LOSS,1,0,0.0,0.0,2026-08-30T23:36:23.851061+00:00,1.42,,,,2026-08-31T11:30:00Z,,,KXEPLTCORNERS-26AUG29LFCNFO,KXEPLTCORNERS,https://kalshi.com/markets/kxepltcorners/kxepltcorners-26aug29lfcnfo
299dffd0,45ebffe2,2026-08-29,2026-08-29T13:30:02.374463+00:00,KXCS2GAME-26AUG290730MOUZICE-ICE,Inner Circle Esports wins,paper,PASS,LOW,2,RESOLVE_FIRST,WEEKLY,1,,0,0.05,,,,,,,,Unscored,0,0,1,0,1,0,0,0,,,,,0,,,0,,,,,,,,,,,0,,LOSS,1,0,0.0,0.0,2026-08-30T23:36:24.220444+00:00,1.42,,,,2026-08-31T11:30:00Z,,,KXCS2GAME-26AUG290730MOUZICE,KXCS2GAME,https://kalshi.com/markets/kxcs2game/kxcs2game-26aug290730mouzice
5d375565,45ebffe2,2026-08-29,2026-08-29T13:30:02.387499+00:00,KXVALORANTGAME-26AUG290700T1GENG-T1,T1 wins,paper,PASS,LOW,2,RESOLVE_FIRST,WEEKLY,1,,0,0.645,,,,,,,,Unscored,0,0,1,0,1,0,0,0,,,,,0,,,0,,,,,,,,,,,0,,LOSS,1,0,0.0,0.0,2026-08-30T23:36:24.582395+00:00,1.42,,,,2026-08-31T11:00:00Z,,,KXVALORANTGAME-26AUG290700T1GENG,KXVALORANTGAME,https://kalshi.com/markets/kxvalorantgame/kxvalorantgame-26aug290700t1geng
dac0b586,45ebffe2,2026-08-29,2026-08-29T13:30:02.398918+00:00,KXEPLCORNERS-26AUG29LFCNFO-8,8+ total corners,paper,PASS,LOW,2,DRIFT,WEEKLY,1,,0,0.825,,,,,,,,Unscored,0,1,1,0,1,0,0,0,,,,,0,,,0,,,,,,,,,,,0,,LOSS,1,0,0.0,0.0,2026-08-30T23:36:24.931633+00:00,1.42,,,,2026-08-31T11:30:00Z,,,KXEPLCORNERS-26AUG29LFCNFO,KXEPLCORNERS,https://kalshi.com/markets/kxeplcorners/kxeplcorners-26aug29lfcnfo
c181cdf6,f9a3562c,2026-08-30,2026-08-30T23:49:05.661708+00:00,KXARNAULTNW-26AUG31-T175,"Will Bernard Arnault net worth for August 31, 2026 be above 175 billion?",paper,PASS,LOW,2,DRIFT,INTRADAY,0,Financials,0,0.215,0.23,0.015,,,,,35,D,0,1,1,0,1,0,0,1,NO,600.0,,,1,0.27,NO,1,1.0698,,,,,,,,,,0,,LOSS,1,0,0.0,0.0,2026-09-01T12:02:10.747685+00:00,1.51,,,,2026-08-31T22:59:00Z,1814.51,1363.41,KXARNAULTNW-26AUG31,KXARNAULTNW,https://kalshi.com/markets/kxarnaultnw/kxarnaultnw-26aug31
d7b9a7c4,f9a3562c,2026-08-30,2026-08-30T23:49:05.667791+00:00,KXMUSKNW-26AUG31-T850,Will Elon Musk's net worth for August be above $850 billion?,paper,PASS,LOW,2,DRIFT,INTRADAY,0,Economics,0,0.76,0.65,-0.11,,,,,35,D,0,1,1,0,1,0,0,1,YES,800.0,,,1,0.984,YES,1,0.6316,,,,,,,,,,0,,LOSS,1,0,0.0,0.0,2026-09-01T12:02:11.105293+00:00,1.51,,,,2026-08-31T22:59:00Z,1428.26,1356.86,KXMUSKNW-26AUG31,KXMUSKNW,https://kalshi.com/markets/kxmusknw/kxmusknw-26aug31
24ed4bf9,f9a3562c,2026-08-30,2026-08-30T23:49:05.789613+00:00,KXPAGENW-26AUG31-T320,"Will Larry Page net worth for August 31, 2026 be above 320 billion?",paper,PASS,LOW,2,DRIFT,INTRADAY,0,Financials,0,0.23,0.2,-0.03,,,,,35,D,0,1,1,0,1,0,0,0,,,,,1,0.018,NO,1,1.1304,,,,,,0.6445,0.4145,,,0,,LOSS,1,0,0.0,0.0,2026-09-01T12:02:11.624834+00:00,1.51,,,,2026-08-31T22:59:00Z,1330.58,405.0,KXPAGENW-26AUG31,KXPAGENW,https://kalshi.com/markets/kxpagenw/kxpagenw-26aug31
24d1f88f,f9a3562c,2026-08-30,2026-08-30T23:49:05.870527+00:00,KXELLISONNW-26AUG31-T190,"Will Larry Ellison net worth for August 31, 2026 be above 190 billion?",paper,PASS,LOW,2,DRIFT,INTRADAY,0,Financials,0,0.53,0.5,-0.03,,,,,35,D,0,1,1,0,1,0,0,0,,,,,1,0.891,YES,1,1.7736,,,,,,,,,,0,,LOSS,1,0,0.0,0.0,2026-09-01T12:02:11.971867+00:00,1.51,,,,2026-08-31T22:59:00Z,1067.63,928.73,KXELLISONNW-26AUG31,KXELLISONNW,https://kalshi.com/markets/kxellisonnw/kxellisonnw-26aug31
5d418547,f9a3562c,2026-08-30,2026-08-30T23:49:05.926087+00:00,KXZUCKERBERGNW-26AUG31-T210,"Will Mark Zuckerberg net worth for August 31, 2026 be above 210 billion?",paper,PASS,LOW,2,DRIFT,INTRADAY,0,Financials,0,0.6,0.55,-0.05,,,,,35,D,0,1,1,0,1,0,0,0,,,,,1,0.077,NO,1,1.1667,,,,,,,,,,0,,LOSS,1,0,0.0,0.0,2026-09-01T12:02:12.330544+00:00,1.51,,,,2026-08-31T22:59:00Z,337.45,208.23,KXZUCKERBERGNW-26AUG31,KXZUCKERBERGNW,https://kalshi.com/markets/kxzuckerbergnw/kxzuckerbergnw-26aug31
442f63a7,f9a3562c,2026-08-30,2026-08-30T23:49:05.983811+00:00,KXDELLNW-26AUG31-T240,"Will Michael Dell net worth for August 31, 2026 be above 240 billion?",paper,PASS,MED,1,DRIFT,INTRADAY,0,Financials,0,0.325,0.34,0.015,,,,,45,C,0,1,1,0,1,0,0,0,,,,,0,0.615,,1,1.2615,,,,,,,,,,0,,LOSS,1,0,0.0,0.0,2026-09-01T12:02:12.685076+00:00,1.51,,,,2026-08-31T22:59:00Z,1932.13,431.53,KXDELLNW-26AUG31,KXDELLNW,https://kalshi.com/markets/kxdellnw/kxdellnw-26aug31
025d970f,f9a3562c,2026-08-30,2026-08-30T23:49:06.018606+00:00,KXHUANGNW-26AUG31-T190,"Will Jensen Huang net worth for August 31, 2026 be above 190 billion?",paper,PASS,LOW,2,DRIFT,INTRADAY,0,Financials,0,0.53,0.52,-0.01,,,,,35,D,0,1,1,0,1,0,0,0,,,,,0,0.6,,1,1.7736,,,,,,,,,,0,,LOSS,1,0,0.0,0.0,2026-09-01T12:02:13.033396+00:00,1.51,,,,2026-08-31T22:59:00Z,200.0,200.0,KXHUANGNW-26AUG31,KXHUANGNW,https://kalshi.com/markets/kxhuangnw/kxhuangnw-26aug31
68f75b52,f9a3562c,2026-08-30,2026-08-30T23:49:06.078875+00:00,KXNBARETIRE-KLEONARD2-2627,Will Kawhi Leonard announce his retirement before the 2026-27 NBA season?,paper,PASS,MED,1,HEURISTIC,QUARTERLY,3,Sports,0,0.07,0.08,0.01,0.23,0.225,,0.3,65,B,1,0,0,0,0,0,0,0,,,athlete retirement,YES,1,0.0,NO,0,,,,,,,,,0.1478,YES,0,,,0,,,,,,,,,2026-11-15T04:59:00Z,541.0,467.25,KXNBARETIRE-KLEONARD2,KXNBARETIRE,https://kalshi.com/markets/kxnbaretire/kxnbaretire-kleonard2
9d153377,f9a3562c,2026-08-30,2026-08-30T23:49:06.178519+00:00,KXCABLEAVE-26MAY22-26OCT,Will any member of Trump's Cabinet leave before Oct 2026?,paper,PASS,MED,1,HEURISTIC,QUARTERLY,3,Politics,0,0.35,0.27,-0.08,0.27,0.254,,0.65,74,A,1,0,0,0,0,0,0,0,,,cabinet departure,YES,1,0.894,YES,1,0.1714,,,,,,0.0205,-0.3295,-0.15,NO,0,,,0,,,,,,,,,2026-10-02T03:59:00Z,3638.05,2199.37,KXCABLEAVE-26MAY22,KXCABLEAVE,https://kalshi.com/markets/kxcableave/kxcableave-26may22
d1380244,f9a3562c,2026-08-30,2026-08-30T23:49:06.233230+00:00,KXMLBDEBUT-JMADE-26NOV01,"Will Jesús Made play in a game for any team in the MLB before Nov 1, 2026?",paper,PASS,MED,1,DRIFT,QUARTERLY,3,Sports,0,0.14,0.13,-0.01,0.17,0.161,,0.35,60,B,1,1,0,0,0,0,0,0,,,sports debut,YES,1,0.24,NO,1,0.5714,,,,,,,,-0.06,NO,0,,,0,,,,,,,,,2026-11-01T04:59:00Z,374.36,77.12,KXMLBDEBUT-JMADE,KXMLBDEBUT,https://kalshi.com/markets/kxmlbdebut/kxmlbdebut-jmade
746231d5,ccc94365,2026-08-30,2026-08-30T23:49:54.006082+00:00,KXARNAULTNW-26AUG31-T175,"Will Bernard Arnault net worth for August 31, 2026 be above 175 billion?",paper,PASS,LOW,2,DRIFT,INTRADAY,0,Financials,0,0.21,0.12,0.09,,,,,35,D,0,1,1,0,1,0,0,1,NO,600.0,,,1,0.27,NO,1,0.9524,,,,,,,,,,0,,LOSS,1,0,0.0,0.0,2026-09-01T12:02:14.472933+00:00,1.51,,,,2026-08-31T22:59:00Z,1814.51,1363.41,KXARNAULTNW-26AUG31,KXARNAULTNW,https://kalshi.com/markets/kxarnaultnw/kxarnaultnw-26aug31
e4879c8a,ccc94365,2026-08-30,2026-08-30T23:49:54.023013+00:00,KXMUSKNW-26AUG31-T850,Will Elon Musk's net worth for August be above $850 billion?,paper,PASS,LOW,2,DRIFT,INTRADAY,0,Economics,0,0.76,0.75,0.01,,,,,35,D,0,1,1,0,1,0,0,1,YES,800.0,,,1,0.984,YES,1,0.5526,,,,,,,,,,0,,LOSS,1,0,0.0,0.0,2026-09-01T12:02:14.820477+00:00,1.51,,,,2026-08-31T22:59:00Z,1428.26,1356.86,KXMUSKNW-26AUG31,KXMUSKNW,https://kalshi.com/markets/kxmusknw/kxmusknw-26aug31
472dd761,ccc94365,2026-08-30,2026-08-30T23:49:54.038845+00:00,KXELLISONNW-26AUG31-T190,"Will Larry Ellison net worth for August 31, 2026 be above 190 billion?",paper,PASS,LOW,2,DRIFT,INTRADAY,0,Financials,0,0.53,0.52,0.01,,,,,35,D,0,1,1,0,1,0,0,0,,,,,1,0.891,YES,1,1.7358,,,,,,,,,,0,,LOSS,1,0,0.0,0.0,2026-09-01T12:02:15.180510+00:00,1.51,,,,2026-08-31T22:59:00Z,1067.63,928.73,KXELLISONNW-26AUG31,KXELLISONNW,https://kalshi.com/markets/kxellisonnw/kxellisonnw-26aug31
5cdba8fc,ccc94365,2026-08-30,2026-08-30T23:49:54.054150+00:00,KXZUCKERBERGNW-26AUG31-T210,"Will Mark Zuckerberg net worth for August 31, 2026 be above 210 billion?",paper,PASS,LOW,2,DRIFT,INTRADAY,0,Financials,0,0.6,0.5,0.1,,,,,35,D,0,1,1,0,1,0,0,0,,,,,1,0.077,NO,1,1.1,,,,,,,,,,0,,LOSS,1,0,0.0,0.0,2026-09-01T12:02:15.562495+00:00,1.51,,,,2026-08-31T22:59:00Z,337.45,208.23,KXZUCKERBERGNW-26AUG31,KXZUCKERBERGNW,https://kalshi.com/markets/kxzuckerbergnw/kxzuckerbergnw-26aug31
05b7dbf0,ccc94365,2026-08-30,2026-08-30T23:49:54.067314+00:00,KXBEZOSNW-26AUG31-T275,"Will Jeff Bezos net worth for August 31, 2026 be above 275 billion?",paper,PASS,LOW,2,DRIFT,INTRADAY,0,Financials,0,0.495,0.52,0.025,,,,,35,D,0,1,1,0,1,0,0,0,,,,,1,0.083,NO,1,1.9596,,,,,,,,,,0,,LOSS,1,0,0.0,0.0,2026-09-01T12:02:15.911034+00:00,1.51,,,,2026-08-31T22:59:00Z,250.0,125.0,KXBEZOSNW-26AUG31,KXBEZOSNW,https://kalshi.com/markets/kxbezosnw/kxbezosnw-26aug31
2f049442,ccc94365,2026-08-30,2026-08-30T23:49:54.078779+00:00,KXHUANGNW-26AUG31-T190,"Will Jensen Huang net worth for August 31, 2026 be above 190 billion?",paper,PASS,LOW,2,DRIFT,INTRADAY,0,Financials,0,0.53,0.42,0.11,,,,,35,D,0,1,1,0,1,0,0,0,,,,,0,0.6,,1,1.7358,,,,,,,,,,0,,LOSS,1,0,0.0,0.0,2026-09-01T12:02:16.269149+00:00,1.51,,,,2026-08-31T22:59:00Z,200.0,200.0,KXHUANGNW-26AUG31,KXHUANGNW,https://kalshi.com/markets/kxhuangnw/kxhuangnw-26aug31
11014547,ccc94365,2026-08-30,2026-08-30T23:49:54.107207+00:00,KXNBARETIRE-KLEONARD2-2627,Will Kawhi Leonard announce his retirement before the 2026-27 NBA season?,paper,PASS,LOW,2,HEURISTIC,QUARTERLY,3,Sports,0,0.07,0.1,0.03,0.23,0.225,,0.3,55,B,1,0,0,0,0,0,0,0,,,athlete retirement,YES,1,0.0,NO,0,,,,,,,,,0.1478,YES,0,,,0,,,,,,,,,2026-11-15T04:59:00Z,541.0,467.25,KXNBARETIRE-KLEONARD2,KXNBARETIRE,https://kalshi.com/markets/kxnbaretire/kxnbaretire-kleonard2
069835b6,ccc94365,2026-08-30,2026-08-30T23:49:54.119104+00:00,KXCABLEAVE-26MAY22-26OCT,Will any member of Trump's Cabinet leave before Oct 2026?,paper,PASS,LOW,2,HEURISTIC,QUARTERLY,3,Politics,0,0.35,0.35,0.0,0.27,0.254,,0.65,64,B,1,0,0,0,0,0,0,0,,,cabinet departure,YES,1,0.894,YES,1,0.1714,,,,,,0.0205,-0.3295,-0.15,NO,0,,,0,,,,,,,,,2026-10-02T03:59:00Z,3638.05,2199.37,KXCABLEAVE-26MAY22,KXCABLEAVE,https://kalshi.com/markets/kxcableave/kxcableave-26may22
86b11334,75501adc,2026-08-31,2026-08-31T14:25:19.736901+00:00,KXXRPD-26AUG3117-T1.3999,"Ripple price at Aug 31, 2026 at 5pm EDT?",paper,PASS,LOW,2,RESOLVE_FIRST,INTRADAY,0,,0,0.16499999999999998,,,,,,,,Unscored,0,0,1,0,1,0,0,0,,,,,0,,,0,,,,,,,,,,,0,,LOSS,1,0,0.0,0.0,2026-09-01T12:02:17.316843+00:00,0.9,,,,2026-08-31T21:00:00Z,,,KXXRPD-26AUG3117,KXXRPD,https://kalshi.com/markets/kxxrpd/kxxrpd-26aug3117
2e850272,75501adc,2026-08-31,2026-08-31T14:25:19.771189+00:00,KXXRPD-26AUG3117-T1.4199,"Ripple price at Aug 31, 2026 at 5pm EDT?",paper,PASS,LOW,2,RESOLVE_FIRST,INTRADAY,0,,0,0.095,,,,,,,,Unscored,0,0,1,0,1,0,0,0,,,,,0,,,0,,,,,,,,,,,0,,LOSS,1,0,0.0,0.0,2026-09-01T12:02:17.670562+00:00,0.9,,,,2026-08-31T21:00:00Z,,,KXXRPD-26AUG3117,KXXRPD,https://kalshi.com/markets/kxxrpd/kxxrpd-26aug3117
df7e1556,75501adc,2026-08-31,2026-08-31T14:25:19.809209+00:00,KXMUSKNW-26AUG31-T1000,Will Elon Musk's net worth for August be above $1 trillion?,paper,PASS,LOW,2,DRIFT,INTRADAY,0,,0,0.10500000000000001,,,,,,,,Unscored,0,1,1,0,1,0,0,0,,,,,0,,,0,,,,,,,,,,,0,,LOSS,1,0,0.0,0.0,2026-09-01T12:02:18.042150+00:00,0.9,,,,2026-08-31T22:59:00Z,,,KXMUSKNW-26AUG31,KXMUSKNW,https://kalshi.com/markets/kxmusknw/kxmusknw-26aug31
cc8dc842,75501adc,2026-08-31,2026-08-31T14:25:19.846983+00:00,KXXRPD-26AUG3117-T1.2999,"Ripple price at Aug 31, 2026 at 5pm EDT?",paper,PASS,LOW,2,RESOLVE_FIRST,INTRADAY,0,,0,0.815,,,,,,,,Unscored,0,0,1,0,1,0,0,0,,,,,0,,,0,,,,,,,,,,,0,,LOSS,1,0,0.0,0.0,2026-09-01T12:02:18.415874+00:00,0.9,,,,2026-08-31T21:00:00Z,,,KXXRPD-26AUG3117,KXXRPD,https://kalshi.com/markets/kxxrpd/kxxrpd-26aug3117
7ba27304,b5179a6f,2026-09-01,2026-09-01T12:16:27.232507+00:00,KXRAIN-26SEP01-SEA,"Will it rain in Seattle on Sep 1, 2026?",paper,PASS,LOW,2,HEURISTIC,INTRADAY,0,Climate and Weather,0,0.06,0.1,0.04,0.33,0.326,,0.4,50,C,1,0,0,0,1,0,0,1,YES,200.0,weather,YES,1,0.214,NO,1,0.3333,,,,,,0.037,-0.023,0.92,YES,0,,LOSS,1,0,0.0,0.0,2026-09-03T15:33:38.212347+00:00,2.14,,,,2026-09-02T07:00:00Z,1670.38,1377.15,KXRAIN-26SEP01,KXRAIN,https://kalshi.com/markets/kxrain/kxrain-26sep01
687e6855,b5179a6f,2026-09-01,2026-09-01T12:16:27.239209+00:00,KXHIGHTSEA-26SEP01-T70,"Will the maximum temperature be <70° on Sep 1, 2026?",paper,PASS,LOW,2,DRIFT,INTRADAY,0,Climate and Weather,0,0.1,0.15,0.05,,,,,35,D,0,1,1,0,1,0,0,1,NO,130.01,,,1,0.323,NO,1,0.2,,,,,,,,-0.07,NO,0,,LOSS,1,0,0.0,0.0,2026-09-03T15:33:38.696584+00:00,2.14,,,,2026-09-02T08:00:00Z,2043.39,1049.41,KXHIGHTSEA-26SEP01,KXHIGHTSEA,https://kalshi.com/markets/kxhightsea/kxhightsea-26sep01
05ef0d47,b5179a6f,2026-09-01,2026-09-01T12:16:27.258963+00:00,KXLOWTDEN-26SEP01-B60.5,"Will the minimum temperature be 60-61° on Sep 1, 2026?",paper,PASS,LOW,2,DRIFT,INTRADAY,0,Climate and Weather,0,0.16,0.17,0.01,,,,,35,D,0,1,1,0,1,0,0,1,,100.0,,,1,0.082,NO,1,0.625,,,,,,,,0.03,YES,0,,LOSS,1,0,0.0,0.0,2026-09-02T13:59:45.808676+00:00,1.07,,,,2026-09-02T07:00:00Z,1265.7,545.0,KXLOWTDEN-26SEP01,KXLOWTDEN,https://kalshi.com/markets/kxlowtden/kxlowtden-26sep01
1b6263d5,b5179a6f,2026-09-01,2026-09-01T12:16:27.280984+00:00,KXLOWTLAX-26SEP01-T65,"Will the minimum temperature be >65° on Sep 1, 2026?",paper,PASS,LOW,2,DRIFT,INTRADAY,0,Climate and Weather,0,0.275,0.25,0.025,,,,,35,D,0,1,1,0,1,0,0,0,,,,,1,0.152,NO,1,1.5636,,,,,,,,-0.085,NO,0,,LOSS,1,0,0.0,0.0,2026-09-03T15:33:39.076082+00:00,2.14,,,,2026-09-02T08:00:00Z,1032.02,1009.16,KXLOWTLAX-26SEP01,KXLOWTLAX,https://kalshi.com/markets/kxlowtlax/kxlowtlax-26sep01
98fc6284,b5179a6f,2026-09-01,2026-09-01T12:16:27.293443+00:00,KXLOWTSFO-26SEP01-T59,"Will the minimum temperature be >59° on Sep 1, 2026?",paper,PASS,LOW,2,DRIFT,INTRADAY,0,Climate and Weather,0,0.37,0.3,0.07,,,,,35,D,0,1,1,0,1,0,0,0,,,,,1,0.208,NO,1,0.0541,,,,,,,,-0.18,NO,0,,LOSS,1,0,0.0,0.0,2026-09-03T15:33:39.452527+00:00,2.14,,,,2026-09-02T08:00:00Z,673.72,528.72,KXLOWTSFO-26SEP01,KXLOWTSFO,https://kalshi.com/markets/kxlowtsfo/kxlowtsfo-26sep01
8df9aa50,b5179a6f,2026-09-01,2026-09-01T12:16:27.306881+00:00,KXLOWTSEA-26SEP01-T56,"Will the minimum temperature be >56° on Sep 1, 2026?",paper,PASS,LOW,2,DRIFT,INTRADAY,0,Climate and Weather,0,0.25,0.22,0.03,,,,,35,D,0,1,1,0,1,0,0,0,,,,,1,0.075,NO,1,0.32,,,,,,,,-0.06,NO,0,,LOSS,1,0,0.0,0.0,2026-09-03T15:33:39.953263+00:00,2.14,,,,2026-09-02T08:00:00Z,569.19,470.06,KXLOWTSEA-26SEP01,KXLOWTSEA,https://kalshi.com/markets/kxlowtsea/kxlowtsea-26sep01
7f10023d,b5179a6f,2026-09-01,2026-09-01T12:16:27.324069+00:00,KXLOWTPHX-26SEP01-B78.5,"Will the minimum temperature be 78-79° on Sep 1, 2026?",paper,PASS,LOW,2,DRIFT,INTRADAY,0,Climate and Weather,0,0.33,0.25,0.08,,,,,35,D,0,1,1,0,1,0,0,0,,,,,1,0.143,NO,1,0.2424,,,,,,,,-0.14,NO,0,,LOSS,1,0,0.0,0.0,2026-09-03T15:33:40.530893+00:00,2.14,,,,2026-09-02T07:00:00Z,460.02,212.68,KXLOWTPHX-26SEP01,KXLOWTPHX,https://kalshi.com/markets/kxlowtphx/kxlowtphx-26sep01
c3de65ba,b5179a6f,2026-09-01,2026-09-01T12:16:27.352488+00:00,KXCS2MAP-26SEP010700BRUTEWRA-1-BRUTE,Brute wins map 1,paper,PASS,LOW,2,DRIFT,WEEKLY,1,Sports,0,0.15,0.15,0.0,,,,,35,D,0,1,1,0,1,0,0,1,NO,300.0,,,1,0.0,NO,1,0.4,,,,,,,,,,0,,LOSS,1,0,0.0,0.0,2026-09-01T22:11:33.789955+00:00,0.41,,,,2026-09-03T11:00:00Z,1492.92,1054.95,KXCS2MAP-26SEP010700BRUTEWRA-1,KXCS2MAP,https://kalshi.com/markets/kxcs2map/kxcs2map-26sep010700brutewra-1
52277cd9,b5179a6f,2026-09-01,2026-09-01T12:16:27.366388+00:00,KXCS2GAME-26SEP010800COLHOTU-COL,Color wins,paper,PASS,LOW,2,DRIFT,WEEKLY,1,Sports,0,0.325,0.33,0.005,,,,,35,D,0,1,1,0,1,0,0,1,YES,4981.0,,,1,0.316,NO,1,0.2769,,,,,,,,,,0,,LOSS,1,0,0.0,0.0,2026-09-01T22:11:34.145321+00:00,0.41,,,,2026-09-03T12:00:00Z,22247.76,19995.21,KXCS2GAME-26SEP010800COLHOTU,KXCS2GAME,https://kalshi.com/markets/kxcs2game/kxcs2game-26sep010800colhotu
8b4eb4e3,b5179a6f,2026-09-01,2026-09-01T12:16:27.377638+00:00,KXDOTA2GAME-26SEP010800LYNXIC-LYNX,Team Lynx wins,paper,PASS,LOW,2,DRIFT,WEEKLY,1,Sports,0,0.655,0.65,0.005,,,,,35,D,0,1,1,0,1,0,0,1,YES,676.14,,,0,0.404,,1,0.1679,,,,,,,,,,0,,LOSS,1,0,0.0,0.0,2026-09-01T22:11:34.512715+00:00,0.41,,,,2026-09-03T12:00:00Z,3078.07,2555.97,KXDOTA2GAME-26SEP010800LYNXIC,KXDOTA2GAME,https://kalshi.com/markets/kxdota2game/kxdota2game-26sep010800lynxic
b6ee1d62,b67ee7c7,2026-09-01,2026-09-01T21:38:52.450133+00:00,KXHIGHLAX-26SEP01-T76,"Will the maximum temperature be <76° on Sep 1, 2026?",paper,PASS,LOW,2,RESOLVE_FIRST,INTRADAY,0,,0,0.385,,,,,,,,Unscored,0,0,1,0,1,0,0,0,,,,,0,,,0,,,,,,,,,,,0,,LOSS,1,0,0.0,0.0,2026-09-03T15:33:40.953465+00:00,1.75,,,,2026-09-02T08:00:00Z,,,KXHIGHLAX-26SEP01,KXHIGHLAX,https://kalshi.com/markets/kxhighlax/kxhighlax-26sep01
8ee6a114,b67ee7c7,2026-09-01,2026-09-01T21:38:52.469531+00:00,KXHIGHTSEA-26SEP01-B70.5,"Will the maximum temperature be 70-71° on Sep 1, 2026?",paper,PASS,LOW,2,DRIFT,INTRADAY,0,,0,0.325,,,,,,,,Unscored,0,1,1,0,1,0,0,0,,,,,0,,,0,,,,,,,,,,,0,,LOSS,1,0,0.0,0.0,2026-09-03T15:33:41.373759+00:00,1.75,,,,2026-09-02T08:00:00Z,,,KXHIGHTSEA-26SEP01,KXHIGHTSEA,https://kalshi.com/markets/kxhightsea/kxhightsea-26sep01
078f0c0e,b67ee7c7,2026-09-01,2026-09-01T21:38:52.521635+00:00,KXRAIN-26SEP01-SFO,"Will it rain in San Francisco on Sep 1, 2026?",paper,YES,MED,1,HEURISTIC,INTRADAY,0,,1,0.165,0.4,0.23500000000000001,0.23,,,0.4,,Unscored,1,0,0,0,1,0,0,0,,,weather,YES,0,,,0,,,,,,,,,,,0,,LOSS,1,0,-0.165,-1.65,2026-09-03T15:33:41.791628+00:00,1.75,0.16,0.0272,-15.5,2026-09-02T07:00:00Z,,,KXRAIN-26SEP01,KXRAIN,https://kalshi.com/markets/kxrain/kxrain-26sep01
0eb0f35c,b67ee7c7,2026-09-01,2026-09-01T21:38:52.547102+00:00,KXCS2GAME-26SEP010700INNINF-INF,Infinite wins,paper,PASS,LOW,2,RESOLVE_FIRST,WEEKLY,1,,0,0.375,,,,,,,,Unscored,0,0,1,0,1,0,0,0,,,,,0,,,0,,,,,,,,,,,0,,LOSS,1,0,0.0,0.0,2026-09-01T22:11:35.935003+00:00,0.02,,,,2026-09-03T11:00:00Z,,,KXCS2GAME-26SEP010700INNINF,KXCS2GAME,https://kalshi.com/markets/kxcs2game/kxcs2game-26sep010700inninf
92897790,b67ee7c7,2026-09-01,2026-09-01T21:38:52.588751+00:00,KXCS2GAME-26SEP010630EPMIS-EP,eternal premium wins,paper,PASS,LOW,2,RESOLVE_FIRST,WEEKLY,1,,0,0.19,,,,,,,,Unscored,0,0,1,0,1,0,0,0,,,,,0,,,0,,,,,,,,,,,0,,LOSS,1,0,0.0,0.0,2026-09-01T22:11:36.282830+00:00,0.02,,,,2026-09-03T10:30:00Z,,,KXCS2GAME-26SEP010630EPMIS,KXCS2GAME,https://kalshi.com/markets/kxcs2game/kxcs2game-26sep010630epmis
7394bbf1,b67ee7c7,2026-09-01,2026-09-01T21:38:52.644229+00:00,KXCS2MAP-26SEP010700INNINF-2-INN,Inner Circle Academy wins map 2,paper,PASS,LOW,2,DRIFT,WEEKLY,1,,0,0.365,,,,,,,,Unscored,0,1,1,0,1,0,0,0,,,,,0,,,0,,,,,,,,,,,0,,LOSS,1,0,0.0,0.0,2026-09-01T22:11:36.648873+00:00,0.02,,,,2026-09-03T11:00:00Z,,,KXCS2MAP-26SEP010700INNINF-2,KXCS2MAP,https://kalshi.com/markets/kxcs2map/kxcs2map-26sep010700inninf-2
9ad7e905,b67ee7c7,2026-09-01,2026-09-01T21:38:52.667493+00:00,KXHIGHLAX-26SEP01-B76.5,"Will the maximum temperature be 76-77° on Sep 1, 2026?",paper,PASS,LOW,2,RESOLVE_FIRST,INTRADAY,0,,0,0.485,,,,,,,,Unscored,0,0,1,0,1,0,0,0,,,,,0,,,0,,,,,,,,,,,0,,LOSS,1,0,0.0,0.0,2026-09-03T15:33:42.157898+00:00,1.75,,,,2026-09-02T08:00:00Z,,,KXHIGHLAX-26SEP01,KXHIGHLAX,https://kalshi.com/markets/kxhighlax/kxhighlax-26sep01
0b9b34d2,b67ee7c7,2026-09-01,2026-09-01T21:38:52.685963+00:00,KXLOWTPHX-26SEP01-B80.5,"Will the minimum temperature be 80-81° on Sep 1, 2026?",paper,PASS,LOW,2,DRIFT,INTRADAY,0,,0,0.5449999999999999,,,,,,,,Unscored,0,1,1,0,1,0,0,0,,,,,0,,,0,,,,,,,,,,,0,,LOSS,1,0,0.0,0.0,2026-09-03T15:33:42.540929+00:00,1.75,,,,2026-09-02T07:00:00Z,,,KXLOWTPHX-26SEP01,KXLOWTPHX,https://kalshi.com/markets/kxlowtphx/kxlowtphx-26sep01
75956bd0,b67ee7c7,2026-09-01,2026-09-01T21:38:52.747244+00:00,KXCS2GAME-26SEP010700BRUTEWRA-BRUTE,Brute wins,paper,PASS,LOW,2,RESOLVE_FIRST,WEEKLY,1,,0,0.47,,,,,,,,Unscored,0,0,1,0,1,0,0,0,,,,,0,,,0,,,,,,,,,,,0,,LOSS,1,0,0.0,0.0,2026-09-01T22:11:37.701227+00:00,0.02,,,,2026-09-03T11:00:00Z,,,KXCS2GAME-26SEP010700BRUTEWRA,KXCS2GAME,https://kalshi.com/markets/kxcs2game/kxcs2game-26sep010700brutewra
b1518d21,b67ee7c7,2026-09-01,2026-09-01T21:38:52.799096+00:00,KXCS2TOTALMAPS-26SEP010800COLHOTU-3,Will over 2.5 maps be played in the Color vs. HOTU CS2 match?,paper,PASS,LOW,2,DRIFT,WEEKLY,1,,0,0.415,,,,,,,,Unscored,0,1,1,0,1,0,0,0,,,,,0,,,0,,,,,,,,,,,0,,LOSS,1,0,0.0,0.0,2026-09-01T22:11:38.051452+00:00,0.02,,,,2026-09-03T12:00:00Z,,,KXCS2TOTALMAPS-26SEP010800COLHOTU,KXCS2TOTALMAPS,https://kalshi.com/markets/kxcs2totalmaps/kxcs2totalmaps-26sep010800colhotu
ad5e49fc,b67ee7c7,2026-09-01,2026-09-01T21:38:52.839434+00:00,KXCS2GAME-26SEP010700BRUTEWRA-WRA,WRAITH PCIFIC wins,paper,PASS,LOW,2,DRIFT,WEEKLY,1,,0,0.535,,,,,,,,Unscored,0,1,1,0,1,0,0,0,,,,,0,,,0,,,,,,,,,,,0,,LOSS,1,0,0.0,0.0,2026-09-01T22:11:38.409870+00:00,0.02,,,,2026-09-03T11:00:00Z,,,KXCS2GAME-26SEP010700BRUTEWRA,KXCS2GAME,https://kalshi.com/markets/kxcs2game/kxcs2game-26sep010700brutewra
ee20df1a,b67ee7c7,2026-09-01,2026-09-01T21:38:52.868162+00:00,KXCS2GAME-26SEP020800EYEDEN-DEN,DENDELE CS wins,paper,PASS,LOW,2,RESOLVE_FIRST,WEEKLY,1,,0,0.585,,,,,,,,Unscored,0,0,1,0,1,0,0,0,,,,,0,,,0,,,,,,,,,,,0,,LOSS,1,0,0.0,0.0,2026-09-03T15:33:42.926148+00:00,1.75,,,,2026-09-04T12:00:00Z,,,KXCS2GAME-26SEP020800EYEDEN,KXCS2GAME,https://kalshi.com/markets/kxcs2game/kxcs2game-26sep020800eyeden
ec3ebdf8,b67ee7c7,2026-09-01,2026-09-01T21:38:52.897082+00:00,KXHIGHLAX-26SEP01-B78.5,"Will the maximum temperature be 78-79° on Sep 1, 2026?",paper,PASS,LOW,2,RESOLVE_FIRST,INTRADAY,0,,0,0.125,,,,,,,,Unscored,0,0,1,0,1,0,0,0,,,,,0,,,0,,,,,,,,,,,0,,LOSS,1,0,0.0,0.0,2026-09-03T15:33:43.327008+00:00,1.75,,,,2026-09-02T08:00:00Z,,,KXHIGHLAX-26SEP01,KXHIGHLAX,https://kalshi.com/markets/kxhighlax/kxhighlax-26sep01
ad12662b,b67ee7c7,2026-09-01,2026-09-01T21:38:52.950824+00:00,KXHIGHDEN-26SEP01-T88,"Will the maximum temperature be >88° on Sep 1, 2026?",paper,PASS,LOW,2,RESOLVE_FIRST,INTRADAY,0,,0,0.07500000000000001,,,,,,,,Unscored,0,0,1,0,1,0,0,0,,,,,0,,,0,,,,,,,,,,,0,,LOSS,1,0,0.0,0.0,2026-09-02T14:02:38.764426+00:00,0.68,,,,2026-09-02T07:00:00Z,,,KXHIGHDEN-26SEP01,KXHIGHDEN,https://kalshi.com/markets/kxhighden/kxhighden-26sep01
3970bd16,b67ee7c7,2026-09-01,2026-09-01T21:38:52.974802+00:00,KXHIGHTLV-26SEP01-B98.5,"Will the maximum temperature be 98-99° on Sep 1, 2026?",paper,PASS,LOW,2,RESOLVE_FIRST,INTRADAY,0,,0,0.13,,,,,,,,Unscored,0,0,1,0,1,0,0,0,,,,,0,,,0,,,,,,,,,,,0,,LOSS,1,0,0.0,0.0,2026-09-03T15:33:43.756776+00:00,1.75,,,,2026-09-02T08:00:00Z,,,KXHIGHTLV-26SEP01,KXHIGHTLV,https://kalshi.com/markets/kxhightlv/kxhightlv-26sep01
9d844710,b67ee7c7,2026-09-01,2026-09-01T21:38:53.025989+00:00,KXRAIN-26SEP01-DEN,"Will it rain in Denver on Sep 1, 2026?",paper,YES,MED,1,HEURISTIC,INTRADAY,0,,1,0.125,0.4,0.275,0.27,,,0.4,,Unscored,1,0,0,0,1,0,0,0,,,weather,YES,0,,,0,,,,,,,,,,,0,,LOSS,1,0,-0.125,-1.25,2026-09-03T15:33:45.656895+00:00,1.75,0.16,0.0156,-10.5,2026-09-02T06:00:00Z,,,KXRAIN-26SEP01,KXRAIN,https://kalshi.com/markets/kxrain/kxrain-26sep01
29ee2244,b67ee7c7,2026-09-01,2026-09-01T21:38:53.047583+00:00,KXRAIN-26SEP01-PHX,"Will it rain in Phoenix on Sep 1, 2026?",paper,YES,MED,1,HEURISTIC,INTRADAY,0,,1,0.07500000000000001,0.4,0.325,0.32,,,0.4,,Unscored,1,0,0,0,1,0,0,0,,,weather,YES,0,,,0,,,,,,,,,,,0,,LOSS,1,0,-0.075,-0.75,2026-09-03T15:33:46.107117+00:00,1.75,0.16,0.0056,-6.5,2026-09-02T07:00:00Z,,,KXRAIN-26SEP01,KXRAIN,https://kalshi.com/markets/kxrain/kxrain-26sep01
b0c95bd4,b67ee7c7,2026-09-01,2026-09-01T21:38:53.092747+00:00,KXHIGHTSFO-26SEP01-B67.5,"Will the maximum temperature be 67-68° on Sep 1, 2026?",paper,PASS,LOW,2,DRIFT,INTRADAY,0,,0,0.1,,,,,,,,Unscored,0,1,1,0,1,0,0,0,,,,,0,,,0,,,,,,,,,,,0,,LOSS,1,0,0.0,0.0,2026-09-03T15:33:46.500741+00:00,1.75,,,,2026-09-02T08:00:00Z,,,KXHIGHTSFO-26SEP01,KXHIGHTSFO,https://kalshi.com/markets/kxhightsfo/kxhightsfo-26sep01
198c3bf2,b67ee7c7,2026-09-01,2026-09-01T21:38:53.121573+00:00,KXLOWTDEN-26SEP01-B62.5,"Will the minimum temperature be 62-63° on Sep 1, 2026?",paper,PASS,LOW,2,DRIFT,INTRADAY,0,,0,0.060000000000000005,,,,,,,,Unscored,0,1,1,0,1,0,0,0,,,,,0,,,0,,,,,,,,,,,0,,LOSS,1,0,0.0,0.0,2026-09-02T13:59:57.577586+00:00,0.68,,,,2026-09-02T07:00:00Z,,,KXLOWTDEN-26SEP01,KXLOWTDEN,https://kalshi.com/markets/kxlowtden/kxlowtden-26sep01
88c1b978,b67ee7c7,2026-09-01,2026-09-01T21:38:53.142804+00:00,KXCS2GAME-26SEP010700INNINF-INN,Inner Circle Academy wins,paper,PASS,LOW,2,RESOLVE_FIRST,WEEKLY,1,,0,0.615,,,,,,,,Unscored,0,0,1,0,1,0,0,0,,,,,0,,,0,,,,,,,,,,,0,,LOSS,1,0,0.0,0.0,2026-09-01T22:11:41.534831+00:00,0.02,,,,2026-09-03T11:00:00Z,,,KXCS2GAME-26SEP010700INNINF,KXCS2GAME,https://kalshi.com/markets/kxcs2game/kxcs2game-26sep010700inninf
e241e88e,b67ee7c7,2026-09-01,2026-09-01T21:38:53.160786+00:00,KXCS2GAME-26SEP010800COLHOTU-HOTU,HOTU wins,paper,PASS,LOW,2,RESOLVE_FIRST,WEEKLY,1,,0,0.6599999999999999,,,,,,,,Unscored,0,0,1,0,1,0,0,0,,,,,0,,,0,,,,,,,,,,,0,,LOSS,1,0,0.0,0.0,2026-09-01T22:11:41.884614+00:00,0.02,,,,2026-09-03T12:00:00Z,,,KXCS2GAME-26SEP010800COLHOTU,KXCS2GAME,https://kalshi.com/markets/kxcs2game/kxcs2game-26sep010800colhotu
5c3c6e2f,b67ee7c7,2026-09-01,2026-09-01T21:38:53.188492+00:00,KXCS2GAME-26SEP010630EPMIS-MIS,Misa Esports wins,paper,PASS,LOW,2,RESOLVE_FIRST,WEEKLY,1,,0,0.815,,,,,,,,Unscored,0,0,1,0,1,0,0,0,,,,,0,,,0,,,,,,,,,,,0,,LOSS,1,0,0.0,0.0,2026-09-01T22:11:42.261521+00:00,0.02,,,,2026-09-03T10:30:00Z,,,KXCS2GAME-26SEP010630EPMIS,KXCS2GAME,https://kalshi.com/markets/kxcs2game/kxcs2game-26sep010630epmis
c90966cf,b67ee7c7,2026-09-01,2026-09-01T21:38:53.247965+00:00,KXCS2TOTALMAPS-26SEP010700BRUTEWRA-3,Will over 2.5 maps be played in the Brute vs. WRAITH PCIFIC CS2 match?,paper,PASS,LOW,2,DRIFT,WEEKLY,1,,0,0.6499999999999999,,,,,,,,Unscored,0,1,1,0,1,0,0,0,,,,,0,,,0,,,,,,,,,,,0,,LOSS,1,0,0.0,0.0,2026-09-01T22:11:42.632304+00:00,0.02,,,,2026-09-03T11:00:00Z,,,KXCS2TOTALMAPS-26SEP010700BRUTEWRA,KXCS2TOTALMAPS,https://kalshi.com/markets/kxcs2totalmaps/kxcs2totalmaps-26sep010700brutewra
8c087725,b67ee7c7,2026-09-01,2026-09-01T21:38:53.370746+00:00,KXCS2MAP-26SEP010700BRUTEWRA-2-BRUTE,Brute wins map 2,paper,PASS,LOW,2,DRIFT,WEEKLY,1,,0,0.6499999999999999,,,,,,,,Unscored,0,1,1,0,1,0,0,0,,,,,0,,,0,,,,,,,,,,,0,,LOSS,1,0,0.0,0.0,2026-09-01T22:11:42.999446+00:00,0.02,,,,2026-09-03T11:00:00Z,,,KXCS2MAP-26SEP010700BRUTEWRA-2,KXCS2MAP,https://kalshi.com/markets/kxcs2map/kxcs2map-26sep010700brutewra-2
caaec423,865ba8a5,2026-09-01,2026-09-01T22:15:05.218326+00:00,KXSILVERD-26SEP0217-T64,"Will the silver close price be above 64 USD/t.oz on September 02, 2026 at 5:00 PM EDT?",paper,PASS,LOW,2,DRIFT,INTRADAY,0,Commodities,0,0.525,0.57,0.045,,,,,35,D,0,1,1,0,1,0,0,1,YES,170.31,,,0,0.499,,1,0.0571,,,,,,,,,,0,,LOSS,1,0,0.0,0.0,2026-09-03T15:33:46.974101+00:00,1.72,,,,2026-09-02T21:00:00Z,243.6,186.6,KXSILVERD-26SEP0217,KXSILVERD,https://kalshi.com/markets/kxsilverd/kxsilverd-26sep0217
fe9f3bc6,865ba8a5,2026-09-01,2026-09-01T22:15:05.222890+00:00,KXNBARETIRE-KLEONARD2-2627,Will Kawhi Leonard announce his retirement before the 2026-27 NBA season?,paper,PASS,LOW,2,HEURISTIC,QUARTERLY,3,Sports,0,0.07,0.05,0.02,0.23,0.225,,0.3,55,B,1,0,0,0,0,0,0,0,,,athlete retirement,YES,1,0.0,NO,0,,,,,,,,,0.1478,YES,0,,,0,,,,,,,,,2026-11-15T04:59:00Z,541.0,467.25,KXNBARETIRE-KLEONARD2,KXNBARETIRE,https://kalshi.com/markets/kxnbaretire/kxnbaretire-kleonard2
4607f807,865ba8a5,2026-09-01,2026-09-01T22:15:05.247405+00:00,KXCABLEAVE-26MAY22-26OCT,Will any member of Trump's Cabinet leave before Oct 2026?,paper,PASS,LOW,2,HEURISTIC,QUARTERLY,3,Politics,0,0.345,0.28,0.065,0.28,0.264,,0.65,64,B,1,0,0,0,0,0,0,0,,,cabinet departure,YES,1,0.76,YES,1,0.1449,,,,,,0.0195,-0.3255,-0.155,NO,0,,,0,,,,,,,,,2026-10-02T03:59:00Z,3692.05,2253.37,KXCABLEAVE-26MAY22,KXCABLEAVE,https://kalshi.com/markets/kxcableave/kxcableave-26may22
c53a2177,865ba8a5,2026-09-01,2026-09-01T22:15:05.269864+00:00,KXMLBDEBUT-JMADE-26NOV01,"Will Jesús Made play in a game for any team in the MLB before Nov 1, 2026?",paper,PASS,LOW,2,DRIFT,QUARTERLY,3,Sports,0,0.14,0.1,0.04,0.17,0.161,,0.35,50,C,1,1,0,0,0,0,0,0,,,sports debut,YES,1,0.226,NO,1,0.5714,,,,,,,,-0.06,NO,0,,,0,,,,,,,,,2026-11-01T04:59:00Z,374.36,77.12,KXMLBDEBUT-JMADE,KXMLBDEBUT,https://kalshi.com/markets/kxmlbdebut/kxmlbdebut-jmade
cea8aedc,865ba8a5,2026-09-01,2026-09-01T22:15:05.289254+00:00,KXMLBDEBUT-SWALCOTT-26NOV01,"Will Sebastian Walcott play in a game for any team in the MLB before Nov 1, 2026?",paper,PASS,LOW,2,HEURISTIC,QUARTERLY,3,Sports,0,0.08,0.05,0.03,0.25,0.244,,0.35,55,B,1,0,0,0,0,0,0,0,,,sports debut,YES,1,0.034,NO,1,0.5,,,,,,,,0.65,YES,0,,,0,,,,,,,,,2026-11-01T04:59:00Z,731.3,205.0,KXMLBDEBUT-SWALCOTT,KXMLBDEBUT,https://kalshi.com/markets/kxmlbdebut/kxmlbdebut-swalcott
5fa80fe0,865ba8a5,2026-09-01,2026-09-01T22:15:05.314809+00:00,KXRECOGSOMALI-29-27,Will Trump recognize Somaliland?,paper,PASS,LOW,2,HEURISTIC,LONG,4,Politics,0,0.096,0.08,0.016,0.18,0.173,,0.3,55,B,1,0,0,0,0,0,0,1,NO,250.0,diplomatic recognition,YES,1,0.053,NO,1,0.5131,,,,,,0.06,-0.0355,0.3245,YES,0,,,0,,,,,,,,,2027-01-01T15:00:00Z,9666.49,3872.46,KXRECOGSOMALI-29,KXRECOGSOMALI,https://kalshi.com/markets/kxrecogsomali/kxrecogsomali-29
131b4833,865ba8a5,2026-09-01,2026-09-01T22:15:05.336757+00:00,KXFDAAPPROVE-MDMA-27JAN01,"Will the FDA approve midomafetamine / MDMA for PTSD before Jan 1, 2027?",paper,PASS,LOW,2,HEURISTIC,LONG,4,Science and Technology,0,0.105,0.04,0.065,0.28,0.273,,0.4,55,B,1,0,0,0,0,0,0,1,NO,193.62,FDA approval,YES,1,0.214,NO,1,0.2857,,,,,,,,-0.055,NO,0,,,0,,,,,,,,,2027-01-01T04:59:00Z,900.23,559.56,KXFDAAPPROVE-MDMA,KXFDAAPPROVE,https://kalshi.com/markets/kxfdaapprove/kxfdaapprove-mdma
73e8d5a5,865ba8a5,2026-09-01,2026-09-01T22:15:05.357440+00:00,KXAGICO-COMP-26Q4,"Will any company announce that it has achieved Artificial General Intelligence (AGI) before Jan 1, 2027?",paper,PASS,LOW,2,HEURISTIC,LONG,4,Companies,0,0.145,0.09,0.055,0.08,0.071,,0.25,51,C,1,0,0,0,0,0,0,1,YES,1669.94,AI model release,YES,1,0.744,YES,1,0.3448,,,,,,0.165,0.02,-0.055,NO,0,,,0,,,,,,,,,2027-01-01T04:59:00Z,14079.98,5450.33,KXAGICO-COMP,KXAGICO,https://kalshi.com/markets/kxagico/kxagico-comp
c47f8063,64c5152d,2026-09-02,2026-09-02T13:58:50.338664+00:00,KXSOLD-26SEP0217-T101.9999,"SOL price on Sep 2, 2026?",paper,PASS,LOW,2,RESOLVE_FIRST,INTRADAY,0,Crypto,0,0.20500000000000002,,,,,,,,Unscored,0,0,1,0,1,0,0,0,,,,,0,,,0,,,,,,,,,,,0,,LOSS,1,0,0.0,0.0,2026-09-03T15:33:50.436949+00:00,1.07,,,,2026-09-02T21:00:00Z,,,KXSOLD-26SEP0217,KXSOLD,https://kalshi.com/markets/kxsold/kxsold-26sep0217
6ec6dfc9,64c5152d,2026-09-02,2026-09-02T13:58:50.886325+00:00,KXSILVERD-26SEP0217-T65.50,"Will the silver close price be above 65.50 USD/t.oz on September 02, 2026 at 5:00 PM EDT?",paper,PASS,LOW,2,DRIFT,INTRADAY,0,Commodities,0,0.16,,,,,,,,Unscored,0,1,1,0,1,0,0,0,,,,,0,,,0,,,,,,,,,,,0,,LOSS,1,0,0.0,0.0,2026-09-03T15:33:52.216740+00:00,1.07,,,,2026-09-02T21:00:00Z,,,KXSILVERD-26SEP0217,KXSILVERD,https://kalshi.com/markets/kxsilverd/kxsilverd-26sep0217
780238e2,64c5152d,2026-09-02,2026-09-02T13:58:51.376140+00:00,KXSILVERD-26SEP0217-T63.75,"Will the silver close price be above 63.75 USD/t.oz on September 02, 2026 at 5:00 PM EDT?",paper,PASS,LOW,2,RESOLVE_FIRST,INTRADAY,0,Commodities,0,0.59,,,,,,,,Unscored,0,0,1,0,1,0,0,0,,,,,0,,,0,,,,,,,,,,,0,,LOSS,1,0,0.0,0.0,2026-09-03T15:33:52.776916+00:00,1.07,,,,2026-09-02T21:00:00Z,,,KXSILVERD-26SEP0217,KXSILVERD,https://kalshi.com/markets/kxsilverd/kxsilverd-26sep0217
54db1f63,64c5152d,2026-09-02,2026-09-02T13:58:51.544607+00:00,KXXRPD-26SEP0217-T1.3999,"Ripple price at Sep 2, 2026 at 5pm EDT?",paper,PASS,LOW,2,RESOLVE_FIRST,INTRADAY,0,Crypto,0,0.13,,,,,,,,Unscored,0,0,1,0,1,0,0,0,,,,,0,,,0,,,,,,,,,,,0,,LOSS,1,0,0.0,0.0,2026-09-03T15:33:53.137296+00:00,1.07,,,,2026-09-02T21:00:00Z,,,KXXRPD-26SEP0217,KXXRPD,https://kalshi.com/markets/kxxrpd/kxxrpd-26sep0217
1747a8f1,64c5152d,2026-09-02,2026-09-02T13:58:51.776830+00:00,KXSILVERD-26SEP0217-T66.50,"Will the silver close price be above 66.50 USD/t.oz on September 02, 2026 at 5:00 PM EDT?",paper,PASS,LOW,2,DRIFT,INTRADAY,0,Commodities,0,0.07,,,,,,,,Unscored,0,1,1,0,1,0,0,0,,,,,0,,,0,,,,,,,,,,,0,,LOSS,1,0,0.0,0.0,2026-09-03T15:33:53.529290+00:00,1.07,,,,2026-09-02T21:00:00Z,,,KXSILVERD-26SEP0217,KXSILVERD,https://kalshi.com/markets/kxsilverd/kxsilverd-26sep0217
6c52fb49,64c5152d,2026-09-02,2026-09-02T13:58:51.964966+00:00,KXSILVERD-26SEP0217-T66.25,"Will the silver close price be above 66.25 USD/t.oz on September 02, 2026 at 5:00 PM EDT?",paper,PASS,LOW,2,DRIFT,INTRADAY,0,Commodities,0,0.08,,,,,,,,Unscored,0,1,1,0,1,0,0,0,,,,,0,,,0,,,,,,,,,,,0,,LOSS,1,0,0.0,0.0,2026-09-03T15:33:53.918544+00:00,1.07,,,,2026-09-02T21:00:00Z,,,KXSILVERD-26SEP0217,KXSILVERD,https://kalshi.com/markets/kxsilverd/kxsilverd-26sep0217
902118ed,64c5152d,2026-09-02,2026-09-02T13:58:52.394374+00:00,KXSILVERD-26SEP0217-T66,"Will the silver close price be above 66 USD/t.oz on September 02, 2026 at 5:00 PM EDT?",paper,PASS,LOW,2,DRIFT,INTRADAY,0,Commodities,0,0.11,,,,,,,,Unscored,0,1,1,0,1,0,0,0,,,,,0,,,0,,,,,,,,,,,0,,LOSS,1,0,0.0,0.0,2026-09-03T15:33:54.284139+00:00,1.07,,,,2026-09-02T21:00:00Z,,,KXSILVERD-26SEP0217,KXSILVERD,https://kalshi.com/markets/kxsilverd/kxsilverd-26sep0217
c9b848ed,64c5152d,2026-09-02,2026-09-02T13:58:52.899812+00:00,KXSILVERD-26SEP0217-T63.50,"Will the silver close price be above 63.50 USD/t.oz on September 02, 2026 at 5:00 PM EDT?",paper,PASS,LOW,2,DRIFT,INTRADAY,0,Commodities,0,0.66,,,,,,,,Unscored,0,1,1,0,1,0,0,0,,,,,0,,,0,,,,,,,,,,,0,,LOSS,1,0,0.0,0.0,2026-09-03T15:33:54.653427+00:00,1.07,,,,2026-09-02T21:00:00Z,,,KXSILVERD-26SEP0217,KXSILVERD,https://kalshi.com/markets/kxsilverd/kxsilverd-26sep0217
6bee76aa,64c5152d,2026-09-02,2026-09-02T13:58:53.392608+00:00,KXSILVERD-26SEP0217-T63.25,"Will the silver close price be above 63.25 USD/t.oz on September 02, 2026 at 5:00 PM EDT?",paper,PASS,LOW,2,DRIFT,INTRADAY,0,Commodities,0,0.71,,,,,,,,Unscored,0,1,1,0,1,0,0,0,,,,,0,,,0,,,,,,,,,,,0,,LOSS,1,0,0.0,0.0,2026-09-03T15:33:55.018481+00:00,1.07,,,,2026-09-02T21:00:00Z,,,KXSILVERD-26SEP0217,KXSILVERD,https://kalshi.com/markets/kxsilverd/kxsilverd-26sep0217
d8acd0c5,64c5152d,2026-09-02,2026-09-02T13:58:53.975286+00:00,KXSILVERD-26SEP0217-T63,"Will the silver close price be above 63 USD/t.oz on September 02, 2026 at 5:00 PM EDT?",paper,PASS,LOW,2,RESOLVE_FIRST,INTRADAY,0,Commodities,0,0.77,,,,,,,,Unscored,0,0,1,0,1,0,0,0,,,,,0,,,0,,,,,,,,,,,0,,LOSS,1,0,0.0,0.0,2026-09-03T15:33:55.469490+00:00,1.07,,,,2026-09-02T21:00:00Z,,,KXSILVERD-26SEP0217,KXSILVERD,https://kalshi.com/markets/kxsilverd/kxsilverd-26sep0217
a87d6b09,557d811e,2026-09-02,2026-09-02T14:11:47.092853+00:00,KXRAIN-26SEP02-DEN,"Will it rain in Denver on Sep 2, 2026?",paper,PASS,LOW,2,HEURISTIC,INTRADAY,0,Climate and Weather,0,0.15,0.11,-0.04,0.24,0.231,,0.4,50,C,1,0,0,0,1,0,0,1,YES,126.0,weather,YES,1,0.7,YES,1,0.1333,,,,,,0.0365,-0.1135,-0.03,NO,0,,LOSS,1,0,0.0,0.0,2026-09-03T15:33:55.868414+00:00,1.06,,,,2026-09-03T06:00:00Z,424.14,376.03,KXRAIN-26SEP02,KXRAIN,https://kalshi.com/markets/kxrain/kxrain-26sep02
542ff18b,557d811e,2026-09-02,2026-09-02T14:11:47.096848+00:00,KXHIGHTSATX-26SEP02-B102.5,"Will the maximum temperature be 102-103° on Sep 2, 2026?",paper,PASS,LOW,2,DRIFT,INTRADAY,0,Climate and Weather,0,0.105,0.09,-0.015,,,,,35,D,0,1,1,0,1,0,0,1,NO,1627.0,,,1,0.263,NO,1,0.4762,,,,,,,,-0.075,NO,0,,LOSS,1,0,0.0,0.0,2026-09-03T15:33:56.249262+00:00,1.06,,,,2026-09-03T06:00:00Z,3797.1,3410.97,KXHIGHTSATX-26SEP02,KXHIGHTSATX,https://kalshi.com/markets/kxhightsatx/kxhightsatx-26sep02
ff9e6cc4,557d811e,2026-09-02,2026-09-02T14:11:47.117039+00:00,KXHIGHTDAL-26SEP02-B96.5,"Will the maximum temperature be 96-97° on Sep 2, 2026?",paper,PASS,LOW,2,DRIFT,INTRADAY,0,Climate and Weather,0,0.055,0.05,-0.005,,,,,35,D,0,1,1,0,1,0,0,1,NO,250.0,,,1,0.277,NO,1,0.1818,,,,,,,,-0.025,NO,0,,LOSS,1,0,0.0,0.0,2026-09-03T15:33:56.622420+00:00,1.06,,,,2026-09-03T06:00:00Z,4734.2,3004.05,KXHIGHTDAL-26SEP02,KXHIGHTDAL,https://kalshi.com/markets/kxhightdal/kxhightdal-26sep02
917f4f68,557d811e,2026-09-02,2026-09-02T14:11:47.138007+00:00,KXLOLMAP-26SEP010900TPWLG-3-WLG,WLGaming Esports wins map 3,paper,PASS,LOW,2,DRIFT,INTRADAY,0,Sports,0,0.425,0.43,0.005,,,,,35,D,0,1,1,0,1,0,0,1,YES,107.0,,,1,0.321,NO,1,0.2588,,,,,,,,,,0,,LOSS,1,0,0.0,0.0,2026-09-03T15:33:57.123385+00:00,1.06,,,,2026-09-03T13:00:00Z,2588.55,1411.47,KXLOLMAP-26SEP010900TPWLG-3,KXLOLMAP,https://kalshi.com/markets/kxlolmap/kxlolmap-26sep010900tpwlg-3
2c48dd22,557d811e,2026-09-02,2026-09-02T14:11:47.159570+00:00,KXCHAICUTS-26SEP03-T1,Will “Artificial Intelligence” be the #1 reason for job cuts in Challenger’s August 2026 report?,paper,PASS,MED,1,HEURISTIC,INTRADAY,0,Economics,0,0.755,0.83,0.075,0.38,0.367,,0.35,55,B,1,0,0,0,1,0,0,1,YES,356.0,mass layoffs,NO,0,0.644,,1,0.0662,,,,,,,,,,0,,LOSS,1,0,0.0,0.0,2026-09-03T15:33:57.515849+00:00,1.06,,,,2026-09-03T09:29:00Z,2306.25,2045.66,KXCHAICUTS-26SEP03,KXCHAICUTS,https://kalshi.com/markets/kxchaicuts/kxchaicuts-26sep03
0f60dfbb,557d811e,2026-09-02,2026-09-02T14:11:47.178489+00:00,KXLOWTDEN-26SEP02-B58.5,"Will the minimum temperature be 58-59° on Sep 2, 2026?",paper,PASS,LOW,2,DRIFT,INTRADAY,0,Climate and Weather,0,0.405,0.4,-0.005,,,,,35,D,0,1,1,0,1,0,0,1,,55.0,,,0,0.475,,1,0.2222,,,,,,,,-0.215,NO,0,,LOSS,1,0,0.0,0.0,2026-09-03T15:33:57.935804+00:00,1.06,,,,2026-09-03T07:00:00Z,1951.42,1134.5,KXLOWTDEN-26SEP02,KXLOWTDEN,https://kalshi.com/markets/kxlowtden/kxlowtden-26sep02
27f49986,557d811e,2026-09-02,2026-09-02T14:11:47.200112+00:00,KXLOLMAP-26SEP010900TPWLG-2-WLG,WLGaming Esports wins map 2,paper,PASS,LOW,2,DRIFT,INTRADAY,0,Sports,0,0.415,0.42,0.005,,,,,35,D,0,1,1,0,1,0,0,1,NO,100.0,,,1,0.246,NO,1,0.3614,,,,,,,,,,0,,LOSS,1,0,0.0,0.0,2026-09-03T15:33:58.310890+00:00,1.06,,,,2026-09-03T13:00:00Z,3740.33,1082.74,KXLOLMAP-26SEP010900TPWLG-2,KXLOLMAP,https://kalshi.com/markets/kxlolmap/kxlolmap-26sep010900tpwlg-2
a450f202,557d811e,2026-09-02,2026-09-02T14:11:47.218524+00:00,KXLOWTHOU-26SEP02-B78.5,"Will the minimum temperature be 78-79° on Sep 2, 2026?",paper,PASS,LOW,2,DRIFT,INTRADAY,0,Climate and Weather,0,0.105,0.11,0.005,,,,,35,D,0,1,1,0,1,0,0,0,,,,,1,0.072,NO,1,1.2381,,,,,,,,0.085,YES,0,,LOSS,1,0,0.0,0.0,2026-09-03T15:33:58.699174+00:00,1.06,,,,2026-09-03T06:00:00Z,687.63,555.12,KXLOWTHOU-26SEP02,KXLOWTHOU,https://kalshi.com/markets/kxlowthou/kxlowthou-26sep02
87f79758,557d811e,2026-09-02,2026-09-02T14:11:47.236853+00:00,KXLOWTDAL-26SEP02-B77.5,"Will the minimum temperature be 77-78° on Sep 2, 2026?",paper,PASS,LOW,2,DRIFT,INTRADAY,0,Climate and Weather,0,0.065,0.06,-0.005,,,,,35,D,0,1,1,0,1,0,0,0,,,,,1,0.126,NO,1,1.3846,,,,,,,,0.125,YES,0,,LOSS,1,0,0.0,0.0,2026-09-03T15:33:59.080817+00:00,1.06,,,,2026-09-03T06:00:00Z,628.23,270.24,KXLOWTDAL-26SEP02,KXLOWTDAL,https://kalshi.com/markets/kxlowtdal/kxlowtdal-26sep02
f5da512d,557d811e,2026-09-02,2026-09-02T14:11:47.260950+00:00,KXCONTCLAIMS-26SEP03-T1790,"Will U.S. seasonally adjusted continuing unemployment insurance claims for the week ending Aug 22, 2026 be at least 1790K?",paper,PASS,MED,1,HEURISTIC,INTRADAY,0,Economics,0,0.285,0.33,0.045,0.17,0.155,,0.5,55,B,1,0,0,0,1,0,0,0,,,employment data,YES,0,0.443,,1,0.3158,,,,,,,,,,0,,LOSS,1,0,0.0,0.0,2026-09-03T15:33:59.458669+00:00,1.06,,,,2026-09-03T12:29:00Z,50.0,50.0,KXCONTCLAIMS-26SEP03,KXCONTCLAIMS,https://kalshi.com/markets/kxcontclaims/kxcontclaims-26sep03
58c0b52a,823c16cb,2026-09-02,2026-09-02T14:18:47.558360+00:00,KXRAIN-26SEP02-DEN,"Will it rain in Denver on Sep 2, 2026?",paper,PASS,LOW,2,HEURISTIC,INTRADAY,0,Climate and Weather,0,0.15,0.22,0.07,0.24,0.231,,0.4,50,C,1,0,0,0,1,0,0,1,YES,126.0,weather,YES,1,0.7,YES,1,0.1333,,,,,,0.0365,-0.1135,-0.03,NO,0,,LOSS,1,0,0.0,0.0,2026-09-03T15:33:59.845622+00:00,1.05,,,,2026-09-03T06:00:00Z,424.14,376.03,KXRAIN-26SEP02,KXRAIN,https://kalshi.com/markets/kxrain/kxrain-26sep02
1726bb7e,823c16cb,2026-09-02,2026-09-02T14:18:47.596148+00:00,KXHIGHTSATX-26SEP02-B102.5,"Will the maximum temperature be 102-103° on Sep 2, 2026?",paper,PASS,LOW,2,DRIFT,INTRADAY,0,Climate and Weather,0,0.085,0.08,0.005,,,,,35,D,0,1,1,0,1,0,0,1,NO,1627.0,,,1,0.245,NO,1,0.1176,,,,,,,,-0.055,NO,0,,LOSS,1,0,0.0,0.0,2026-09-03T15:34:00.393619+00:00,1.05,,,,2026-09-03T06:00:00Z,3797.1,3410.97,KXHIGHTSATX-26SEP02,KXHIGHTSATX,https://kalshi.com/markets/kxhightsatx/kxhightsatx-26sep02
957c768e,823c16cb,2026-09-02,2026-09-02T14:18:48.295607+00:00,KXCHAICUTS-26SEP03-T1,Will “Artificial Intelligence” be the #1 reason for job cuts in Challenger’s August 2026 report?,paper,PASS,MED,1,HEURISTIC,INTRADAY,0,Economics,0,0.755,0.8,0.045,0.38,0.367,,0.35,55,B,1,0,0,0,1,0,0,1,YES,356.0,mass layoffs,NO,0,0.644,,1,0.0662,,,,,,,,,,0,,LOSS,1,0,0.0,0.0,2026-09-03T15:34:00.875435+00:00,1.05,,,,2026-09-03T09:29:00Z,2306.25,2045.66,KXCHAICUTS-26SEP03,KXCHAICUTS,https://kalshi.com/markets/kxchaicuts/kxchaicuts-26sep03
22ca5ab1,823c16cb,2026-09-02,2026-09-02T14:18:48.395718+00:00,KXLOLMAP-26SEP010900TPWLG-3-WLG,WLGaming Esports wins map 3,paper,PASS,LOW,2,DRIFT,INTRADAY,0,Sports,0,0.425,0.43,0.005,,,,,35,D,0,1,1,0,1,0,0,1,YES,107.0,,,0,0.36,,1,0.2588,,,,,,,,,,0,,LOSS,1,0,0.0,0.0,2026-09-03T15:34:01.244999+00:00,1.05,,,,2026-09-03T13:00:00Z,2588.55,1411.47,KXLOLMAP-26SEP010900TPWLG-3,KXLOLMAP,https://kalshi.com/markets/kxlolmap/kxlolmap-26sep010900tpwlg-3
9bc7c9a4,823c16cb,2026-09-02,2026-09-02T14:18:48.439966+00:00,KXLOLMAP-26SEP010900TPWLG-2-WLG,WLGaming Esports wins map 2,paper,PASS,LOW,2,DRIFT,INTRADAY,0,Sports,0,0.415,0.42,0.005,,,,,35,D,0,1,1,0,1,0,0,1,NO,100.0,,,1,0.295,NO,1,0.3614,,,,,,,,,,0,,LOSS,1,0,0.0,0.0,2026-09-03T15:34:01.634650+00:00,1.05,,,,2026-09-03T13:00:00Z,3740.33,1082.74,KXLOLMAP-26SEP010900TPWLG-2,KXLOLMAP,https://kalshi.com/markets/kxlolmap/kxlolmap-26sep010900tpwlg-2
f6089b93,823c16cb,2026-09-02,2026-09-02T14:18:48.471952+00:00,KXLOWTDEN-26SEP02-B58.5,"Will the minimum temperature be 58-59° on Sep 2, 2026?",paper,PASS,LOW,2,DRIFT,INTRADAY,0,Climate and Weather,0,0.405,0.4,0.005,,,,,35,D,0,1,1,0,1,0,0,1,,55.0,,,0,0.48,,1,0.2222,,,,,,,,-0.215,NO,0,,LOSS,1,0,0.0,0.0,2026-09-03T15:34:01.992430+00:00,1.05,,,,2026-09-03T07:00:00Z,1951.42,1134.5,KXLOWTDEN-26SEP02,KXLOWTDEN,https://kalshi.com/markets/kxlowtden/kxlowtden-26sep02
2af41c54,823c16cb,2026-09-02,2026-09-02T14:18:48.559805+00:00,KXLOWTHOU-26SEP02-B78.5,"Will the minimum temperature be 78-79° on Sep 2, 2026?",paper,PASS,LOW,2,DRIFT,INTRADAY,0,Climate and Weather,0,0.105,0.11,0.005,,,,,35,D,0,1,1,0,1,0,0,0,,,,,1,0.068,NO,1,1.2381,,,,,,,,0.085,YES,0,,LOSS,1,0,0.0,0.0,2026-09-03T15:34:02.402992+00:00,1.05,,,,2026-09-03T06:00:00Z,687.63,555.12,KXLOWTHOU-26SEP02,KXLOWTHOU,https://kalshi.com/markets/kxlowthou/kxlowthou-26sep02
0e488d05,823c16cb,2026-09-02,2026-09-02T14:18:48.808395+00:00,KXLOWTDAL-26SEP02-B77.5,"Will the minimum temperature be 77-78° on Sep 2, 2026?",paper,PASS,LOW,2,DRIFT,INTRADAY,0,Climate and Weather,0,0.065,0.06,0.005,,,,,35,D,0,1,1,0,1,0,0,0,,,,,1,0.126,NO,1,1.3846,,,,,,,,0.125,YES,0,,LOSS,1,0,0.0,0.0,2026-09-03T15:34:02.777006+00:00,1.05,,,,2026-09-03T06:00:00Z,628.23,270.24,KXLOWTDAL-26SEP02,KXLOWTDAL,https://kalshi.com/markets/kxlowtdal/kxlowtdal-26sep02
917c95a5,823c16cb,2026-09-02,2026-09-02T14:18:48.833085+00:00,KXCONTCLAIMS-26SEP03-T1790,"Will U.S. seasonally adjusted continuing unemployment insurance claims for the week ending Aug 22, 2026 be at least 1790K?",paper,PASS,MED,1,HEURISTIC,INTRADAY,0,Economics,0,0.285,0.33,0.045,0.17,0.155,,0.5,55,B,1,0,0,0,1,0,0,0,,,employment data,YES,0,0.443,,1,0.3158,,,,,,,,,,0,,LOSS,1,0,0.0,0.0,2026-09-03T15:34:03.137631+00:00,1.05,,,,2026-09-03T12:29:00Z,50.0,50.0,KXCONTCLAIMS-26SEP03,KXCONTCLAIMS,https://kalshi.com/markets/kxcontclaims/kxcontclaims-26sep03
a88a5c0f,823c16cb,2026-09-02,2026-09-02T14:18:48.863358+00:00,KXLOWTLAX-26SEP02-B63.5,"Will the minimum temperature be 63-64° on Sep 2, 2026?",paper,PASS,LOW,2,DRIFT,INTRADAY,0,Climate and Weather,0,0.76,0.77,0.01,,,,,35,D,0,1,1,0,1,0,0,0,,,,,0,0.354,,1,0.4737,,,,,,,,-0.57,NO,0,,LOSS,1,0,0.0,0.0,2026-09-03T15:34:03.501619+00:00,1.05,,,,2026-09-03T08:00:00Z,1129.74,953.49,KXLOWTLAX-26SEP02,KXLOWTLAX,https://kalshi.com/markets/kxlowtlax/kxlowtlax-26sep02
4856ec3d,b4338263,2026-09-03,2026-09-03T16:04:28.799276+00:00,KXAPRPOTUS-26SEP04-40.4,Will the President's approval rating be between 40.3 and 40.5 according to RealClearPolitics?,paper,PASS,LOW,2,HEURISTIC,INTRADAY,0,Politics,0,0.07,0.06,-0.01,0.42,0.415,,0.5,45,C,1,0,0,0,1,0,0,1,YES,300.0,approval rating,YES,0,0.595,,1,0.2857,,,,,,,,,,0,,,0,,,,,,,,,2026-09-04T15:00:00Z,15359.88,10693.62,KXAPRPOTUS-26SEP04,KXAPRPOTUS,https://kalshi.com/markets/kxaprpotus/kxaprpotus-26sep04
56fca291,b4338263,2026-09-03,2026-09-03T16:04:28.849512+00:00,KXLOWTSFO-26SEP03-T59,"Will the minimum temperature be >59° on Sep 3, 2026?",paper,PASS,LOW,2,DRIFT,INTRADAY,0,Climate and Weather,0,0.66,0.72,0.06,,,,,35,D,0,1,1,0,1,0,0,0,,,,,1,0.132,NO,1,0.5152,,,,,,,,-0.47,NO,0,,,0,,,,,,,,,2026-09-04T08:00:00Z,1509.87,1346.54,KXLOWTSFO-26SEP03,KXLOWTSFO,https://kalshi.com/markets/kxlowtsfo/kxlowtsfo-26sep03
f083f0a0,b4338263,2026-09-03,2026-09-03T16:04:28.871994+00:00,KXLOWTLAX-26SEP03-B64.5,"Will the minimum temperature be 64-65° on Sep 3, 2026?",paper,PASS,LOW,2,DRIFT,INTRADAY,0,Climate and Weather,0,0.075,0.08,0.005,,,,,35,D,0,1,1,0,1,0,0,0,,,,,1,0.104,NO,1,1.2,,,,,,,,0.115,YES,0,,,0,,,,,,,,,2026-09-04T08:00:00Z,1105.71,658.86,KXLOWTLAX-26SEP03,KXLOWTLAX,https://kalshi.com/markets/kxlowtlax/kxlowtlax-26sep03
c4de01f1,b4338263,2026-09-03,2026-09-03T16:04:28.928494+00:00,KXLOWTPHX-26SEP03-B83.5,"Will the minimum temperature be 83-84° on Sep 3, 2026?",paper,PASS,LOW,2,DRIFT,INTRADAY,0,Climate and Weather,0,0.095,0.11,0.015,,,,,35,D,0,1,1,0,1,0,0,0,,,,,1,0.147,NO,1,0.9474,,,,,,,,0.095,YES,0,,,0,,,,,,,,,2026-09-04T07:00:00Z,1087.25,554.31,KXLOWTPHX-26SEP03,KXLOWTPHX,https://kalshi.com/markets/kxlowtphx/kxlowtphx-26sep03
d708e030,b4338263,2026-09-03,2026-09-03T16:04:28.963970+00:00,KXLOWTSEA-26SEP03-B53.5,"Will the minimum temperature be 53-54° on Sep 3, 2026?",paper,PASS,LOW,2,DRIFT,INTRADAY,0,Climate and Weather,0,0.76,0.85,0.09,,,,,35,D,0,1,1,0,1,0,0,0,,,,,1,0.118,NO,1,0.5,,,,,,,,-0.57,NO,0,,,0,,,,,,,,,2026-09-04T08:00:00Z,930.52,810.15,KXLOWTSEA-26SEP03,KXLOWTSEA,https://kalshi.com/markets/kxlowtsea/kxlowtsea-26sep03
62939152,b4338263,2026-09-03,2026-09-03T16:04:28.986242+00:00,KXVIDEOAI-26SEP04-GOOG,Top Text to Video AI this week?,paper,PASS,LOW,2,DRIFT,INTRADAY,0,Science and Technology,0,0.245,0.12,-0.125,,,,,35,D,0,1,1,0,1,0,0,0,,,,,0,0.5,,1,0.3673,,,,,,,,,,0,,,0,,,,,,,,,2026-09-04T14:00:00Z,347.65,247.65,KXVIDEOAI-26SEP04,KXVIDEOAI,https://kalshi.com/markets/kxvideoai/kxvideoai-26sep04
d53c4df8,b4338263,2026-09-03,2026-09-03T16:04:29.014196+00:00,KXFAOFPI-26SEP04-T132.0,Will the FAO Food Price Index for August 2026 be above 132.0?,paper,PASS,LOW,2,DRIFT,INTRADAY,0,Economics,0,0.53,0.35,-0.18,,,,,35,D,0,1,1,0,1,0,0,0,,,,,1,0.968,YES,1,0.8679,,,,,,,,,,0,,,0,,,,,,,,,2026-09-04T06:55:00Z,1729.61,1245.0,KXFAOFPI-26SEP04,KXFAOFPI,https://kalshi.com/markets/kxfaofpi/kxfaofpi-26sep04
5961bebb,b4338263,2026-09-03,2026-09-03T16:04:29.064203+00:00,KXNFLRETIRE-LJOHNSON65-2627,Will Lane Johnson announce his retirement before the 2026-27 NFL season?,paper,PASS,LOW,2,DRIFT,MONTHLY,2,Sports,0,0.145,0.05,-0.095,0.06,0.051,,0.3,46,C,1,1,0,0,0,0,0,1,NO,250.0,athlete retirement,YES,0,0.509,,1,1.3103,,,,,,,,0.705,YES,0,,,0,,,,,,,,,2026-09-30T03:59:00Z,2106.21,898.35,KXNFLRETIRE-LJOHNSON65,KXNFLRETIRE,https://kalshi.com/markets/kxnflretire/kxnflretire-ljohnson65
bd83ac90,b4338263,2026-09-03,2026-09-03T16:04:29.087169+00:00,KXNFLRETIRE-KCOUSINS8-2627,Will Kirk Cousins announce his retirement before the 2026-27 NFL season?,paper,PASS,LOW,2,HEURISTIC,MONTHLY,2,Sports,0,0.07,0.07,0.0,0.22,0.215,,0.3,55,B,1,0,0,0,0,0,0,1,,100.0,athlete retirement,YES,1,0.04,NO,1,0.2857,,,,,,,,0.26,YES,0,,,0,,,,,,,,,2026-09-30T03:59:00Z,531.16,301.16,KXNFLRETIRE-KCOUSINS8,KXNFLRETIRE,https://kalshi.com/markets/kxnflretire/kxnflretire-kcousins8
ee91b371,b4338263,2026-09-03,2026-09-03T16:04:29.193888+00:00,KXUSDJPY-26SEP0410-T155.000,"Will the USD/JPY open price be below 155.000 at Sep 4, 2026 at 10am EDT?",paper,NO,MED,1,DRIFT,INTRADAY,0,Financials,0,0.4,0.03,-0.37,,,3.53,,45,C,0,1,1,0,1,1,0,0,,,,,0,0.58,,1,0.5,,,,,0,,,,,0,,,0,,,,,,,,,2026-09-04T14:00:00Z,78.0,78.0,KXUSDJPY-26SEP0410,KXUSDJPY,https://kalshi.com/markets/kxusdjpy/kxusdjpy-26sep0410
